Datetime,Open,High,Low,Close,Adj Close,Volume
2022-08-02 07:00:00+07:00,3530.0,3540.0,3450.0,3450.0,3224.3251953125,6012800
2022-08-03 07:00:00+07:00,3470.0,3520.0,3470.0,3480.0,3252.36279296875,1235300
2022-08-04 07:00:00+07:00,3490.0,3510.0,3440.0,3450.0,3224.3251953125,6218300
2022-08-05 07:00:00+07:00,3450.0,3500.0,3440.0,3460.0,3233.6708984375,8067500
2022-08-08 07:00:00+07:00,3470.0,3490.0,3410.0,3420.0,3196.28759765625,8163800
2022-08-09 07:00:00+07:00,3430.0,3450.0,3410.0,3420.0,3196.28759765625,6581400
2022-08-10 07:00:00+07:00,3420.0,3450.0,3400.0,3450.0,3224.3251953125,6646100
2022-08-11 07:00:00+07:00,3460.0,3570.0,3450.0,3550.0,3317.783935546875,15329600
2022-08-12 07:00:00+07:00,3590.0,3590.0,3490.0,3490.0,3261.708740234375,8513700
2022-08-15 07:00:00+07:00,3520.0,3540.0,3450.0,3460.0,3233.6708984375,5873400
2022-08-16 07:00:00+07:00,3470.0,3510.0,3470.0,3500.0,3271.0546875,2918000
2022-08-18 07:00:00+07:00,3500.0,3530.0,3470.0,3500.0,3271.0546875,2907700
2022-08-19 07:00:00+07:00,3500.0,3530.0,3480.0,3500.0,3271.0546875,5002800
2022-08-22 07:00:00+07:00,3500.0,3520.0,3450.0,3500.0,3271.0546875,3800300
2022-08-23 07:00:00+07:00,3500.0,3540.0,3480.0,3490.0,3261.708740234375,3639400
2022-08-24 07:00:00+07:00,3490.0,3520.0,3460.0,3470.0,3243.016845703125,4890500
2022-08-25 07:00:00+07:00,3490.0,3500.0,3460.0,3480.0,3252.36279296875,3287700
2022-08-26 07:00:00+07:00,3520.0,3520.0,3450.0,3470.0,3243.016845703125,1891900
2022-08-29 07:00:00+07:00,3450.0,3470.0,3430.0,3450.0,3224.3251953125,2579300
2022-08-30 07:00:00+07:00,3480.0,3480.0,3440.0,3440.0,3214.9794921875,2552000
2022-08-31 07:00:00+07:00,3450.0,3460.0,3440.0,3440.0,3214.9794921875,2456000
2022-09-01 07:00:00+07:00,3440.0,3470.0,3420.0,3460.0,3233.6708984375,1703600
2022-09-02 07:00:00+07:00,3500.0,3500.0,3440.0,3450.0,3224.3251953125,2173700
2022-09-05 07:00:00+07:00,3450.0,3470.0,3420.0,3450.0,3224.3251953125,3666600
2022-09-06 07:00:00+07:00,3450.0,3470.0,3430.0,3470.0,3243.016845703125,2713700
2022-09-07 07:00:00+07:00,3470.0,3470.0,3390.0,3400.0,3177.595703125,13628400
2022-09-08 07:00:00+07:00,3400.0,3430.0,3400.0,3400.0,3177.595703125,3936000
2022-09-09 07:00:00+07:00,3450.0,3450.0,3370.0,3370.0,3149.558349609375,5357700
2022-09-12 07:00:00+07:00,3370.0,3400.0,3370.0,3390.0,3168.25,2651400
2022-09-13 07:00:00+07:00,3310.0,3450.0,3310.0,3430.0,3205.633544921875,6756800
2022-09-14 07:00:00+07:00,3430.0,3580.0,3400.0,3570.0,3336.4755859375,17077200
2022-09-15 07:00:00+07:00,3570.0,3600.0,3540.0,3550.0,3317.783935546875,11058100
2022-09-16 07:00:00+07:00,3600.0,3600.0,3450.0,3550.0,3317.783935546875,12186900
2022-09-19 07:00:00+07:00,3540.0,3550.0,3490.0,3530.0,3299.09228515625,3425100
2022-09-20 07:00:00+07:00,3540.0,3550.0,3490.0,3490.0,3261.708740234375,2565000
2022-09-21 07:00:00+07:00,3490.0,3540.0,3470.0,3540.0,3308.438232421875,4420900
2022-09-22 07:00:00+07:00,3540.0,3580.0,3500.0,3510.0,3280.400390625,4454100
2022-09-23 07:00:00+07:00,3550.0,3550.0,3500.0,3530.0,3299.09228515625,1769600
2022-09-26 07:00:00+07:00,3530.0,3530.0,3400.0,3440.0,3214.9794921875,9868600
2022-09-27 07:00:00+07:00,3440.0,3480.0,3410.0,3470.0,3243.016845703125,4819400
2022-09-28 07:00:00+07:00,3470.0,3470.0,3410.0,3410.0,3186.941650390625,3068600
2022-09-29 07:00:00+07:00,3410.0,3430.0,3350.0,3360.0,3140.21240234375,6728600
2022-09-30 07:00:00+07:00,3330.0,3380.0,3240.0,3240.0,3028.061767578125,15911500
2022-10-03 07:00:00+07:00,3260.0,3290.0,3240.0,3260.0,3046.753662109375,3219400
2022-10-04 07:00:00+07:00,3320.0,3330.0,3220.0,3240.0,3028.061767578125,10217600
2022-10-05 07:00:00+07:00,3230.0,3270.0,3230.0,3240.0,3028.061767578125,2867500
2022-10-06 07:00:00+07:00,3260.0,3300.0,3250.0,3300.0,3084.136962890625,3776300
2022-10-07 07:00:00+07:00,3330.0,3330.0,3260.0,3290.0,3074.791015625,4082000
2022-10-10 07:00:00+07:00,3290.0,3350.0,3270.0,3300.0,3084.136962890625,6523700
2022-10-11 07:00:00+07:00,3300.0,3320.0,3270.0,3280.0,3065.445556640625,4863200
2022-10-12 07:00:00+07:00,3290.0,3300.0,3250.0,3260.0,3046.753662109375,2764200
2022-10-13 07:00:00+07:00,3270.0,3300.0,3260.0,3280.0,3065.445556640625,5203000
2022-10-14 07:00:00+07:00,3300.0,3300.0,3270.0,3290.0,3074.791015625,2355000
2022-10-17 07:00:00+07:00,3290.0,3290.0,3250.0,3270.0,3056.099609375,2797000
2022-10-18 07:00:00+07:00,3270.0,3370.0,3250.0,3360.0,3140.21240234375,7054500
2022-10-19 07:00:00+07:00,3360.0,3430.0,3340.0,3420.0,3196.28759765625,6972400
2022-10-20 07:00:00+07:00,3430.0,3440.0,3380.0,3390.0,3168.25,2833100
2022-10-21 07:00:00+07:00,3440.0,3500.0,3380.0,3470.0,3243.016845703125,7985100
2022-10-24 07:00:00+07:00,3470.0,3480.0,3420.0,3430.0,3205.633544921875,3492900
2022-10-25 07:00:00+07:00,3450.0,3460.0,3370.0,3420.0,3196.28759765625,4493200
2022-10-26 07:00:00+07:00,3430.0,3480.0,3420.0,3480.0,3252.36279296875,4399000
2022-10-27 07:00:00+07:00,3480.0,3490.0,3410.0,3440.0,3214.9794921875,4809900
2022-10-28 07:00:00+07:00,3450.0,3450.0,3380.0,3390.0,3168.25,3254500
2022-10-31 07:00:00+07:00,3390.0,3480.0,3380.0,3410.0,3186.941650390625,7509400
2022-11-01 07:00:00+07:00,3410.0,3420.0,3350.0,3400.0,3177.595703125,5908200
2022-11-02 07:00:00+07:00,3400.0,3400.0,3310.0,3330.0,3112.175048828125,7814200
2022-11-03 07:00:00+07:00,3330.0,3340.0,3300.0,3330.0,3112.175048828125,3675500
2022-11-04 07:00:00+07:00,3370.0,3370.0,3280.0,3330.0,3112.175048828125,3917500
2022-11-07 07:00:00+07:00,3330.0,3340.0,3290.0,3300.0,3084.136962890625,3021000
2022-11-08 07:00:00+07:00,3320.0,3350.0,3300.0,3300.0,3084.136962890625,4661000
2022-11-09 07:00:00+07:00,3320.0,3330.0,3290.0,3300.0,3084.136962890625,2924600
2022-11-10 07:00:00+07:00,3310.0,3330.0,3300.0,3330.0,3112.175048828125,2078500
2022-11-11 07:00:00+07:00,3370.0,3370.0,3300.0,3330.0,3112.175048828125,5509100
2022-11-14 07:00:00+07:00,3330.0,3330.0,3290.0,3310.0,3093.483154296875,2763200
2022-11-15 07:00:00+07:00,3310.0,3320.0,3270.0,3280.0,3065.445556640625,4348400
2022-11-16 07:00:00+07:00,3280.0,3310.0,3250.0,3270.0,3056.099609375,2951400
2022-11-17 07:00:00+07:00,3270.0,3280.0,3260.0,3260.0,3046.753662109375,2950200
2022-11-18 07:00:00+07:00,3260.0,3310.0,3260.0,3260.0,3046.753662109375,2238000
2022-11-21 07:00:00+07:00,3270.0,3300.0,3260.0,3270.0,3056.099609375,1972300
2022-11-22 07:00:00+07:00,3280.0,3300.0,3270.0,3270.0,3056.099609375,1468100
2022-11-23 07:00:00+07:00,3280.0,3300.0,3220.0,3220.0,3009.370361328125,8637300
2022-11-24 07:00:00+07:00,3220.0,3250.0,3220.0,3220.0,3009.370361328125,4626600
2022-11-25 07:00:00+07:00,3250.0,3270.0,3230.0,3250.0,3037.40771484375,3524300
2022-11-28 07:00:00+07:00,3250.0,3260.0,3220.0,3220.0,3009.370361328125,3964800
2022-11-29 07:00:00+07:00,3220.0,3240.0,3190.0,3190.0,2981.33251953125,7812300
2022-11-30 07:00:00+07:00,3190.0,3200.0,3090.0,3110.0,2906.565673828125,11659500
2022-12-01 07:00:00+07:00,3110.0,3130.0,3080.0,3100.0,2897.2197265625,7413900
2022-12-02 07:00:00+07:00,3100.0,3110.0,3000.0,3020.0,2822.452880859375,12852300
2022-12-05 07:00:00+07:00,3030.0,3060.0,3010.0,3010.0,2813.10693359375,7170000
2022-12-06 07:00:00+07:00,3010.0,3020.0,2820.0,2840.0,2654.22705078125,14015700
2022-12-07 07:00:00+07:00,2840.0,2890.0,2770.0,2880.0,2691.610595703125,9688400
2022-12-08 07:00:00+07:00,2880.0,2940.0,2840.0,2880.0,2691.610595703125,8055800
2022-12-09 07:00:00+07:00,2930.0,2930.0,2860.0,2900.0,2710.30224609375,5309200
2022-12-12 07:00:00+07:00,2910.0,2920.0,2860.0,2880.0,2691.610595703125,5905200
2022-12-13 07:00:00+07:00,2900.0,2930.0,2890.0,2910.0,2719.648193359375,5191500
2022-12-14 07:00:00+07:00,2950.0,3010.0,2950.0,2990.0,2794.415283203125,5985400
2022-12-15 07:00:00+07:00,2990.0,3060.0,2990.0,3040.0,2841.14453125,4091100
2022-12-16 07:00:00+07:00,3050.0,3050.0,2960.0,2960.0,2766.377685546875,3969200
2022-12-19 07:00:00+07:00,3000.0,3000.0,2970.0,2990.0,2794.415283203125,1735600
2022-12-20 07:00:00+07:00,2990.0,3000.0,2950.0,2970.0,2775.723388671875,736400
2022-12-21 07:00:00+07:00,2970.0,2990.0,2950.0,2960.0,2766.377685546875,1660900
2022-12-22 07:00:00+07:00,2950.0,2980.0,2940.0,2960.0,2766.377685546875,1845500
2022-12-23 07:00:00+07:00,3000.0,3000.0,2950.0,2980.0,2785.0693359375,1658800
2022-12-26 07:00:00+07:00,2980.0,3010.0,2970.0,2990.0,2794.415283203125,1523100
2022-12-27 07:00:00+07:00,2990.0,3030.0,2990.0,3000.0,2803.76123046875,2337500
2022-12-28 07:00:00+07:00,3010.0,3010.0,2960.0,2990.0,2794.415283203125,1328900
2022-12-29 07:00:00+07:00,2990.0,3000.0,2960.0,2980.0,2785.0693359375,569100
2022-12-30 07:00:00+07:00,2980.0,3000.0,2960.0,2980.0,2785.0693359375,778900
2023-01-02 07:00:00+07:00,2980.0,3110.0,2980.0,3110.0,2906.565673828125,2778400
2023-01-03 07:00:00+07:00,3110.0,3190.0,3050.0,3170.0,2962.64111328125,11184800
2023-01-04 07:00:00+07:00,3180.0,3190.0,3090.0,3120.0,2915.91162109375,4556100
2023-01-05 07:00:00+07:00,3120.0,3120.0,3010.0,3070.0,2869.18212890625,4572700
2023-01-06 07:00:00+07:00,3070.0,3080.0,3030.0,3050.0,2850.490478515625,2059800
2023-01-09 07:00:00+07:00,3070.0,3180.0,3060.0,3160.0,2953.295166015625,7131800
2023-01-10 07:00:00+07:00,3160.0,3180.0,3110.0,3170.0,2962.64111328125,4310000
2023-01-11 07:00:00+07:00,3180.0,3190.0,3130.0,3190.0,2981.33251953125,3655000
2023-01-12 07:00:00+07:00,3190.0,3190.0,3140.0,3170.0,2962.64111328125,2179100
2023-01-13 07:00:00+07:00,3200.0,3200.0,3130.0,3170.0,2962.64111328125,1456400
2023-01-16 07:00:00+07:00,3170.0,3180.0,3130.0,3170.0,2962.64111328125,1181100
2023-01-17 07:00:00+07:00,3170.0,3190.0,3140.0,3160.0,2953.295166015625,1730200
2023-01-18 07:00:00+07:00,3160.0,3180.0,3150.0,3170.0,2962.64111328125,1457300
2023-01-19 07:00:00+07:00,3170.0,3200.0,3150.0,3170.0,2962.64111328125,1739900
2023-01-20 07:00:00+07:00,3200.0,3200.0,3160.0,3170.0,2962.64111328125,981900
2023-01-24 07:00:00+07:00,3180.0,3180.0,3080.0,3090.0,2887.873779296875,4935400
2023-01-25 07:00:00+07:00,3100.0,3120.0,3070.0,3090.0,2887.873779296875,2702400
2023-01-26 07:00:00+07:00,3090.0,3150.0,3090.0,3140.0,2934.603271484375,1894300
2023-01-27 07:00:00+07:00,3190.0,3190.0,3130.0,3150.0,2943.94921875,1750700
2023-01-30 07:00:00+07:00,3140.0,3170.0,3110.0,3150.0,2943.94921875,1665700
2023-01-31 07:00:00+07:00,3200.0,3230.0,3120.0,3160.0,2953.295166015625,5800600
2023-02-01 07:00:00+07:00,3160.0,3340.0,3160.0,3340.0,3121.5205078125,20739300
2023-02-02 07:00:00+07:00,3340.0,3360.0,3300.0,3330.0,3112.175048828125,3731900
2023-02-03 07:00:00+07:00,3370.0,3480.0,3320.0,3450.0,3224.3251953125,15741600
2023-02-06 07:00:00+07:00,3450.0,3460.0,3370.0,3370.0,3149.558349609375,4409400
2023-02-07 07:00:00+07:00,3370.0,3450.0,3370.0,3440.0,3214.9794921875,5870500
2023-02-08 07:00:00+07:00,3440.0,3440.0,3390.0,3400.0,3177.595703125,3402200
2023-02-09 07:00:00+07:00,3410.0,3420.0,3330.0,3340.0,3121.5205078125,2804500
2023-02-10 07:00:00+07:00,3380.0,3430.0,3340.0,3420.0,3196.28759765625,6616400
2023-02-13 07:00:00+07:00,3430.0,3430.0,3370.0,3400.0,3177.595703125,2730200
2023-02-14 07:00:00+07:00,3410.0,3420.0,3380.0,3420.0,3196.28759765625,1071400
2023-02-15 07:00:00+07:00,3420.0,3450.0,3380.0,3410.0,3186.941650390625,3136000
2023-02-16 07:00:00+07:00,3420.0,3530.0,3390.0,3530.0,3299.09228515625,14160400
2023-02-17 07:00:00+07:00,3550.0,3550.0,3500.0,3540.0,3308.438232421875,6021800
2023-02-20 07:00:00+07:00,3540.0,3570.0,3500.0,3540.0,3308.438232421875,4707200
2023-02-21 07:00:00+07:00,3550.0,3550.0,3500.0,3510.0,3280.400390625,3973000
2023-02-22 07:00:00+07:00,3510.0,3510.0,3420.0,3460.0,3233.6708984375,6645100
2023-02-23 07:00:00+07:00,3460.0,3520.0,3440.0,3470.0,3243.016845703125,2265600
2023-02-24 07:00:00+07:00,3520.0,3520.0,3440.0,3450.0,3224.3251953125,1987200
2023-02-27 07:00:00+07:00,3460.0,3460.0,3300.0,3310.0,3093.483154296875,8198500
2023-02-28 07:00:00+07:00,3320.0,3400.0,3250.0,3250.0,3037.40771484375,4744900
2023-03-01 07:00:00+07:00,3300.0,3330.0,3250.0,3250.0,3037.40771484375,3020700
2023-03-02 07:00:00+07:00,3250.0,3300.0,3210.0,3250.0,3037.40771484375,7267000
2023-03-03 07:00:00+07:00,3340.0,3400.0,3310.0,3340.0,3121.5205078125,12603900
2023-03-06 07:00:00+07:00,3340.0,3370.0,3270.0,3290.0,3074.791015625,5263600
2023-03-07 07:00:00+07:00,3290.0,3330.0,3240.0,3240.0,3028.061767578125,4476900
2023-03-08 07:00:00+07:00,3250.0,3280.0,3220.0,3270.0,3056.099609375,2791100
2023-03-09 07:00:00+07:00,3270.0,3320.0,3250.0,3250.0,3037.40771484375,2881500
2023-03-10 07:00:00+07:00,3300.0,3300.0,3210.0,3280.0,3065.445556640625,3550300
2023-03-13 07:00:00+07:00,3280.0,3280.0,3200.0,3220.0,3009.370361328125,4369800
2023-03-14 07:00:00+07:00,3180.0,3190.0,3090.0,3170.0,2962.64111328125,5588600
2023-03-15 07:00:00+07:00,3170.0,3180.0,3060.0,3060.0,2859.836181640625,4201700
2023-03-16 07:00:00+07:00,3070.0,3130.0,3030.0,3070.0,2869.18212890625,2356700
2023-03-17 07:00:00+07:00,3100.0,3150.0,3080.0,3150.0,2943.94921875,2243700
2023-03-20 07:00:00+07:00,3150.0,3160.0,3090.0,3140.0,2934.603271484375,1575200
2023-03-21 07:00:00+07:00,3160.0,3190.0,3120.0,3170.0,2962.64111328125,1434600
2023-03-24 07:00:00+07:00,3170.0,3220.0,3170.0,3170.0,2962.64111328125,2593800
2023-03-27 07:00:00+07:00,3170.0,3210.0,3150.0,3170.0,2962.64111328125,1413700
2023-03-28 07:00:00+07:00,3190.0,3190.0,3150.0,3160.0,2953.295166015625,1880700
2023-03-29 07:00:00+07:00,3160.0,3250.0,3150.0,3230.0,3018.716064453125,3135600
2023-03-30 07:00:00+07:00,3230.0,3250.0,3190.0,3210.0,3000.0244140625,3625100
2023-03-31 07:00:00+07:00,3260.0,3260.0,3200.0,3220.0,3009.370361328125,2224800
2023-04-03 07:00:00+07:00,3260.0,3290.0,3220.0,3280.0,3065.445556640625,2626200
2023-04-04 07:00:00+07:00,3280.0,3300.0,3230.0,3290.0,3074.791015625,2429400
2023-04-05 07:00:00+07:00,3290.0,3370.0,3260.0,3330.0,3112.175048828125,5802500
2023-04-06 07:00:00+07:00,3370.0,3380.0,3320.0,3380.0,3158.904296875,3891400
2023-04-10 07:00:00+07:00,3430.0,3430.0,3350.0,3410.0,3186.941650390625,5353000
2023-04-11 07:00:00+07:00,3410.0,3420.0,3370.0,3390.0,3168.25,2970100
2023-04-12 07:00:00+07:00,3370.0,3400.0,3310.0,3310.0,3093.483154296875,3725000
2023-04-13 07:00:00+07:00,3320.0,3380.0,3300.0,3300.0,3084.136962890625,2328600
2023-04-14 07:00:00+07:00,3350.0,3420.0,3320.0,3390.0,3168.25,9502600
2023-04-17 07:00:00+07:00,3390.0,3430.0,3240.0,3290.0,3074.791015625,5933300
2023-04-18 07:00:00+07:00,3300.0,3320.0,3220.0,3230.0,3018.716064453125,6612200
2023-04-26 07:00:00+07:00,3280.0,3280.0,3160.0,3250.0,3037.40771484375,7754700
2023-04-27 07:00:00+07:00,3240.0,3270.0,3190.0,3230.0,3018.716064453125,3543800
2023-04-28 07:00:00+07:00,3280.0,3290.0,3220.0,3290.0,3074.791015625,2666500
2023-05-02 07:00:00+07:00,3310.0,3340.0,3260.0,3340.0,3121.5205078125,4118900
2023-05-03 07:00:00+07:00,3340.0,3340.0,3280.0,3330.0,3112.175048828125,2893400
2023-05-04 07:00:00+07:00,3320.0,3340.0,3300.0,3330.0,3112.175048828125,1601300
2023-05-05 07:00:00+07:00,3350.0,3360.0,3270.0,3320.0,3102.8291015625,2887900
2023-05-08 07:00:00+07:00,3320.0,3340.0,3290.0,3330.0,3112.175048828125,1603900
2023-05-09 07:00:00+07:00,3330.0,3510.0,3310.0,3500.0,3271.0546875,16003300
2023-05-10 07:00:00+07:00,3520.0,3520.0,3450.0,3460.0,3233.6708984375,3409800
2023-05-11 07:00:00+07:00,3460.0,3500.0,3440.0,3480.0,3252.36279296875,4950800
2023-05-12 07:00:00+07:00,3520.0,3520.0,3450.0,3470.0,3243.016845703125,3438500
2023-05-15 07:00:00+07:00,3500.0,3500.0,3320.0,3370.0,3149.558349609375,3739600
2023-05-16 07:00:00+07:00,3370.0,3480.0,3370.0,3450.0,3224.3251953125,4707100
2023-05-17 07:00:00+07:00,3460.0,3590.0,3430.0,3510.0,3280.400390625,14866800
2023-05-19 07:00:00+07:00,3600.0,3600.0,3460.0,3500.0,3271.0546875,6336000
2023-05-22 07:00:00+07:00,3360.0,3550.0,3300.0,3480.0,3324.255859375,6080400
2023-05-23 07:00:00+07:00,3480.0,3520.0,3420.0,3460.0,3305.15087890625,5234100
2023-05-24 07:00:00+07:00,3460.0,3540.0,3460.0,3530.0,3372.018310546875,8494600
2023-05-25 07:00:00+07:00,3530.0,3540.0,3470.0,3500.0,3343.361083984375,1835900
2023-05-26 07:00:00+07:00,3520.0,3520.0,3460.0,3490.0,3333.808349609375,1485000
2023-05-29 07:00:00+07:00,3490.0,3510.0,3390.0,3420.0,3266.941162109375,2176200
2023-05-30 07:00:00+07:00,3420.0,3440.0,3360.0,3360.0,3209.62646484375,3543800
2023-05-31 07:00:00+07:00,3360.0,3390.0,3330.0,3330.0,3180.96923828125,3377300
2023-06-05 07:00:00+07:00,3380.0,3380.0,3330.0,3350.0,3200.073974609375,4457500
2023-06-06 07:00:00+07:00,3370.0,3430.0,3350.0,3400.0,3247.836181640625,2896900
2023-06-07 07:00:00+07:00,3430.0,3510.0,3410.0,3510.0,3352.913330078125,5032200
2023-06-08 07:00:00+07:00,3510.0,3630.0,3490.0,3620.0,3457.990234375,14773700
2023-06-09 07:00:00+07:00,3670.0,3780.0,3620.0,3770.0,3601.27734375,18473600
2023-06-12 07:00:00+07:00,3770.0,3780.0,3670.0,3770.0,3601.27734375,4078800
2023-06-13 07:00:00+07:00,3770.0,3890.0,3710.0,3850.0,3677.69677734375,13856000
2023-06-14 07:00:00+07:00,3850.0,3960.0,3830.0,3900.0,3725.459228515625,14790300
2023-06-15 07:00:00+07:00,3900.0,3950.0,3890.0,3910.0,3735.01171875,3380000
2023-06-16 07:00:00+07:00,3910.0,3940.0,3780.0,3940.0,3763.669189453125,5988400
2023-06-19 07:00:00+07:00,3940.0,3940.0,3810.0,3840.0,3668.14453125,2221500
2023-06-20 07:00:00+07:00,3900.0,3900.0,3630.0,3690.0,3524.857666015625,12647400
2023-06-21 07:00:00+07:00,3690.0,3720.0,3630.0,3690.0,3524.857666015625,5616300
2023-06-22 07:00:00+07:00,3690.0,3720.0,3650.0,3680.0,3515.30517578125,3721400
2023-06-23 07:00:00+07:00,3680.0,3680.0,3630.0,3640.0,3477.09521484375,2599200
2023-06-26 07:00:00+07:00,3640.0,3760.0,3630.0,3720.0,3553.51513671875,5903000
2023-06-27 07:00:00+07:00,3720.0,3840.0,3720.0,3800.0,3629.9345703125,9793600
2023-07-03 07:00:00+07:00,3820.0,3880.0,3740.0,3810.0,3639.487060546875,4915700
2023-07-04 07:00:00+07:00,3820.0,3870.0,3760.0,3830.0,3658.592041015625,6498800
2023-07-05 07:00:00+07:00,3830.0,3940.0,3810.0,3940.0,3763.669189453125,11844300
2023-07-06 07:00:00+07:00,3930.0,3990.0,3880.0,3980.0,3801.87890625,9723400
2023-07-07 07:00:00+07:00,3940.0,3980.0,3880.0,3940.0,3763.669189453125,5767100
2023-07-10 07:00:00+07:00,3940.0,3950.0,3860.0,3860.0,3687.249267578125,6361200
2023-07-11 07:00:00+07:00,3860.0,3930.0,3850.0,3900.0,3725.459228515625,8501100
2023-07-12 07:00:00+07:00,3940.0,3940.0,3820.0,3840.0,3668.14453125,7280300
2023-07-13 07:00:00+07:00,3840.0,3910.0,3740.0,3780.0,3610.829833984375,14301900
2023-07-14 07:00:00+07:00,3800.0,3970.0,3780.0,3890.0,3715.906982421875,9801200
2023-07-17 07:00:00+07:00,3900.0,3930.0,3810.0,3810.0,3639.487060546875,4496300
2023-07-18 07:00:00+07:00,3850.0,3850.0,3750.0,3820.0,3649.03955078125,6770000
2023-07-20 07:00:00+07:00,3820.0,3880.0,3760.0,3820.0,3649.03955078125,5441100
2023-07-21 07:00:00+07:00,3840.0,3910.0,3820.0,3910.0,3735.01171875,5130800
2023-07-24 07:00:00+07:00,3910.0,3910.0,3840.0,3840.0,3668.14453125,2596700
2023-07-25 07:00:00+07:00,3850.0,3880.0,3810.0,3860.0,3687.249267578125,5537800
2023-07-26 07:00:00+07:00,3860.0,3870.0,3800.0,3820.0,3649.03955078125,3656600
2023-07-27 07:00:00+07:00,3820.0,3870.0,3750.0,3750.0,3582.17236328125,2860900
2023-07-28 07:00:00+07:00,3750.0,3830.0,3740.0,3830.0,3658.592041015625,2664600
2023-07-31 07:00:00+07:00,3830.0,3920.0,3830.0,3870.0,3696.8017578125,10840900
2023-08-01 07:00:00+07:00,3870.0,3880.0,3800.0,3850.0,3677.69677734375,2053700
2023-08-02 07:00:00+07:00,3840.0,3870.0,3750.0,3800.0,3629.9345703125,5816700
2023-08-03 07:00:00+07:00,3800.0,3850.0,3780.0,3810.0,3639.487060546875,3929900
2023-08-04 07:00:00+07:00,3810.0,3860.0,3740.0,3750.0,3582.17236328125,3852600
2023-08-07 07:00:00+07:00,3750.0,3780.0,3710.0,3710.0,3543.962646484375,2837100
2023-08-08 07:00:00+07:00,3710.0,3750.0,3700.0,3730.0,3563.067626953125,2765200
2023-08-09 07:00:00+07:00,3730.0,3740.0,3650.0,3650.0,3486.647705078125,3372000
2023-08-10 07:00:00+07:00,3650.0,3720.0,3650.0,3720.0,3553.51513671875,3327100
2023-08-11 07:00:00+07:00,3770.0,3770.0,3670.0,3740.0,3572.619873046875,1715600
2023-08-14 07:00:00+07:00,3750.0,3750.0,3650.0,3750.0,3582.17236328125,4965300
2023-08-15 07:00:00+07:00,3740.0,3750.0,3650.0,3670.0,3505.752685546875,6360900
2023-08-16 07:00:00+07:00,3660.0,3680.0,3650.0,3680.0,3515.30517578125,2106100
2023-08-18 07:00:00+07:00,3720.0,3720.0,3670.0,3700.0,3534.41015625,1825900
2023-08-21 07:00:00+07:00,3700.0,3700.0,3630.0,3630.0,3467.542724609375,2400100
2023-08-22 07:00:00+07:00,3640.0,3660.0,3600.0,3610.0,3448.43798828125,2179100
2023-08-23 07:00:00+07:00,3610.0,3630.0,3600.0,3600.0,3438.885498046875,1989000
2023-08-24 07:00:00+07:00,3600.0,3690.0,3560.0,3560.0,3400.67578125,8670600
2023-08-25 07:00:00+07:00,3610.0,3660.0,3560.0,3650.0,3486.647705078125,7754800
2023-08-28 07:00:00+07:00,3670.0,3700.0,3650.0,3690.0,3524.857666015625,3168800
2023-08-29 07:00:00+07:00,3690.0,4050.0,3690.0,4010.0,3830.536376953125,44074000
2023-08-30 07:00:00+07:00,4050.0,4460.0,4010.0,4410.0,4212.634765625,64769600
2023-08-31 07:00:00+07:00,4450.0,4460.0,4270.0,4300.0,4107.5576171875,31168900
2023-09-01 07:00:00+07:00,4350.0,4430.0,4270.0,4410.0,4212.634765625,15065700
2023-09-04 07:00:00+07:00,4410.0,4450.0,4290.0,4370.0,4174.4248046875,14861600
2023-09-05 07:00:00+07:00,4380.0,4520.0,4370.0,4460.0,4260.39697265625,20158900
2023-09-06 07:00:00+07:00,4460.0,4470.0,4360.0,4410.0,4212.634765625,19761800
2023-09-07 07:00:00+07:00,4460.0,4660.0,4380.0,4430.0,4231.73974609375,23043000
2023-09-08 07:00:00+07:00,4480.0,4480.0,4330.0,4400.0,4203.08251953125,14614900
2023-09-11 07:00:00+07:00,4400.0,4540.0,4370.0,4510.0,4308.1591796875,17630800
2023-09-12 07:00:00+07:00,4510.0,4510.0,4400.0,4480.0,4279.501953125,3934100
2023-09-13 07:00:00+07:00,4480.0,4500.0,4410.0,4500.0,4298.60693359375,8173900
2023-09-14 07:00:00+07:00,4500.0,4500.0,4390.0,4450.0,4250.84423828125,9283800
2023-09-15 07:00:00+07:00,4500.0,4500.0,4340.0,4440.0,4241.2919921875,11597800
2023-09-18 07:00:00+07:00,4430.0,4450.0,4380.0,4430.0,4231.73974609375,5425800
2023-09-19 07:00:00+07:00,4420.0,4470.0,4390.0,4440.0,4241.2919921875,6683800
2023-09-20 07:00:00+07:00,4430.0,4450.0,4360.0,4400.0,4203.08251953125,3791500
2023-09-21 07:00:00+07:00,4400.0,4430.0,4360.0,4400.0,4203.08251953125,4908800
2023-09-22 07:00:00+07:00,4410.0,4410.0,4310.0,4350.0,4155.31982421875,6610000
2023-09-25 07:00:00+07:00,4360.0,4390.0,4310.0,4320.0,4126.66259765625,4055800
2023-09-26 07:00:00+07:00,4350.0,4370.0,4320.0,4340.0,4145.767578125,6576600
2023-09-27 07:00:00+07:00,4370.0,4440.0,4340.0,4350.0,4155.31982421875,6250200
2023-09-29 07:00:00+07:00,4400.0,4400.0,4200.0,4290.0,4098.00537109375,7921300
2023-10-02 07:00:00+07:00,4370.0,4370.0,4260.0,4280.0,4088.452880859375,2489100
2023-10-03 07:00:00+07:00,4280.0,4280.0,4050.0,4100.0,3916.508544921875,8245400
2023-10-04 07:00:00+07:00,4100.0,4100.0,3980.0,4090.0,3906.9560546875,11400800
2023-10-05 07:00:00+07:00,4080.0,4230.0,4070.0,4220.0,4031.1376953125,5936300
2023-10-06 07:00:00+07:00,4270.0,4270.0,4120.0,4140.0,3954.71826171875,4140300
2023-10-09 07:00:00+07:00,4140.0,4320.0,4130.0,4310.0,4117.1103515625,8048300
2023-10-10 07:00:00+07:00,4310.0,4430.0,4310.0,4400.0,4203.08251953125,11680300
2023-10-11 07:00:00+07:00,4400.0,4540.0,4370.0,4420.0,4222.1875,10515600
2023-10-12 07:00:00+07:00,4420.0,4570.0,4400.0,4540.0,4336.81689453125,9658700
2023-10-13 07:00:00+07:00,4590.0,4590.0,4520.0,4560.0,4355.92138671875,4688500
2023-10-16 07:00:00+07:00,4570.0,4600.0,4450.0,4500.0,4298.60693359375,9533700
2023-10-17 07:00:00+07:00,4500.0,4790.0,4500.0,4730.0,4518.3134765625,13660800
2023-10-18 07:00:00+07:00,4730.0,4800.0,4450.0,4600.0,4394.13134765625,14084000
2023-10-19 07:00:00+07:00,4600.0,4600.0,4380.0,4400.0,4203.08251953125,4826600
2023-10-20 07:00:00+07:00,4400.0,4520.0,4400.0,4460.0,4260.39697265625,7284700
2023-10-23 07:00:00+07:00,4470.0,4500.0,4160.0,4210.0,4021.585205078125,9233700
2023-10-24 07:00:00+07:00,4210.0,4320.0,4160.0,4300.0,4107.5576171875,4424500
2023-10-25 07:00:00+07:00,4300.0,4440.0,4290.0,4380.0,4183.9775390625,4933300
2023-10-26 07:00:00+07:00,4380.0,4390.0,4240.0,4250.0,4059.79541015625,3141300
2023-10-27 07:00:00+07:00,4300.0,4400.0,4230.0,4250.0,4059.79541015625,4057100
2023-10-30 07:00:00+07:00,4250.0,4300.0,4000.0,4160.0,3973.8232421875,6308000
2023-10-31 07:00:00+07:00,4160.0,4260.0,4060.0,4260.0,4069.347900390625,4662100
2023-11-01 07:00:00+07:00,4260.0,4270.0,4150.0,4170.0,3983.375732421875,4156100
2023-11-02 07:00:00+07:00,4230.0,4400.0,4150.0,4290.0,4098.00537109375,13694400
2023-11-03 07:00:00+07:00,4350.0,4540.0,4310.0,4360.0,4164.87255859375,10852000
2023-11-06 07:00:00+07:00,4400.0,4530.0,4400.0,4450.0,4250.84423828125,9717100
2023-11-07 07:00:00+07:00,4450.0,4630.0,4340.0,4420.0,4222.1875,12452900
2023-11-08 07:00:00+07:00,4420.0,4440.0,4290.0,4410.0,4212.634765625,7259000
2023-11-09 07:00:00+07:00,4420.0,4530.0,4420.0,4470.0,4269.94921875,2855100
2023-11-10 07:00:00+07:00,4520.0,4520.0,4340.0,4350.0,4155.31982421875,2316000
2023-11-13 07:00:00+07:00,4370.0,4450.0,4360.0,4420.0,4222.1875,3750500
2023-11-14 07:00:00+07:00,4420.0,4550.0,4420.0,4550.0,4346.369140625,2996100
2023-11-15 07:00:00+07:00,4570.0,4790.0,4550.0,4720.0,4508.7607421875,14020500
2023-11-16 07:00:00+07:00,4720.0,4750.0,4550.0,4750.0,4537.41845703125,8440600
2023-11-17 07:00:00+07:00,4800.0,4800.0,4660.0,4700.0,4489.65576171875,4525900
2023-11-20 07:00:00+07:00,4700.0,4720.0,4620.0,4660.0,4451.44580078125,1913900
2023-11-21 07:00:00+07:00,4680.0,4720.0,4640.0,4680.0,4470.55078125,1820600
2023-11-22 07:00:00+07:00,4680.0,4680.0,4450.0,4500.0,4298.60693359375,12512900
2023-11-23 07:00:00+07:00,4500.0,4620.0,4480.0,4570.0,4365.47412109375,4277000
2023-11-24 07:00:00+07:00,4620.0,4620.0,4390.0,4570.0,4365.47412109375,3586800
2023-11-27 07:00:00+07:00,4570.0,4630.0,4530.0,4560.0,4355.92138671875,9682700
2023-11-28 07:00:00+07:00,4560.0,4720.0,4560.0,4670.0,4460.99853515625,4010900
2023-11-29 07:00:00+07:00,4670.0,4700.0,4540.0,4570.0,4365.47412109375,2803600
2023-11-30 07:00:00+07:00,4580.0,4800.0,4540.0,4650.0,4441.89404296875,19495100
2023-12-01 07:00:00+07:00,4700.0,4900.0,4600.0,4720.0,4508.7607421875,18359700
2023-12-04 07:00:00+07:00,4800.0,4800.0,4670.0,4670.0,4460.99853515625,7180300
2023-12-05 07:00:00+07:00,4710.0,4860.0,4670.0,4840.0,4623.390625,8303000
2023-12-06 07:00:00+07:00,4850.0,4980.0,4850.0,4940.0,4718.9150390625,12013300
2023-12-07 07:00:00+07:00,4940.0,4950.0,4780.0,4800.0,4585.1806640625,4670400
2023-12-08 07:00:00+07:00,4850.0,4860.0,4730.0,4850.0,4632.94287109375,4011700
2023-12-11 07:00:00+07:00,4800.0,4870.0,4770.0,4800.0,4585.1806640625,5336800
2023-12-12 07:00:00+07:00,4840.0,4950.0,4810.0,4910.0,4690.2578125,6712200
2023-12-13 07:00:00+07:00,4920.0,4920.0,4640.0,4680.0,4470.55078125,10482300
2023-12-14 07:00:00+07:00,4710.0,4830.0,4690.0,4800.0,4585.1806640625,8042100
2023-12-15 07:00:00+07:00,4840.0,4920.0,4770.0,4820.0,4604.28564453125,9341600
2023-12-18 07:00:00+07:00,4820.0,4820.0,4750.0,4780.0,4566.07568359375,3978500
2023-12-19 07:00:00+07:00,4790.0,4890.0,4790.0,4880.0,4661.6005859375,3479500
2023-12-20 07:00:00+07:00,4880.0,4890.0,4800.0,4800.0,4585.1806640625,1593400
2023-12-21 07:00:00+07:00,4800.0,4830.0,4720.0,4760.0,4546.97119140625,2105000
2023-12-22 07:00:00+07:00,4770.0,4800.0,4730.0,4790.0,4575.6279296875,1348900
2023-12-27 07:00:00+07:00,4790.0,4820.0,4740.0,4760.0,4546.97119140625,1445600
2023-12-28 07:00:00+07:00,4760.0,4780.0,4740.0,4750.0,4537.41845703125,1667500
2023-12-29 07:00:00+07:00,4800.0,4890.0,4740.0,4870.0,4652.0478515625,5976800
2024-01-02 07:00:00+07:00,4870.0,4940.0,4810.0,4850.0,4632.94287109375,2735800
2024-01-03 07:00:00+07:00,4850.0,4910.0,4810.0,4850.0,4632.94287109375,2441300
2024-01-04 07:00:00+07:00,4850.0,4850.0,4750.0,4760.0,4546.97119140625,5836700
2024-01-05 07:00:00+07:00,4780.0,4780.0,4670.0,4690.0,4480.103515625,5805600
2024-01-08 07:00:00+07:00,4690.0,4710.0,4610.0,4690.0,4480.103515625,4462900
2024-01-09 07:00:00+07:00,4700.0,4800.0,4700.0,4790.0,4575.6279296875,8791400
2024-01-10 07:00:00+07:00,4790.0,4890.0,4780.0,4840.0,4623.390625,8262800
2024-01-11 07:00:00+07:00,4830.0,4900.0,4830.0,4840.0,4623.390625,3161600
2024-01-12 07:00:00+07:00,4850.0,4920.0,4820.0,4820.0,4604.28564453125,4171100
2024-01-15 07:00:00+07:00,4820.0,4850.0,4720.0,4730.0,4518.3134765625,3657400
2024-01-16 07:00:00+07:00,4730.0,4790.0,4710.0,4710.0,4499.20849609375,3379900
2024-01-17 07:00:00+07:00,4720.0,4740.0,4660.0,4700.0,4489.65576171875,5565000
2024-01-18 07:00:00+07:00,4700.0,4750.0,4670.0,4680.0,4470.55078125,3298300
2024-01-19 07:00:00+07:00,4680.0,4770.0,4660.0,4750.0,4537.41845703125,3127900
2024-01-22 07:00:00+07:00,4700.0,4780.0,4700.0,4770.0,4556.52294921875,2859800
2024-01-23 07:00:00+07:00,4770.0,4770.0,4710.0,4760.0,4546.97119140625,2763500
2024-01-24 07:00:00+07:00,4760.0,4820.0,4690.0,4820.0,4604.28564453125,4062500
2024-01-25 07:00:00+07:00,4820.0,4830.0,4670.0,4700.0,4489.65576171875,6331400
2024-01-26 07:00:00+07:00,4700.0,4740.0,4670.0,4740.0,4527.8662109375,2362700
2024-01-29 07:00:00+07:00,4750.0,4810.0,4710.0,4750.0,4537.41845703125,3073300
2024-01-30 07:00:00+07:00,4730.0,4910.0,4720.0,4900.0,4680.705078125,13628500
2024-01-31 07:00:00+07:00,4900.0,5200.0,4900.0,5000.0,4776.2294921875,28837200
2024-02-01 07:00:00+07:00,4910.0,5075.0,4910.0,5025.0,4800.111328125,7663000
2024-02-02 07:00:00+07:00,5025.0,5025.0,4850.0,4950.0,4728.4677734375,11912900
2024-02-05 07:00:00+07:00,4950.0,4980.0,4820.0,4870.0,4652.0478515625,7480600
2024-02-06 07:00:00+07:00,4870.0,4930.0,4860.0,4930.0,4709.36279296875,5803100
2024-02-07 07:00:00+07:00,4930.0,5025.0,4900.0,4900.0,4680.705078125,5030400
2024-02-12 07:00:00+07:00,4900.0,5025.0,4900.0,4950.0,4728.4677734375,2827700
2024-02-13 07:00:00+07:00,4930.0,4950.0,4820.0,4820.0,4604.28564453125,9441600
2024-02-15 07:00:00+07:00,4900.0,4940.0,4830.0,4850.0,4632.94287109375,10887400
2024-02-16 07:00:00+07:00,4850.0,4860.0,4720.0,4730.0,4518.3134765625,8908400
2024-02-19 07:00:00+07:00,4730.0,4830.0,4720.0,4740.0,4527.8662109375,5174200
2024-02-20 07:00:00+07:00,4730.0,4850.0,4730.0,4800.0,4585.1806640625,4924200
2024-02-21 07:00:00+07:00,4820.0,4830.0,4740.0,4830.0,4613.837890625,4756400
2024-02-22 07:00:00+07:00,4820.0,4990.0,4820.0,4960.0,4738.02001953125,11999800
2024-02-23 07:00:00+07:00,4960.0,5150.0,4890.0,5050.0,4823.9921875,10213200
2024-02-26 07:00:00+07:00,5050.0,5350.0,5050.0,5250.0,5015.041015625,18322100
2024-02-27 07:00:00+07:00,5250.0,5475.0,5250.0,5450.0,5206.09033203125,24242100
2024-02-28 07:00:00+07:00,5475.0,5500.0,5325.0,5375.0,5134.447265625,11348800
2024-02-29 07:00:00+07:00,5375.0,5500.0,5375.0,5425.0,5182.20947265625,10657000
2024-03-01 07:00:00+07:00,5175.0,5500.0,5175.0,5500.0,5253.85302734375,3848800
2024-03-04 07:00:00+07:00,5500.0,5525.0,5225.0,5400.0,5158.328125,9034200
2024-03-05 07:00:00+07:00,5500.0,5500.0,5275.0,5325.0,5086.6845703125,6732800
2024-03-06 07:00:00+07:00,5350.0,5350.0,5125.0,5150.0,4919.5166015625,8091400
2024-03-07 07:00:00+07:00,5150.0,5300.0,5100.0,5250.0,5015.041015625,12858400
2024-03-08 07:00:00+07:00,5250.0,5375.0,5200.0,5250.0,5015.041015625,4386300
2024-03-13 07:00:00+07:00,5275.0,5375.0,5125.0,5250.0,5015.041015625,7221400
2024-03-14 07:00:00+07:00,5250.0,5375.0,5150.0,5250.0,5015.041015625,9032400
2024-03-15 07:00:00+07:00,5250.0,5350.0,5150.0,5150.0,4919.5166015625,7020400
2024-03-18 07:00:00+07:00,5150.0,5375.0,5150.0,5275.0,5038.92236328125,7721600
2024-03-19 07:00:00+07:00,5275.0,5350.0,5250.0,5250.0,5015.041015625,5090700
2024-03-20 07:00:00+07:00,5300.0,5525.0,5275.0,5475.0,5229.9716796875,7697700
2024-03-21 07:00:00+07:00,5475.0,5650.0,5450.0,5500.0,5253.85302734375,16723100
2024-03-22 07:00:00+07:00,5475.0,5525.0,5375.0,5450.0,5206.09033203125,3155600
2024-03-25 07:00:00+07:00,5450.0,5450.0,5350.0,5425.0,5182.20947265625,5969400
2024-03-26 07:00:00+07:00,5500.0,5500.0,5275.0,5400.0,5158.328125,10259000
2024-03-27 07:00:00+07:00,5400.0,5700.0,5400.0,5675.0,5421.02099609375,10773600
2024-03-28 07:00:00+07:00,5675.0,5700.0,5525.0,5550.0,5301.615234375,6583600
2024-04-01 07:00:00+07:00,5600.0,5650.0,5450.0,5650.0,5397.1396484375,6562800
2024-04-02 07:00:00+07:00,5650.0,5700.0,5550.0,5650.0,5397.1396484375,6717000
2024-04-03 07:00:00+07:00,5650.0,5650.0,5475.0,5525.0,5277.73388671875,4519200
2024-04-04 07:00:00+07:00,5550.0,5550.0,5400.0,5500.0,5253.85302734375,7472000
2024-04-05 07:00:00+07:00,5500.0,5550.0,5475.0,5500.0,5253.85302734375,3310300
2024-04-16 07:00:00+07:00,5500.0,5500.0,5100.0,5450.0,5206.09033203125,18675600
2024-04-17 07:00:00+07:00,5475.0,5475.0,5300.0,5325.0,5086.6845703125,7093500
2024-04-18 07:00:00+07:00,5300.0,5350.0,5200.0,5250.0,5015.041015625,6656800
2024-04-19 07:00:00+07:00,5250.0,5425.0,5100.0,5425.0,5182.20947265625,7453300
2024-04-22 07:00:00+07:00,5400.0,5475.0,5300.0,5400.0,5158.328125,2746200
2024-04-23 07:00:00+07:00,5425.0,5425.0,5300.0,5325.0,5086.6845703125,1510800
2024-04-24 07:00:00+07:00,5325.0,5375.0,5225.0,5250.0,5015.041015625,4185900
2024-04-25 07:00:00+07:00,5300.0,5325.0,5225.0,5250.0,5015.041015625,4750700
2024-04-26 07:00:00+07:00,5275.0,5300.0,5000.0,5050.0,4823.9921875,4310000
2024-04-29 07:00:00+07:00,5075.0,5350.0,4930.0,5300.0,5062.8037109375,5375100
2024-04-30 07:00:00+07:00,5200.0,5400.0,5150.0,5400.0,5158.328125,3712000
2024-05-02 07:00:00+07:00,5400.0,5400.0,5025.0,5125.0,4895.6357421875,5140300
2024-05-03 07:00:00+07:00,5150.0,5225.0,4990.0,5025.0,4800.111328125,3461700
2024-05-06 07:00:00+07:00,5000.0,5425.0,5000.0,5425.0,5182.20947265625,7939000
2024-05-07 07:00:00+07:00,5400.0,5400.0,5150.0,5175.0,4943.3974609375,9408100
2024-05-08 07:00:00+07:00,5200.0,5225.0,5100.0,5200.0,4967.279296875,7892600
2024-05-13 07:00:00+07:00,5225.0,5250.0,5050.0,5150.0,4919.5166015625,6876900
2024-05-14 07:00:00+07:00,5175.0,5200.0,4990.0,5025.0,4800.111328125,4844800
2024-05-15 07:00:00+07:00,5100.0,5150.0,5000.0,5075.0,4847.873046875,7329400
2024-05-16 07:00:00+07:00,5150.0,5175.0,5050.0,5050.0,4823.9921875,7912700
2024-05-17 07:00:00+07:00,5050.0,5100.0,4970.0,5000.0,4776.2294921875,7744800
2024-05-20 07:00:00+07:00,5000.0,5075.0,4990.0,5000.0,4776.2294921875,6096000
2024-05-21 07:00:00+07:00,5000.0,5000.0,4840.0,4900.0,4716.42138671875,6492200
2024-05-22 07:00:00+07:00,4920.0,5000.0,4900.0,5000.0,4812.6748046875,4947700
2024-05-27 07:00:00+07:00,5000.0,5000.0,4840.0,4950.0,4764.5478515625,5149100
2024-05-28 07:00:00+07:00,4950.0,4960.0,4860.0,4880.0,4697.17041015625,5910400
2024-05-29 07:00:00+07:00,4890.0,4930.0,4840.0,4910.0,4726.046875,1698700
2024-05-30 07:00:00+07:00,4910.0,4920.0,4850.0,4890.0,4706.7958984375,2451700
2024-05-31 07:00:00+07:00,4890.0,4890.0,4780.0,4780.0,4600.9169921875,8751400
2024-06-03 07:00:00+07:00,4780.0,4840.0,4750.0,4760.0,4581.66650390625,7516700
2024-06-04 07:00:00+07:00,4760.0,5025.0,4760.0,4930.0,4745.29736328125,7426400
2024-06-05 07:00:00+07:00,4930.0,5000.0,4910.0,5000.0,4812.6748046875,4273300
2024-06-06 07:00:00+07:00,5000.0,5175.0,5000.0,5075.0,4884.86474609375,12243200
2024-06-07 07:00:00+07:00,5075.0,5200.0,5075.0,5175.0,4981.11865234375,3592600
2024-06-10 07:00:00+07:00,5175.0,5200.0,5050.0,5050.0,4860.8017578125,2927700
2024-06-11 07:00:00+07:00,5050.0,5150.0,5050.0,5050.0,4860.8017578125,3326700
2024-06-12 07:00:00+07:00,5050.0,5125.0,4970.0,5025.0,4836.73828125,2393000
2024-06-13 07:00:00+07:00,5050.0,5100.0,4900.0,4950.0,4764.5478515625,1494700
2024-06-14 07:00:00+07:00,4930.0,4950.0,4710.0,4740.0,4562.41552734375,4020800
2024-06-19 07:00:00+07:00,4740.0,4760.0,4680.0,4690.0,4514.2890625,5631200
2024-06-20 07:00:00+07:00,4700.0,4830.0,4630.0,4780.0,4600.9169921875,3073400
2024-06-21 07:00:00+07:00,4780.0,5025.0,4780.0,4990.0,4803.04931640625,5342500
2024-06-24 07:00:00+07:00,4980.0,5100.0,4980.0,5025.0,4836.73828125,5726800
2024-06-25 07:00:00+07:00,5025.0,5075.0,4950.0,5000.0,4812.6748046875,3312800
2024-06-26 07:00:00+07:00,5000.0,5100.0,4910.0,4960.0,4774.17333984375,3945800
2024-06-27 07:00:00+07:00,4970.0,4990.0,4930.0,4930.0,4745.29736328125,1022900
2024-06-28 07:00:00+07:00,4950.0,5050.0,4950.0,4980.0,4793.42431640625,7217700
2024-07-01 07:00:00+07:00,4980.0,5025.0,4920.0,4950.0,4764.5478515625,6328700
2024-07-02 07:00:00+07:00,4990.0,5250.0,4960.0,5150.0,4957.05517578125,23405000
2024-07-03 07:00:00+07:00,5200.0,5375.0,5175.0,5250.0,5053.30859375,15435000
2024-07-04 07:00:00+07:00,5250.0,5400.0,5100.0,5250.0,5053.30859375,9838800
2024-07-05 07:00:00+07:00,5250.0,5425.0,5200.0,5275.0,5077.3720703125,19346300
2024-07-08 07:00:00+07:00,5275.0,5400.0,5250.0,5250.0,5053.30859375,8088700
2024-07-09 07:00:00+07:00,5250.0,5475.0,5200.0,5250.0,5053.30859375,8588200
2024-07-10 07:00:00+07:00,5275.0,5300.0,5125.0,5125.0,4932.99169921875,2107500
2024-07-11 07:00:00+07:00,5150.0,5375.0,5150.0,5300.0,5101.435546875,6528200
2024-07-12 07:00:00+07:00,5325.0,5450.0,5250.0,5375.0,5173.62548828125,4198900
2024-07-15 07:00:00+07:00,5375.0,5400.0,5175.0,5300.0,5101.435546875,5487100
2024-07-16 07:00:00+07:00,5325.0,5325.0,5200.0,5325.0,5125.49853515625,2877300
2024-07-17 07:00:00+07:00,5325.0,5350.0,5200.0,5200.0,5005.181640625,1982800
2024-07-18 07:00:00+07:00,5200.0,5275.0,5125.0,5125.0,4932.99169921875,3580400
2024-07-19 07:00:00+07:00,5175.0,5350.0,5100.0,5350.0,5149.56201171875,7087700
2024-07-22 07:00:00+07:00,5375.0,5400.0,5300.0,5350.0,5149.56201171875,2652100
2024-07-23 07:00:00+07:00,5325.0,5475.0,5300.0,5450.0,5245.8154296875,7592600
2024-07-24 07:00:00+07:00,5450.0,5475.0,5300.0,5450.0,5245.8154296875,2780400
2024-07-25 07:00:00+07:00,5450.0,5600.0,5375.0,5475.0,5269.87890625,7953000
2024-07-26 07:00:00+07:00,5500.0,5550.0,5400.0,5400.0,5197.68896484375,11255900
2024-07-29 07:00:00+07:00,5450.0,5450.0,5300.0,5400.0,5197.68896484375,4282500
2024-07-30 07:00:00+07:00,5425.0,5425.0,5200.0,5325.0,5125.49853515625,5455400
2024-07-31 07:00:00+07:00,5350.0,5575.0,5325.0,5550.0,5342.06884765625,10188400
2024-08-01 07:00:00+07:00,5600.0,5600.0,5250.0,5400.0,5197.68896484375,9778700
2024-08-02 07:00:00+07:00,5375.0,5400.0,5325.0,5350.0,5149.56201171875,6587300
2024-08-05 07:00:00+07:00,5300.0,5350.0,5150.0,5300.0,5101.435546875,6585200
2024-08-06 07:00:00+07:00,5300.0,5450.0,5250.0,5425.0,5221.751953125,5007600
2024-08-07 07:00:00+07:00,5425.0,5450.0,5400.0,5400.0,5197.68896484375,1690400
2024-08-08 07:00:00+07:00,5400.0,5450.0,5325.0,5350.0,5149.56201171875,1901500
2024-08-09 07:00:00+07:00,5400.0,5525.0,5400.0,5475.0,5269.87890625,4563800
2024-08-12 07:00:00+07:00,5475.0,5600.0,5475.0,5500.0,5293.9423828125,5071500
2024-08-13 07:00:00+07:00,5575.0,5575.0,5500.0,5500.0,5293.9423828125,4125500
2024-08-14 07:00:00+07:00,5500.0,5550.0,5450.0,5500.0,5293.9423828125,5153500
2024-08-15 07:00:00+07:00,5500.0,5500.0,5300.0,5400.0,5197.68896484375,5308800
2024-08-16 07:00:00+07:00,5425.0,5425.0,5350.0,5400.0,5197.68896484375,3047200
2024-08-19 07:00:00+07:00,5400.0,5425.0,5375.0,5425.0,5221.751953125,1152400
2024-08-20 07:00:00+07:00,5450.0,5500.0,5400.0,5450.0,5245.8154296875,2990900
2024-08-21 07:00:00+07:00,5475.0,5525.0,5450.0,5450.0,5245.8154296875,3629100
2024-08-22 07:00:00+07:00,5400.0,5475.0,5375.0,5475.0,5269.87890625,2466900
2024-08-23 07:00:00+07:00,5500.0,5500.0,5400.0,5400.0,5197.68896484375,2731900
2024-08-26 07:00:00+07:00,5400.0,5475.0,5375.0,5425.0,5221.751953125,3800100
2024-08-27 07:00:00+07:00,5425.0,5425.0,5375.0,5425.0,5221.751953125,3597700
2024-08-28 07:00:00+07:00,5500.0,5500.0,5425.0,5425.0,5221.751953125,2391700
2024-08-29 07:00:00+07:00,5450.0,5450.0,5300.0,5300.0,5101.435546875,5090500
2024-08-30 07:00:00+07:00,5300.0,5350.0,5250.0,5350.0,5149.56201171875,6363200
2024-09-02 07:00:00+07:00,5325.0,5400.0,5275.0,5275.0,5077.3720703125,5696100
2024-09-03 07:00:00+07:00,5300.0,5350.0,5175.0,5250.0,5053.30859375,3086700
2024-09-04 07:00:00+07:00,5225.0,5275.0,5175.0,5225.0,5029.2451171875,2522500
2024-09-05 07:00:00+07:00,5225.0,5400.0,5225.0,5350.0,5149.56201171875,9095200
2024-09-06 07:00:00+07:00,5350.0,5350.0,5200.0,5225.0,5029.2451171875,4743300
2024-09-09 07:00:00+07:00,5200.0,5200.0,4980.0,5050.0,4860.8017578125,23187700
2024-09-10 07:00:00+07:00,5100.0,5100.0,4770.0,4920.0,4735.671875,30623900
2024-09-11 07:00:00+07:00,4920.0,4960.0,4820.0,4860.0,4677.919921875,11258000
2024-09-12 07:00:00+07:00,4850.0,4910.0,4810.0,4900.0,4716.42138671875,12372700
2024-09-13 07:00:00+07:00,4900.0,4960.0,4880.0,4930.0,4745.29736328125,7280900
2024-09-17 07:00:00+07:00,4950.0,5150.0,4940.0,5100.0,4908.92822265625,12984500
2024-09-18 07:00:00+07:00,5100.0,5125.0,5025.0,5050.0,4860.8017578125,6403600
2024-09-19 07:00:00+07:00,5150.0,5150.0,5000.0,5025.0,4836.73828125,7856100
2024-09-20 07:00:00+07:00,5025.0,5025.0,4890.0,4940.0,4754.9228515625,10831100
2024-09-23 07:00:00+07:00,4940.0,5025.0,4920.0,4970.0,4783.798828125,3558200
2024-09-24 07:00:00+07:00,4980.0,4990.0,4920.0,4960.0,4774.17333984375,4481700
2024-09-25 07:00:00+07:00,4960.0,4960.0,4820.0,4930.0,4745.29736328125,10543400
2024-09-26 07:00:00+07:00,4920.0,4970.0,4880.0,4970.0,4783.798828125,6183000
2024-09-27 07:00:00+07:00,4990.0,4990.0,4860.0,4930.0,4745.29736328125,8404900
2024-09-30 07:00:00+07:00,4930.0,4960.0,4840.0,4930.0,4745.29736328125,8699000
2024-10-01 07:00:00+07:00,4960.0,4960.0,4890.0,4900.0,4716.42138671875,4447400
2024-10-02 07:00:00+07:00,4900.0,4910.0,4850.0,4880.0,4697.17041015625,5797600
2024-10-03 07:00:00+07:00,4880.0,4930.0,4840.0,4900.0,4716.42138671875,3838700
2024-10-04 07:00:00+07:00,4910.0,4910.0,4860.0,4880.0,4697.17041015625,2235700
2024-10-07 07:00:00+07:00,4890.0,4960.0,4880.0,4930.0,4745.29736328125,4226900
2024-10-08 07:00:00+07:00,4930.0,4930.0,4860.0,4920.0,4735.671875,4057700
2024-10-09 07:00:00+07:00,4900.0,4930.0,4890.0,4890.0,4706.7958984375,2721500
2024-10-10 07:00:00+07:00,4920.0,4940.0,4880.0,4940.0,4754.9228515625,2818300
2024-10-11 07:00:00+07:00,4990.0,4990.0,4920.0,4930.0,4745.29736328125,1863000
2024-10-14 07:00:00+07:00,4930.0,4930.0,4880.0,4880.0,4697.17041015625,1938500
2024-10-15 07:00:00+07:00,4880.0,4920.0,4870.0,4870.0,4687.54541015625,3646500
2024-10-16 07:00:00+07:00,4870.0,4900.0,4830.0,4900.0,4716.42138671875,8602700
2024-10-17 07:00:00+07:00,4870.0,4880.0,4830.0,4830.0,4649.0439453125,10437200
2024-10-18 07:00:00+07:00,4840.0,4890.0,4830.0,4830.0,4649.0439453125,8588900
2024-10-21 07:00:00+07:00,4850.0,4860.0,4820.0,4830.0,4649.0439453125,4175700
2024-10-22 07:00:00+07:00,4840.0,4840.0,4790.0,4840.0,4658.66943359375,6432500
2024-10-23 07:00:00+07:00,4840.0,4850.0,4800.0,4830.0,4649.0439453125,4026600
2024-10-24 07:00:00+07:00,4830.0,4840.0,4800.0,4800.0,4620.16796875,1470100
2024-10-25 07:00:00+07:00,4810.0,4820.0,4720.0,4720.0,4543.1650390625,6308900
2024-10-28 07:00:00+07:00,4720.0,4720.0,4640.0,4680.0,4504.66357421875,6016100
2024-10-29 07:00:00+07:00,4710.0,4830.0,4690.0,4810.0,4629.79296875,6422100
2024-10-30 07:00:00+07:00,4840.0,4850.0,4760.0,4850.0,4668.29443359375,3176900
2024-10-31 07:00:00+07:00,4840.0,4860.0,4810.0,4850.0,4668.29443359375,8842000
2024-11-01 07:00:00+07:00,4850.0,4870.0,4770.0,4780.0,4600.9169921875,5541900
2024-11-04 07:00:00+07:00,4780.0,4780.0,4570.0,4700.0,4523.91455078125,6426800
2024-11-05 07:00:00+07:00,4700.0,4740.0,4660.0,4710.0,4533.53955078125,4021900
2024-11-06 07:00:00+07:00,4730.0,4740.0,4670.0,4720.0,4543.1650390625,4157500
2024-11-07 07:00:00+07:00,4720.0,4770.0,4620.0,4760.0,4581.66650390625,3757500
2024-11-08 07:00:00+07:00,4770.0,4830.0,4730.0,4780.0,4600.9169921875,3994300
2024-11-11 07:00:00+07:00,4740.0,4750.0,4650.0,4700.0,4523.91455078125,2801600
2024-11-12 07:00:00+07:00,4690.0,4750.0,4680.0,4710.0,4533.53955078125,2828400
2024-11-13 07:00:00+07:00,4690.0,4700.0,4560.0,4580.0,4408.41015625,5460800
2024-11-14 07:00:00+07:00,4590.0,4590.0,4410.0,4570.0,4398.78466796875,10250300
2024-11-15 07:00:00+07:00,4570.0,4610.0,4510.0,4560.0,4389.15966796875,2683800
2024-11-18 07:00:00+07:00,4560.0,4600.0,4520.0,4540.0,4369.90869140625,1117400
2024-11-19 07:00:00+07:00,4510.0,4560.0,4490.0,4520.0,4350.658203125,5271200
2024-11-20 07:00:00+07:00,4560.0,4580.0,4530.0,4560.0,4389.15966796875,1238400
2024-11-21 07:00:00+07:00,4560.0,4630.0,4520.0,4580.0,4408.41015625,6386200
2024-11-22 07:00:00+07:00,4580.0,4620.0,4560.0,4600.0,4427.66064453125,3486500
2024-11-25 07:00:00+07:00,4590.0,4630.0,4560.0,4600.0,4427.66064453125,6221600
2024-11-26 07:00:00+07:00,4610.0,4700.0,4580.0,4700.0,4523.91455078125,2354600
2024-11-28 07:00:00+07:00,4680.0,4690.0,4570.0,4600.0,4427.66064453125,3572800
2024-11-29 07:00:00+07:00,4610.0,4610.0,4450.0,4450.0,4283.28076171875,3716000
2024-12-02 07:00:00+07:00,4430.0,4530.0,4360.0,4420.0,4254.40478515625,4840400
2024-12-03 07:00:00+07:00,4420.0,4470.0,4380.0,4460.0,4292.90576171875,2645000
2024-12-04 07:00:00+07:00,4460.0,4580.0,4430.0,4580.0,4408.41015625,2184100
2024-12-05 07:00:00+07:00,4560.0,4580.0,4550.0,4570.0,4398.78466796875,841600
2024-12-06 07:00:00+07:00,4570.0,4630.0,4520.0,4580.0,4408.41015625,2215700
2024-12-09 07:00:00+07:00,4580.0,4590.0,4520.0,4520.0,4350.658203125,3550700
2024-12-10 07:00:00+07:00,4550.0,4570.0,4440.0,4450.0,4283.28076171875,4633200
2024-12-11 07:00:00+07:00,4500.0,4570.0,4500.0,4540.0,4369.90869140625,2597000
2024-12-12 07:00:00+07:00,4570.0,4570.0,4470.0,4500.0,4331.4072265625,1101500
2024-12-13 07:00:00+07:00,4510.0,4510.0,4410.0,4460.0,4292.90576171875,3170000
2024-12-16 07:00:00+07:00,4490.0,4490.0,4350.0,4370.0,4206.27783203125,2778000
2024-12-17 07:00:00+07:00,4350.0,4360.0,4290.0,4300.0,4138.900390625,3513300
2024-12-18 07:00:00+07:00,4300.0,4320.0,4130.0,4180.0,4023.396240234375,4527700
2024-12-19 07:00:00+07:00,4150.0,4200.0,3980.0,4030.0,3879.015869140625,8633400
2024-12-20 07:00:00+07:00,4030.0,4130.0,3940.0,4090.0,3936.76806640625,4292200
2024-12-23 07:00:00+07:00,4100.0,4410.0,4100.0,4350.0,4187.02685546875,5979300
2024-12-24 07:00:00+07:00,4350.0,4390.0,4300.0,4310.0,4148.52587890625,1410900
2024-12-27 07:00:00+07:00,4310.0,4350.0,4300.0,4330.0,4167.7763671875,970000
2024-12-30 07:00:00+07:00,4330.0,4450.0,4320.0,4330.0,4167.7763671875,2977700
2025-01-02 07:00:00+07:00,4340.0,4360.0,4290.0,4360.0,4196.65234375,1134900
2025-01-03 07:00:00+07:00,4310.0,4450.0,4310.0,4440.0,4273.6552734375,2073800
2025-01-06 07:00:00+07:00,4410.0,4590.0,4390.0,4580.0,4408.41015625,7894200
2025-01-07 07:00:00+07:00,4590.0,4590.0,4450.0,4480.0,4312.15673828125,3702300
2025-01-08 07:00:00+07:00,4500.0,4550.0,4380.0,4400.0,4235.15380859375,7700300
2025-01-09 07:00:00+07:00,4400.0,4560.0,4380.0,4480.0,4312.15673828125,2314100
2025-01-10 07:00:00+07:00,4500.0,4560.0,4470.0,4500.0,4331.4072265625,3161000
2025-01-13 07:00:00+07:00,4500.0,4500.0,4380.0,4410.0,4244.779296875,3356200
2025-01-14 07:00:00+07:00,4420.0,4430.0,4180.0,4240.0,4081.148193359375,5069800
2025-01-15 07:00:00+07:00,4260.0,4280.0,4190.0,4240.0,4081.148193359375,4189500
2025-01-16 07:00:00+07:00,4260.0,4360.0,4230.0,4300.0,4138.900390625,3902600
2025-01-17 07:00:00+07:00,4300.0,4350.0,4290.0,4300.0,4138.900390625,2054400
2025-01-20 07:00:00+07:00,4310.0,4330.0,4210.0,4250.0,4090.773681640625,2428200
2025-01-21 07:00:00+07:00,4330.0,4370.0,4320.0,4360.0,4196.65234375,859700
2025-01-22 07:00:00+07:00,4360.0,4390.0,4340.0,4340.0,4177.40185546875,478800
2025-01-23 07:00:00+07:00,4390.0,4450.0,4360.0,4420.0,4254.40478515625,1677000
2025-01-24 07:00:00+07:00,4450.0,4450.0,4320.0,4320.0,4158.15087890625,1108700
2025-01-30 07:00:00+07:00,4330.0,4340.0,4260.0,4260.0,4100.39892578125,1930900
2025-01-31 07:00:00+07:00,4280.0,4280.0,4200.0,4230.0,4071.52294921875,4276000
2025-02-03 07:00:00+07:00,4230.0,4230.0,4040.0,4100.0,3946.393310546875,3737400
2025-02-04 07:00:00+07:00,4110.0,4190.0,4110.0,4150.0,3994.52001953125,1882700
2025-02-05 07:00:00+07:00,4170.0,4170.0,4110.0,4170.0,4013.770751953125,901100
2025-02-06 07:00:00+07:00,4170.0,4170.0,4090.0,4150.0,3994.52001953125,900700
2025-02-07 07:00:00+07:00,4150.0,4150.0,4000.0,4080.0,3927.142578125,6726800
2025-02-10 07:00:00+07:00,4080.0,4120.0,4030.0,4060.0,3907.891845703125,1845400
2025-02-11 07:00:00+07:00,4060.0,4060.0,3870.0,3900.0,3753.886474609375,4731900
2025-02-12 07:00:00+07:00,3900.0,4180.0,3900.0,4070.0,3917.517333984375,5172500
2025-02-13 07:00:00+07:00,4050.0,4080.0,4020.0,4040.0,3888.641357421875,3750900
2025-02-14 07:00:00+07:00,4050.0,4100.0,4010.0,4080.0,3927.142578125,1946500
2025-02-17 07:00:00+07:00,4020.0,4170.0,4020.0,4130.0,3975.269287109375,4651200
2025-02-18 07:00:00+07:00,4140.0,4170.0,4090.0,4130.0,3975.269287109375,3300500
2025-02-19 07:00:00+07:00,4140.0,4160.0,4070.0,4090.0,3936.76806640625,981500
2025-02-20 07:00:00+07:00,4100.0,4110.0,4000.0,4110.0,3956.018798828125,2582700
2025-02-21 07:00:00+07:00,4100.0,4170.0,4060.0,4160.0,4004.1455078125,1571800
2025-02-24 07:00:00+07:00,4160.0,4180.0,4080.0,4100.0,3946.393310546875,665100
2025-02-25 07:00:00+07:00,4130.0,4130.0,3870.0,3960.0,3811.638427734375,2817900
2025-02-26 07:00:00+07:00,3960.0,3970.0,3700.0,3740.0,3599.880859375,4556700
2025-02-27 07:00:00+07:00,3750.0,3820.0,3700.0,3800.0,3657.6328125,2976400
2025-02-28 07:00:00+07:00,3800.0,3800.0,3560.0,3560.0,3426.62451171875,4482000
2025-03-03 07:00:00+07:00,3580.0,3720.0,3560.0,3710.0,3571.004638671875,3378600
2025-03-04 07:00:00+07:00,3720.0,3750.0,3590.0,3620.0,3484.37646484375,1877200
2025-03-05 07:00:00+07:00,3560.0,3670.0,3560.0,3620.0,3484.37646484375,13056500
2025-03-06 07:00:00+07:00,3630.0,3890.0,3600.0,3810.0,3667.25830078125,13405600
2025-03-07 07:00:00+07:00,3830.0,3930.0,3810.0,3860.0,3715.385009765625,4788100
2025-03-10 07:00:00+07:00,3880.0,3890.0,3750.0,3850.0,3705.759521484375,2975600
2025-03-11 07:00:00+07:00,3780.0,3800.0,3750.0,3760.0,3619.13134765625,1393500
2025-03-12 07:00:00+07:00,3760.0,3940.0,3750.0,3910.0,3763.51171875,3101700
2025-03-13 07:00:00+07:00,3910.0,3940.0,3800.0,3870.0,3725.01025390625,1957100
2025-03-14 07:00:00+07:00,3860.0,3930.0,3780.0,3870.0,3725.01025390625,2740200
2025-03-17 07:00:00+07:00,3890.0,3970.0,3840.0,3910.0,3763.51171875,3310300
2025-03-18 07:00:00+07:00,3930.0,3940.0,3740.0,3810.0,3667.25830078125,4686900
2025-03-19 07:00:00+07:00,3850.0,3920.0,3780.0,3840.0,3696.13427734375,7689900
2025-03-20 07:00:00+07:00,3860.0,4040.0,3860.0,3890.0,3744.260986328125,7584400
2025-03-21 07:00:00+07:00,3920.0,3940.0,3650.0,3650.0,3513.252685546875,8561900
2025-03-24 07:00:00+07:00,3640.0,3870.0,3640.0,3850.0,3705.759521484375,3730500
2025-03-25 07:00:00+07:00,3850.0,3970.0,3820.0,3900.0,3753.886474609375,6574900
2025-03-26 07:00:00+07:00,3940.0,4200.0,3910.0,4080.0,3927.142578125,7744600
2025-03-27 07:00:00+07:00,4030.0,4080.0,3980.0,3980.0,3830.88916015625,5417200
2025-04-08 07:00:00+07:00,3590.0,3820.0,3480.0,3710.0,3571.004638671875,4071600
2025-04-09 07:00:00+07:00,3710.0,3870.0,3690.0,3850.0,3705.759521484375,3360700
2025-04-10 07:00:00+07:00,3880.0,3990.0,3800.0,3800.0,3657.6328125,7348600
2025-04-11 07:00:00+07:00,3780.0,4010.0,3750.0,3940.0,3792.3876953125,3328300
2025-04-14 07:00:00+07:00,3960.0,4250.0,3960.0,4220.0,4061.8974609375,3608900
2025-04-15 07:00:00+07:00,4230.0,4400.0,4170.0,4230.0,4071.52294921875,6696700
2025-04-16 07:00:00+07:00,4220.0,4280.0,4050.0,4050.0,3898.2666015625,1444700
2025-04-17 07:00:00+07:00,4070.0,4310.0,4070.0,4290.0,4129.27490234375,2726100
2025-04-21 07:00:00+07:00,4290.0,4370.0,4270.0,4350.0,4187.02685546875,2752900
2025-04-22 07:00:00+07:00,4350.0,4430.0,4340.0,4380.0,4215.9033203125,2876700
2025-04-23 07:00:00+07:00,4410.0,4420.0,4240.0,4300.0,4138.900390625,2987700
2025-04-24 07:00:00+07:00,4300.0,4420.0,4300.0,4340.0,4177.40185546875,2367100
2025-04-25 07:00:00+07:00,4380.0,4630.0,4360.0,4450.0,4283.28076171875,6232900
2025-04-28 07:00:00+07:00,4510.0,4580.0,4450.0,4480.0,4312.15673828125,1742700
2025-04-29 07:00:00+07:00,4510.0,4510.0,4330.0,4350.0,4187.02685546875,2668900
2025-04-30 07:00:00+07:00,4360.0,4390.0,4280.0,4280.0,4119.6494140625,3743100
2025-05-02 07:00:00+07:00,4210.0,4310.0,4200.0,4250.0,4090.773681640625,3598700
2025-05-05 07:00:00+07:00,4270.0,4320.0,4250.0,4280.0,4119.6494140625,2043100
2025-05-06 07:00:00+07:00,4300.0,4310.0,4180.0,4200.0,4042.646728515625,5632900
2025-05-07 07:00:00+07:00,4210.0,4260.0,4170.0,4190.0,4033.021484375,3817400
2025-05-08 07:00:00+07:00,4240.0,4320.0,4030.0,4040.0,3888.641357421875,10103900
2025-05-09 07:00:00+07:00,4050.0,4090.0,3990.0,4050.0,3898.2666015625,5877000
2025-05-14 07:00:00+07:00,4100.0,4180.0,4090.0,4100.0,3946.393310546875,10996400
2025-05-15 07:00:00+07:00,4100.0,4140.0,4060.0,4070.0,3917.517333984375,7089500
2025-05-16 07:00:00+07:00,4080.0,4110.0,4060.0,4080.0,3927.142578125,8190100
2025-05-19 07:00:00+07:00,4100.0,4180.0,4090.0,4170.0,4013.770751953125,15828400
2025-05-20 07:00:00+07:00,4050.0,4090.0,4000.0,4000.0,4000.0,13998400
2025-05-21 07:00:00+07:00,4000.0,4060.0,4000.0,4040.0,4040.0,5538100
2025-05-22 07:00:00+07:00,4040.0,4070.0,3990.0,4030.0,4030.0,6819900
2025-05-23 07:00:00+07:00,4020.0,4050.0,4000.0,4000.0,4000.0,3959000
2025-05-26 07:00:00+07:00,4010.0,4020.0,3820.0,3820.0,3820.0,13692300
2025-05-27 07:00:00+07:00,3800.0,3830.0,3770.0,3800.0,3800.0,9153100
2025-05-28 07:00:00+07:00,3810.0,3850.0,3800.0,3810.0,3810.0,9967300
2025-06-02 07:00:00+07:00,3830.0,3840.0,3790.0,3830.0,3830.0,5149800
2025-06-03 07:00:00+07:00,3840.0,3850.0,3750.0,3790.0,3790.0,4122200
2025-06-04 07:00:00+07:00,3830.0,3830.0,3760.0,3770.0,3770.0,3678300
2025-06-05 07:00:00+07:00,3770.0,3810.0,3720.0,3740.0,3740.0,5685000
2025-06-10 07:00:00+07:00,3760.0,3870.0,3760.0,3820.0,3820.0,12843900
2025-06-11 07:00:00+07:00,3840.0,3890.0,3830.0,3860.0,3860.0,8490200
2025-06-12 07:00:00+07:00,3880.0,3890.0,3820.0,3830.0,3830.0,3293900
2025-06-13 07:00:00+07:00,3830.0,3850.0,3780.0,3820.0,3820.0,3127300
2025-06-16 07:00:00+07:00,3820.0,3830.0,3790.0,3800.0,3800.0,2699400
2025-06-17 07:00:00+07:00,3820.0,3880.0,3820.0,3850.0,3850.0,5144500
2025-06-18 07:00:00+07:00,3860.0,3870.0,3780.0,3790.0,3790.0,9943200
2025-06-19 07:00:00+07:00,3790.0,3790.0,3710.0,3730.0,3730.0,6359400
2025-06-20 07:00:00+07:00,3730.0,3740.0,3670.0,3720.0,3720.0,25764200
2025-06-23 07:00:00+07:00,3670.0,3670.0,3560.0,3570.0,3570.0,4223100
2025-06-24 07:00:00+07:00,3610.0,3730.0,3610.0,3680.0,3680.0,4098700
2025-06-25 07:00:00+07:00,3720.0,3720.0,3590.0,3600.0,3600.0,4756300
2025-06-26 07:00:00+07:00,3610.0,3610.0,3560.0,3580.0,3580.0,3233900
2025-06-30 07:00:00+07:00,3590.0,3670.0,3590.0,3650.0,3650.0,3302500
2025-07-01 07:00:00+07:00,3620.0,3670.0,3590.0,3590.0,3590.0,2001200
2025-07-02 07:00:00+07:00,3620.0,3630.0,3550.0,3550.0,3550.0,3167600
2025-07-03 07:00:00+07:00,3550.0,3630.0,3550.0,3570.0,3570.0,2066000
2025-07-04 07:00:00+07:00,3580.0,3600.0,3570.0,3570.0,3570.0,1008300
2025-07-07 07:00:00+07:00,3570.0,3590.0,3560.0,3590.0,3590.0,1560200
2025-07-08 07:00:00+07:00,3590.0,3620.0,3570.0,3600.0,3600.0,1957700
2025-07-09 07:00:00+07:00,3610.0,3680.0,3600.0,3670.0,3670.0,5025000
2025-07-10 07:00:00+07:00,3690.0,3750.0,3650.0,3730.0,3730.0,3746500
2025-07-11 07:00:00+07:00,3730.0,3750.0,3700.0,3700.0,3700.0,3447400
2025-07-14 07:00:00+07:00,3700.0,3700.0,3610.0,3630.0,3630.0,2604000
2025-07-15 07:00:00+07:00,3630.0,3640.0,3600.0,3610.0,3610.0,1578500
2025-07-16 07:00:00+07:00,3630.0,3670.0,3610.0,3620.0,3620.0,3161000
2025-07-17 07:00:00+07:00,3630.0,3660.0,3630.0,3660.0,3660.0,1491300
2025-07-18 07:00:00+07:00,3670.0,3710.0,3660.0,3670.0,3670.0,2448900
2025-07-21 07:00:00+07:00,3670.0,3670.0,3560.0,3570.0,3570.0,8909500
2025-07-22 07:00:00+07:00,3580.0,3600.0,3550.0,3570.0,3570.0,4387600
2025-07-23 07:00:00+07:00,3580.0,3600.0,3560.0,3600.0,3600.0,2707800
2025-07-24 07:00:00+07:00,3600.0,3700.0,3590.0,3630.0,3630.0,7988100
2025-07-25 07:00:00+07:00,3630.0,3640.0,3580.0,3610.0,3610.0,6499400
2025-07-28 07:00:00+07:00,3610.0,3670.0,3600.0,3650.0,3650.0,7881900
2025-07-29 07:00:00+07:00,3650.0,3690.0,3630.0,3640.0,3640.0,5927000
2025-07-30 07:00:00+07:00,3650.0,3670.0,3600.0,3610.0,3610.0,5403300
2025-07-31 07:00:00+07:00,3640.0,3640.0,3560.0,3580.0,3580.0,5626000
2025-08-01 07:00:00+07:00,3580.0,3610.0,3560.0,3580.0,3580.0,3749300
2025-08-04 07:00:00+07:00,3580.0,3590.0,3540.0,3550.0,3550.0,4099800
2025-08-05 07:00:00+07:00,3550.0,3590.0,3550.0,3570.0,3570.0,17087300
2025-08-06 07:00:00+07:00,3600.0,3620.0,3560.0,3570.0,3570.0,6436100
2025-08-07 07:00:00+07:00,3570.0,3570.0,3540.0,3550.0,3550.0,6451500
2025-08-08 07:00:00+07:00,3540.0,3570.0,3510.0,3520.0,3520.0,5470900
2025-08-11 07:00:00+07:00,3530.0,3570.0,3510.0,3560.0,3560.0,5813100
2025-08-12 07:00:00+07:00,3560.0,3660.0,3540.0,3650.0,3650.0,9759300
2025-08-13 07:00:00+07:00,3690.0,3700.0,3600.0,3600.0,3600.0,9590800
2025-08-14 07:00:00+07:00,3600.0,3630.0,3540.0,3540.0,3540.0,10059400
2025-08-15 07:00:00+07:00,3530.0,3550.0,3510.0,3530.0,3530.0,7026400
2025-08-19 07:00:00+07:00,3540.0,3540.0,3500.0,3500.0,3500.0,6619100
2025-08-20 07:00:00+07:00,3500.0,3520.0,3430.0,3450.0,3450.0,15448500
2025-08-21 07:00:00+07:00,3450.0,3450.0,3370.0,3400.0,3400.0,18946200
2025-08-22 07:00:00+07:00,3430.0,3430.0,3290.0,3310.0,3310.0,26391400
