Date,ticker,prev_close,Close,return_%,rank
2025-03-11,MINA.JK,189.0,254.0,34.39,1
2025-03-11,RELI.JK,354.0,442.0,24.86,2
2025-03-11,MINE.JK,270.0,336.0,24.44,3
2025-03-11,BAIK.JK,78.0,97.0,24.36,4
2025-03-11,SONA.JK,3750.0,4600.0,22.67,5
2025-03-11,BTEK.JK,6.0,7.0,16.67,6
2025-03-11,JGLE.JK,6.0,7.0,16.67,7
2025-03-11,NAIK.JK,555.0,630.0,13.51,8
2025-03-11,RDTX.JK,12100.0,13475.0,11.36,9
2025-03-11,BESS.JK,900.0,990.0,10.0,10
2025-03-12,MINE.JK,336.0,420.0,25.0,1
2025-03-12,RELI.JK,442.0,550.0,24.43,2
2025-03-12,TEBE.JK,595.0,740.0,24.37,3
2025-03-12,RONY.JK,1480.0,1780.0,20.27,4
2025-03-12,LABA.JK,150.0,178.0,18.67,5
2025-03-12,IOTF.JK,92.0,108.0,17.39,6
2025-03-12,TAXI.JK,6.0,7.0,16.67,7
2025-03-12,SMIL.JK,306.0,352.0,15.03,8
2025-03-12,MSIN.JK,575.0,660.0,14.78,9
2025-03-12,KOTA.JK,7.0,8.0,14.29,10
2025-03-13,INAI.JK,150.0,193.0,28.67,1
2025-03-13,MINE.JK,420.0,525.0,25.0,2
2025-03-13,SMDM.JK,1950.0,2430.0,24.62,3
2025-03-13,MTFN.JK,5.0,6.0,20.0,4
2025-03-13,AKSI.JK,178.0,212.0,19.1,5
2025-03-13,WIFI.JK,1625.0,1935.0,19.08,6
2025-03-13,HADE.JK,6.0,7.0,16.67,7
2025-03-13,JGLE.JK,6.0,7.0,16.67,8
2025-03-13,LIVE.JK,198.0,230.0,16.16,9
2025-03-13,JMAS.JK,130.0,149.0,14.62,10
2025-03-14,KICI.JK,113.0,152.0,34.51,1
2025-03-14,SMIL.JK,346.0,432.0,24.86,2
2025-03-14,MSIN.JK,755.0,940.0,24.5,3
2025-03-14,BTEK.JK,7.0,8.0,14.29,4
2025-03-14,DADA.JK,7.0,8.0,14.29,5
2025-03-14,TAXI.JK,8.0,9.0,12.5,6
2025-03-14,ENAK.JK,630.0,700.0,11.11,7
2025-03-14,MIRA.JK,9.0,10.0,11.11,8
2025-03-14,HRTA.JK,478.0,530.0,10.88,9
2025-03-14,TEBE.JK,705.0,780.0,10.64,10
2025-03-17,FITT.JK,130.0,175.0,34.62,1
2025-03-17,SOCI.JK,140.0,178.0,27.14,2
2025-03-17,IOTF.JK,96.0,122.0,27.08,3
2025-03-17,PSAB.JK,240.0,300.0,25.0,4
2025-03-17,VAST.JK,99.0,119.0,20.2,5
2025-03-17,BAIK.JK,82.0,97.0,18.29,6
2025-03-17,HADE.JK,7.0,8.0,14.29,7
2025-03-17,KOTA.JK,7.0,8.0,14.29,8
2025-03-17,GPSO.JK,478.0,545.0,14.02,9
2025-03-17,CYBR.JK,630.0,715.0,13.49,10
2025-03-18,FMII.JK,372.0,464.0,24.73,1
2025-03-18,FWCT.JK,185.0,228.0,23.24,2
2025-03-18,ANJT.JK,1350.0,1615.0,19.63,3
2025-03-18,MINE.JK,442.0,510.0,15.38,4
2025-03-18,IKAI.JK,7.0,8.0,14.29,5
2025-03-18,MDRN.JK,7.0,8.0,14.29,6
2025-03-18,BUVA.JK,71.0,81.0,14.08,7
2025-03-18,TARA.JK,9.0,10.0,11.11,8
2025-03-18,ANDI.JK,10.0,11.0,10.0,9
2025-03-18,ASHA.JK,10.0,11.0,10.0,10
2025-03-19,WAPO.JK,108.0,137.0,26.85,1
2025-03-19,LION.JK,392.0,490.0,25.0,2
2025-03-19,BESS.JK,990.0,1235.0,24.75,3
2025-03-19,IFII.JK,240.0,298.0,24.17,4
2025-03-19,NAIK.JK,510.0,615.0,20.59,5
2025-03-19,DCII.JK,115800.0,138950.0,19.99,6
2025-03-19,UVCR.JK,60.0,71.0,18.33,7
2025-03-19,INET.JK,97.0,114.0,17.53,8
2025-03-19,TGUK.JK,52.0,61.0,17.31,9
2025-03-19,KONI.JK,1270.0,1470.0,15.75,10
2025-03-20,MINA.JK,120.0,162.0,35.0,1
2025-03-20,FORU.JK,865.0,1080.0,24.86,2
2025-03-20,POLU.JK,3310.0,4130.0,24.77,3
2025-03-20,RONY.JK,1765.0,2200.0,24.65,4
2025-03-20,SAFE.JK,218.0,262.0,20.18,5
2025-03-20,JSPT.JK,8250.0,9900.0,20.0,6
2025-03-20,TEBE.JK,725.0,870.0,20.0,7
2025-03-20,DCII.JK,138950.0,166725.0,19.99,8
2025-03-20,TPIA.JK,6125.0,7050.0,15.1,9
2025-03-20,IKAI.JK,7.0,8.0,14.29,10
2025-03-21,BINO.JK,131.0,176.0,34.35,1
2025-03-21,RONY.JK,2200.0,2750.0,25.0,2
2025-03-21,POLU.JK,4130.0,5150.0,24.7,3
2025-03-21,PEVE.JK,262.0,290.0,10.69,4
2025-03-21,ISAP.JK,10.0,11.0,10.0,5
2025-03-21,RAFI.JK,30.0,33.0,10.0,6
2025-03-21,WINR.JK,20.0,22.0,10.0,7
2025-03-21,HILL.JK,302.0,332.0,9.93,8
2025-03-21,IKAN.JK,182.0,200.0,9.89,9
2025-03-21,RCCC.JK,146.0,160.0,9.59,10
2025-03-24,INAI.JK,161.0,216.0,34.16,1
2025-03-24,RELI.JK,410.0,500.0,21.95,2
2025-03-24,POLU.JK,5150.0,6175.0,19.9,3
2025-03-24,JGLE.JK,6.0,7.0,16.67,4
2025-03-24,EPAC.JK,9.0,10.0,11.11,5
2025-03-24,MIRA.JK,9.0,10.0,11.11,6
2025-03-24,ITMA.JK,705.0,780.0,10.64,7
2025-03-24,AEGS.JK,30.0,33.0,10.0,8
2025-03-24,IKAN.JK,200.0,220.0,10.0,9
2025-03-24,PLAN.JK,40.0,44.0,10.0,10
2025-03-25,BEEF.JK,132.74,167.26,26.0,1
2025-03-25,POLU.JK,6175.0,7400.0,19.84,2
2025-03-25,OKAS.JK,97.0,111.0,14.43,3
2025-03-25,BAPI.JK,7.0,8.0,14.29,4
2025-03-25,DADA.JK,7.0,8.0,14.29,5
2025-03-25,IKAI.JK,7.0,8.0,14.29,6
2025-03-25,MDRN.JK,7.0,8.0,14.29,7
2025-03-25,SMGR.JK,2220.0,2510.0,13.06,8
2025-03-25,PNLF.JK,290.0,326.0,12.41,9
2025-03-25,BRIS.JK,2110.0,2370.0,12.32,10
2025-03-26,KRAS.JK,98.0,132.0,34.69,1
2025-03-26,ADHI.JK,168.0,226.0,34.52,2
2025-03-26,WTON.JK,64.0,86.0,34.38,3
2025-03-26,PPRE.JK,51.0,68.0,33.33,4
2025-03-26,WEGE.JK,52.0,67.0,28.85,5
2025-03-26,PTPP.JK,232.0,290.0,25.0,6
2025-03-26,POLU.JK,7400.0,8825.0,19.26,7
2025-03-26,KAEF.JK,358.0,422.0,17.88,8
2025-03-26,CLEO.JK,517.5,610.0,17.87,9
2025-03-26,NIKL.JK,197.0,230.0,16.75,10
2025-03-27,TIRA.JK,1380.0,1725.0,25.0,1
2025-03-27,LIFE.JK,5725.0,6850.0,19.65,2
2025-03-27,JECC.JK,750.0,880.0,17.33,3
2025-03-27,CBDK.JK,5075.0,5950.0,17.24,4
2025-03-27,CLEO.JK,610.0,715.0,17.21,5
2025-03-27,BOAT.JK,95.0,111.0,16.84,6
2025-03-27,KOTA.JK,7.0,8.0,14.29,7
2025-03-27,MDRN.JK,7.0,8.0,14.29,8
2025-03-27,IPOL.JK,117.0,133.0,13.68,9
2025-03-27,ATIC.JK,406.0,460.0,13.3,10
2025-04-08,SOSS.JK,372.0,464.0,24.73,1
2025-04-08,CTBN.JK,2010.0,2210.0,9.95,2
2025-04-08,NETV.JK,143.0,157.0,9.79,3
2025-04-08,IPAC.JK,150.0,164.0,9.33,4
2025-04-08,LINK.JK,1785.0,1950.0,9.24,5
2025-04-08,PTIS.JK,216.0,232.0,7.41,6
2025-04-08,RUIS.JK,138.0,147.0,6.52,7
2025-04-08,KRYA.JK,59.0,62.0,5.08,8
2025-04-08,CYBR.JK,695.0,730.0,5.04,9
2025-04-08,TALF.JK,272.0,284.0,4.41,10
2025-04-09,CENT.JK,43.0,58.0,34.88,1
2025-04-09,KBLV.JK,89.0,120.0,34.83,2
2025-04-09,SONA.JK,3160.0,3950.0,25.0,3
2025-04-09,RELI.JK,384.0,468.0,21.88,4
2025-04-09,LIVE.JK,125.0,151.0,20.8,5
2025-04-09,OBAT.JK,464.0,540.0,16.38,6
2025-04-09,CCSI.JK,324.0,362.0,11.73,7
2025-04-09,MINE.JK,410.0,458.0,11.71,8
2025-04-09,MTPS.JK,10.0,11.0,10.0,9
2025-04-09,SNLK.JK,550.0,605.0,10.0,10
2025-04-10,DNAR.JK,86.0,116.0,34.88,1
2025-04-10,FUTR.JK,68.0,91.0,33.82,2
2025-04-10,CENT.JK,58.0,75.0,29.31,3
2025-04-10,WIFI.JK,1585.0,1980.0,24.92,4
2025-04-10,BESS.JK,625.0,780.0,24.8,5
2025-04-10,MINA.JK,92.0,113.0,22.83,6
2025-04-10,AKRA.JK,900.0,1100.0,22.22,7
2025-04-10,INET.JK,87.0,106.0,21.84,8
2025-04-10,PTIS.JK,224.0,270.0,20.54,9
2025-04-10,JSPT.JK,5600.0,6700.0,19.64,10
2025-04-11,CSIS.JK,57.0,69.0,21.05,1
2025-04-11,TCID.JK,1525.0,1815.0,19.02,2
2025-04-11,KOBX.JK,130.0,154.0,18.46,3
2025-04-11,MREI.JK,660.0,780.0,18.18,4
2025-04-11,OBAT.JK,580.0,685.0,18.1,5
2025-04-11,BRMS.JK,300.0,348.0,16.0,6
2025-04-11,WIFI.JK,1980.0,2250.0,13.64,7
2025-04-11,OKAS.JK,104.0,117.0,12.5,8
2025-04-11,PSAB.JK,262.0,294.0,12.21,9
2025-04-11,INTA.JK,10.0,11.0,10.0,10
2025-04-14,LION.JK,338.0,422.0,24.85,1
2025-04-14,KOPI.JK,935.0,1120.0,19.79,2
2025-04-14,GPSO.JK,330.0,390.0,18.18,3
2025-04-14,TRON.JK,100.0,118.0,18.0,4
2025-04-14,RATU.JK,4130.0,4860.0,17.68,5
2025-04-14,FILM.JK,2030.0,2380.0,17.24,6
2025-04-14,BTEK.JK,6.0,7.0,16.67,7
2025-04-14,HADE.JK,6.0,7.0,16.67,8
2025-04-14,INTD.JK,189.0,220.0,16.4,9
2025-04-14,RSCH.JK,384.0,442.0,15.1,10
2025-04-15,LABA.JK,107.0,144.0,34.58,1
2025-04-15,INPC.JK,150.0,191.0,27.33,2
2025-04-15,CBUT.JK,995.0,1240.0,24.62,3
2025-04-15,FORE.JK,252.0,314.0,24.6,4
2025-04-15,JIHD.JK,535.0,665.0,24.3,5
2025-04-15,ECII.JK,187.0,230.0,22.99,6
2025-04-15,ASBI.JK,392.0,470.0,19.9,7
2025-04-15,CMNP.JK,1550.0,1825.0,17.74,8
2025-04-15,BYAN.JK,17025.0,20000.0,17.47,9
2025-04-15,DADA.JK,7.0,8.0,14.29,10
2025-04-16,CENT.JK,66.0,89.0,34.85,1
2025-04-16,DOSS.JK,118.0,159.0,34.75,2
2025-04-16,DWGL.JK,198.0,266.0,34.34,3
2025-04-16,KJEN.JK,82.0,110.0,34.15,4
2025-04-16,BOAT.JK,97.0,126.0,29.9,5
2025-04-16,FORE.JK,314.0,392.0,24.84,6
2025-04-16,JIHD.JK,665.0,830.0,24.81,7
2025-04-16,SMDM.JK,1240.0,1495.0,20.56,8
2025-04-16,HADE.JK,6.0,7.0,16.67,9
2025-04-16,VKTR.JK,72.0,83.0,15.28,10
2025-04-17,CENT.JK,89.0,120.0,34.83,1
2025-04-17,NASI.JK,61.0,82.0,34.43,2
2025-04-17,FMII.JK,290.0,362.0,24.83,3
2025-04-17,BNBA.JK,510.0,630.0,23.53,4
2025-04-17,SOHO.JK,610.0,720.0,18.03,5
2025-04-17,HOKI.JK,78.0,92.0,17.95,6
2025-04-17,MDKA.JK,1415.0,1645.0,16.25,7
2025-04-17,DGNS.JK,139.0,160.0,15.11,8
2025-04-17,IKAI.JK,7.0,8.0,14.29,9
2025-04-17,ZATA.JK,7.0,8.0,14.29,10
2025-04-21,FITT.JK,110.0,148.0,34.55,1
2025-04-21,FORU.JK,785.0,980.0,24.84,2
2025-04-21,FMII.JK,362.0,446.0,23.2,3
2025-04-21,DILD.JK,132.0,155.0,17.42,4
2025-04-21,BABY.JK,318.0,370.0,16.35,5
2025-04-21,KJEN.JK,105.0,120.0,14.29,6
2025-04-21,EDGE.JK,3780.0,4280.0,13.23,7
2025-04-21,DCII.JK,151850.0,170000.0,11.95,8
2025-04-21,CYBR.JK,865.0,960.0,10.98,9
2025-04-21,KOBX.JK,149.0,165.0,10.74,10
2025-04-22,NETV.JK,141.0,190.0,34.75,1
2025-04-22,CITY.JK,79.0,106.0,34.18,2
2025-04-22,INDY.JK,1125.0,1405.0,24.89,3
2025-04-22,DAAZ.JK,3430.0,4280.0,24.78,4
2025-04-22,IFSH.JK,690.0,830.0,20.29,5
2025-04-22,HRUM.JK,715.0,855.0,19.58,6
2025-04-22,STTP.JK,11000.0,13000.0,18.18,7
2025-04-22,JGLE.JK,6.0,7.0,16.67,8
2025-04-22,BAPI.JK,7.0,8.0,14.29,9
2025-04-22,TAXI.JK,7.0,8.0,14.29,10
2025-04-23,CINT.JK,170.0,220.0,29.41,1
2025-04-23,NETV.JK,190.0,236.0,24.21,2
2025-04-23,DGNS.JK,150.0,185.0,23.33,3
2025-04-23,INET.JK,116.0,143.0,23.28,4
2025-04-23,BTEK.JK,5.0,6.0,20.0,5
2025-04-23,FORU.JK,910.0,1085.0,19.23,6
2025-04-23,TRIN.JK,79.0,93.0,17.72,7
2025-04-23,PANI.JK,10400.0,12000.0,15.38,8
2025-04-23,BBLD.JK,600.0,690.0,15.0,9
2025-04-23,ZATA.JK,7.0,8.0,14.29,10
2025-04-24,TNCA.JK,127.0,171.0,34.65,1
2025-04-24,CGAS.JK,82.0,110.0,34.15,2
2025-04-24,BBKP.JK,52.0,69.0,32.69,3
2025-04-24,MTFN.JK,4.0,5.0,25.0,4
2025-04-24,FORU.JK,1085.0,1355.0,24.88,5
2025-04-24,NICL.JK,380.0,474.0,24.74,6
2025-04-24,MINE.JK,494.0,600.0,21.46,7
2025-04-24,WAPO.JK,114.0,138.0,21.05,8
2025-04-24,BSIM.JK,830.0,975.0,17.47,9
2025-04-24,HADE.JK,6.0,7.0,16.67,10
2025-04-25,WAPO.JK,138.0,186.0,34.78,1
2025-04-25,MFIN.JK,1709.81,2137.26,25.0,2
2025-04-25,FORU.JK,1355.0,1690.0,24.72,3
2025-04-25,DIVA.JK,80.0,97.0,21.25,4
2025-04-25,INET.JK,138.0,165.0,19.57,5
2025-04-25,BTPS.JK,970.0,1140.0,17.53,6
2025-04-25,UNVR.JK,1495.0,1750.0,17.06,7
2025-04-25,PTIS.JK,288.0,330.0,14.58,8
2025-04-25,IKAI.JK,7.0,8.0,14.29,9
2025-04-25,JGLE.JK,7.0,8.0,14.29,10
2025-04-28,IOTF.JK,126.0,168.0,33.33,1
2025-04-28,KOBX.JK,154.0,196.0,27.27,2
2025-04-28,DATA.JK,1050.0,1310.0,24.76,3
2025-04-28,PGUN.JK,515.0,640.0,24.27,4
2025-04-28,GTRA.JK,100.0,122.0,22.0,5
2025-04-28,SOLA.JK,55.0,67.0,21.82,6
2025-04-28,BCAP.JK,66.0,79.0,19.7,7
2025-04-28,PTRO.JK,2450.0,2900.0,18.37,8
2025-04-28,DMAS.JK,151.0,178.0,17.88,9
2025-04-28,HADE.JK,6.0,7.0,16.67,10
2025-04-29,MFIN.JK,2323.11,3350.0,44.2,1
2025-04-29,KRYA.JK,63.0,80.0,26.98,2
2025-04-29,NICL.JK,480.0,600.0,25.0,3
2025-04-29,GPSO.JK,348.0,430.0,23.56,4
2025-04-29,BTEK.JK,5.0,6.0,20.0,5
2025-04-29,DATA.JK,1310.0,1515.0,15.65,6
2025-04-29,TAXI.JK,7.0,8.0,14.29,7
2025-04-29,LUCK.JK,59.0,67.0,13.56,8
2025-04-29,SMGA.JK,59.0,67.0,13.56,9
2025-04-29,PTPP.JK,370.0,420.0,13.51,10
2025-04-30,MTFN.JK,4.0,5.0,25.0,1
2025-04-30,TCID.JK,1805.0,2250.0,24.65,2
2025-04-30,SMBR.JK,178.0,220.0,23.6,3
2025-04-30,PAMG.JK,66.0,79.0,19.7,4
2025-04-30,NICL.JK,600.0,715.0,19.17,5
2025-04-30,INAI.JK,149.0,176.0,18.12,6
2025-04-30,CYBR.JK,995.0,1150.0,15.58,7
2025-04-30,MBSS.JK,1000.0,1155.0,15.5,8
2025-04-30,KRYA.JK,80.0,92.0,15.0,9
2025-04-30,MDRN.JK,7.0,8.0,14.29,10
2025-05-02,JATI.JK,50.0,67.0,34.0,1
2025-05-02,UNTD.JK,79.0,104.0,31.65,2
2025-05-02,KONI.JK,1310.0,1635.0,24.81,3
2025-05-02,LEAD.JK,77.0,95.0,23.38,4
2025-05-02,DKFT.JK,262.0,322.0,22.9,5
2025-05-02,DWGL.JK,228.0,276.0,21.05,6
2025-05-02,KBLV.JK,114.0,138.0,21.05,7
2025-05-02,CITA.JK,3480.0,4050.0,16.38,8
2025-05-02,MHKI.JK,98.0,114.0,16.33,9
2025-05-02,BKSL.JK,90.0,104.0,15.56,10
2025-05-05,JATI.JK,67.0,90.0,34.33,1
2025-05-05,SOLA.JK,71.0,92.0,29.58,2
2025-05-05,HELI.JK,202.0,252.0,24.75,3
2025-05-05,OPMS.JK,54.0,63.0,16.67,4
2025-05-05,SMBR.JK,226.0,260.0,15.04,5
2025-05-05,JGLE.JK,7.0,8.0,14.29,6
2025-05-05,LMPI.JK,121.0,138.0,14.05,7
2025-05-05,MBMA.JK,306.0,348.0,13.73,8
2025-05-05,BAPI.JK,8.0,9.0,12.5,9
2025-05-05,NZIA.JK,62.0,69.0,11.29,10
2025-05-06,OPMS.JK,63.0,85.0,34.92,1
2025-05-06,JATI.JK,90.0,121.0,34.44,2
2025-05-06,KRYA.JK,104.0,139.0,33.65,3
2025-05-06,HELI.JK,252.0,314.0,24.6,4
2025-05-06,SOLA.JK,92.0,113.0,22.83,5
2025-05-06,KETR.JK,173.0,210.0,21.39,6
2025-05-06,MPOW.JK,95.0,115.0,21.05,7
2025-05-06,AMAG.JK,374.0,438.0,17.11,8
2025-05-06,DOID.JK,406.0,464.0,14.29,9
2025-05-06,IKAI.JK,7.0,8.0,14.29,10
2025-05-07,BATR.JK,60.0,81.0,35.0,1
2025-05-07,ISEA.JK,56.0,75.0,33.93,2
2025-05-07,AYLS.JK,70.0,92.0,31.43,3
2025-05-07,PNSE.JK,360.0,450.0,25.0,4
2025-05-07,HUMI.JK,51.0,63.0,23.53,5
2025-05-07,NICL.JK,745.0,920.0,23.49,6
2025-05-07,MPXL.JK,102.0,122.0,19.61,7
2025-05-07,FMII.JK,374.0,438.0,17.11,8
2025-05-07,FORU.JK,1595.0,1835.0,15.05,9
2025-05-07,DADA.JK,7.0,8.0,14.29,10
2025-05-08,TGUK.JK,67.0,90.0,34.33,1
2025-05-08,SURI.JK,50.0,63.0,26.0,2
2025-05-08,BEER.JK,65.0,81.0,24.62,3
2025-05-08,JATI.JK,121.0,150.0,23.97,4
2025-05-08,KRYA.JK,139.0,169.0,21.58,5
2025-05-08,BTEK.JK,5.0,6.0,20.0,6
2025-05-08,HADE.JK,6.0,7.0,16.67,7
2025-05-08,JGLE.JK,7.0,8.0,14.29,8
2025-05-08,TAXI.JK,7.0,8.0,14.29,9
2025-05-08,MOLI.JK,200.0,226.0,13.0,10
2025-05-09,TAYS.JK,52.0,70.0,34.62,1
2025-05-09,MPOW.JK,111.0,149.0,34.23,2
2025-05-09,SKBM.JK,322.0,402.0,24.84,3
2025-05-09,JATI.JK,150.0,180.0,20.0,4
2025-05-09,UVCR.JK,56.0,67.0,19.64,5
2025-05-09,BESS.JK,1255.0,1475.0,17.53,6
2025-05-09,GTRA.JK,118.0,136.0,15.25,7
2025-05-09,DADA.JK,7.0,8.0,14.29,8
2025-05-09,HADE.JK,7.0,8.0,14.29,9
2025-05-09,JGLE.JK,8.0,9.0,12.5,10
2025-05-14,BBSS.JK,200.0,270.0,35.0,1
2025-05-14,FITT.JK,156.0,210.0,34.62,2
2025-05-14,TGUK.JK,78.0,105.0,34.62,3
2025-05-14,AKSI.JK,189.0,254.0,34.39,4
2025-05-14,BTEK.JK,5.0,6.0,20.0,5
2025-05-14,FIRE.JK,73.0,87.0,19.18,6
2025-05-14,UVCR.JK,67.0,79.0,17.91,7
2025-05-14,TFAS.JK,120.0,140.0,16.67,8
2025-05-14,PTPS.JK,79.0,92.0,16.46,9
2025-05-14,APLI.JK,525.0,600.0,14.29,10
2025-05-15,SSTM.JK,159.0,214.0,34.59,1
2025-05-15,WAPO.JK,137.0,184.0,34.31,2
2025-05-15,STRK.JK,50.0,65.0,30.0,3
2025-05-15,MTFN.JK,4.0,5.0,25.0,4
2025-05-15,FITT.JK,210.0,262.0,24.76,5
2025-05-15,HELI.JK,246.0,306.0,24.39,6
2025-05-15,AKSI.JK,254.0,308.0,21.26,7
2025-05-15,PAMG.JK,71.0,85.0,19.72,8
2025-05-15,SGRO.JK,2630.0,3100.0,17.87,9
2025-05-15,AMAN.JK,101.0,119.0,17.82,10
2025-05-16,COCO.JK,72.0,97.0,34.72,1
2025-05-16,SMGA.JK,69.0,83.0,20.29,2
2025-05-16,LMPI.JK,135.0,160.0,18.52,3
2025-05-16,PGEO.JK,1080.0,1270.0,17.59,4
2025-05-16,BTEK.JK,6.0,7.0,16.67,5
2025-05-16,MDRN.JK,7.0,8.0,14.29,6
2025-05-16,FWCT.JK,158.0,180.0,13.92,7
2025-05-16,BAIK.JK,67.0,76.0,13.43,8
2025-05-16,ITMA.JK,760.0,860.0,13.16,9
2025-05-16,FAST.JK,161.0,182.0,13.04,10
2025-05-19,ERTX.JK,95.0,128.0,34.74,1
2025-05-19,COCO.JK,97.0,130.0,34.02,2
2025-05-19,IDPR.JK,174.0,206.0,18.39,3
2025-05-19,TOBA.JK,400.0,472.0,18.0,4
2025-05-19,TARA.JK,8.0,9.0,12.5,5
2025-05-19,BAPI.JK,9.0,10.0,11.11,6
2025-05-19,ELTY.JK,9.0,10.0,11.11,7
2025-05-19,BMTR.JK,139.0,154.0,10.79,8
2025-05-19,DNAR.JK,116.0,128.0,10.34,9
2025-05-19,EPAC.JK,10.0,11.0,10.0,10
2025-05-20,PICO.JK,109.0,147.0,34.86,1
2025-05-20,COCO.JK,130.0,175.0,34.62,2
2025-05-20,TRIN.JK,92.0,118.0,28.26,3
2025-05-20,LAJU.JK,50.0,64.0,28.0,4
2025-05-20,PTIS.JK,282.0,352.0,24.82,5
2025-05-20,BAIK.JK,72.0,87.0,20.83,6
2025-05-20,KAEF.JK,490.0,580.0,18.37,7
2025-05-20,CUAN.JK,995.0,1167.5,17.34,8
2025-05-20,KMTR.JK,302.0,340.0,12.58,9
2025-05-20,JGLE.JK,8.0,9.0,12.5,10
2025-05-21,FAST.JK,178.0,240.0,34.83,1
2025-05-21,BBSS.JK,274.0,342.0,24.82,2
2025-05-21,MSIN.JK,505.0,625.0,23.76,3
2025-05-21,BTEK.JK,6.0,7.0,16.67,4
2025-05-21,BCIP.JK,55.0,64.0,16.36,5
2025-05-21,LPGI.JK,482.0,560.0,16.18,6
2025-05-21,INCO.JK,2930.0,3300.0,12.63,7
2025-05-21,DADA.JK,8.0,9.0,12.5,8
2025-05-21,CENT.JK,98.0,109.0,11.22,9
2025-05-21,BAPI.JK,9.0,10.0,11.11,10
2025-05-22,COCO.JK,175.0,236.0,34.86,1
2025-05-22,FAST.JK,240.0,300.0,25.0,2
2025-05-22,FITT.JK,262.0,326.0,24.43,3
2025-05-22,MITI.JK,160.0,198.0,23.75,4
2025-05-22,PTIS.JK,380.0,460.0,21.05,5
2025-05-22,BDKR.JK,137.0,159.0,16.06,6
2025-05-22,BCIP.JK,64.0,74.0,15.62,7
2025-05-22,ACES.JK,525.0,595.0,13.33,8
2025-05-22,IKAI.JK,8.0,9.0,12.5,9
2025-05-22,TARA.JK,8.0,9.0,12.5,10
2025-05-23,BAJA.JK,86.0,116.0,34.88,1
2025-05-23,TGUK.JK,102.0,137.0,34.31,2
2025-05-23,BTEK.JK,6.0,7.0,16.67,3
2025-05-23,FAST.JK,300.0,350.0,16.67,4
2025-05-23,MDRN.JK,7.0,8.0,14.29,5
2025-05-23,TAXI.JK,7.0,8.0,14.29,6
2025-05-23,RAJA.JK,2310.0,2600.0,12.55,7
2025-05-23,DADA.JK,8.0,9.0,12.5,8
2025-05-23,SHIP.JK,1890.0,2110.0,11.64,9
2025-05-23,IKAI.JK,9.0,10.0,11.11,10
2025-05-26,ZYRX.JK,116.0,156.0,34.48,1
2025-05-26,INRU.JK,402.0,500.0,24.38,2
2025-05-26,FPNI.JK,196.0,224.0,14.29,3
2025-05-26,BAIK.JK,83.0,93.0,12.05,4
2025-05-26,BAPI.JK,9.0,10.0,11.11,5
2025-05-26,SULI.JK,91.0,101.0,10.99,6
2025-05-26,AYLS.JK,93.0,103.0,10.75,7
2025-05-26,AXIO.JK,123.0,136.0,10.57,8
2025-05-26,DIVA.JK,105.0,116.0,10.48,9
2025-05-26,AKKU.JK,30.0,33.0,10.0,10
2025-05-27,AYLS.JK,103.0,139.0,34.95,1
2025-05-27,MBTO.JK,83.0,112.0,34.94,2
2025-05-27,GTBO.JK,130.0,175.0,34.62,3
2025-05-27,INRU.JK,500.0,625.0,25.0,4
2025-05-27,MRAT.JK,252.0,314.0,24.6,5
2025-05-27,HELI.JK,270.0,308.0,14.07,6
2025-05-27,BAIK.JK,93.0,105.0,12.9,7
2025-05-27,HADE.JK,9.0,10.0,11.11,8
2025-05-27,KREN.JK,9.0,10.0,11.11,9
2025-05-27,ZYRX.JK,156.0,173.0,10.9,10
2025-05-28,GTBO.JK,175.0,236.0,34.86,1
2025-05-28,INDX.JK,69.0,93.0,34.78,2
2025-05-28,MTFN.JK,4.0,5.0,25.0,3
2025-05-28,MAPB.JK,1085.0,1355.0,24.88,4
2025-05-28,INRU.JK,625.0,780.0,24.8,5
2025-05-28,JECC.JK,905.0,1125.0,24.31,6
2025-05-28,IFSH.JK,815.0,955.0,17.18,7
2025-05-28,INAI.JK,157.0,177.0,12.74,8
2025-05-28,JGLE.JK,8.0,9.0,12.5,9
2025-05-28,TGKA.JK,6400.0,7125.0,11.33,10
2025-06-02,RMKO.JK,93.0,125.0,34.41,1
2025-06-02,BAJA.JK,111.0,147.0,32.43,2
2025-06-02,PSAB.JK,312.0,390.0,25.0,3
2025-06-02,KAEF.JK,535.0,655.0,22.43,4
2025-06-02,PEHA.JK,278.0,340.0,22.3,5
2025-06-02,IRRA.JK,444.0,530.0,19.37,6
2025-06-02,BCIP.JK,83.0,95.0,14.46,7
2025-06-02,TAXI.JK,7.0,8.0,14.29,8
2025-06-02,MBSS.JK,1135.0,1250.0,10.13,9
2025-06-02,ASHA.JK,20.0,22.0,10.0,10
2025-06-03,TMPO.JK,120.0,162.0,35.0,1
2025-06-03,AXIO.JK,126.0,170.0,34.92,2
2025-06-03,ZYRX.JK,152.0,191.0,25.66,3
2025-06-03,FAST.JK,264.0,330.0,25.0,4
2025-06-03,PSAB.JK,390.0,486.0,24.62,5
2025-06-03,FORE.JK,410.0,510.0,24.39,6
2025-06-03,ASBI.JK,414.0,505.0,21.98,7
2025-06-03,MDRN.JK,7.0,8.0,14.29,8
2025-06-03,JAWA.JK,129.0,145.0,12.4,9
2025-06-03,CBUT.JK,1000.0,1120.0,12.0,10
2025-06-04,MTFN.JK,4.0,5.0,25.0,1
2025-06-04,TOBA.JK,452.0,565.0,25.0,2
2025-06-04,MBMA.JK,362.0,452.0,24.86,3
2025-06-04,FORE.JK,510.0,635.0,24.51,4
2025-06-04,MLPT.JK,21075.0,25275.0,19.93,5
2025-06-04,SMIL.JK,220.0,262.0,19.09,6
2025-06-04,SOLA.JK,122.0,144.0,18.03,7
2025-06-04,KPIG.JK,121.0,141.0,16.53,8
2025-06-04,ALKA.JK,320.0,372.0,16.25,9
2025-06-04,DEWA.JK,166.0,191.0,15.06,10
2025-06-05,PNSE.JK,390.0,486.0,24.62,1
2025-06-05,SHIP.JK,2300.0,2800.0,21.74,2
2025-06-05,BTEK.JK,5.0,6.0,20.0,3
2025-06-05,GDST.JK,100.0,120.0,20.0,4
2025-06-05,MLPT.JK,25275.0,30325.0,19.98,5
2025-06-05,BRPT.JK,1290.0,1510.0,17.05,6
2025-06-05,INRU.JK,795.0,920.0,15.72,7
2025-06-05,MPXL.JK,125.0,141.0,12.8,8
2025-06-05,RATU.JK,5975.0,6700.0,12.13,9
2025-06-05,HADE.JK,9.0,10.0,11.11,10
2025-06-10,MPXL.JK,141.0,190.0,34.75,1
2025-06-10,BAIK.JK,95.0,126.0,32.63,2
2025-06-10,PNSE.JK,486.0,605.0,24.49,3
2025-06-10,JECC.JK,1085.0,1340.0,23.5,4
2025-06-10,TOBA.JK,545.0,670.0,22.94,5
2025-06-10,RIGS.JK,705.0,850.0,20.57,6
2025-06-10,MLPT.JK,30325.0,36375.0,19.95,7
2025-06-10,CBUT.JK,1200.0,1410.0,17.5,8
2025-06-10,NICL.JK,1130.0,1325.0,17.26,9
2025-06-10,TMPO.JK,137.0,158.0,15.33,10
2025-06-11,LCKM.JK,193.0,260.0,34.72,1
2025-06-11,NICK.JK,800.0,1000.0,25.0,2
2025-06-11,PNSE.JK,605.0,755.0,24.79,3
2025-06-11,KOPI.JK,545.0,680.0,24.77,4
2025-06-11,NZIA.JK,74.0,86.0,16.22,5
2025-06-11,MBMA.JK,414.0,478.0,15.46,6
2025-06-11,BKSL.JK,100.0,115.0,15.0,7
2025-06-11,MTWI.JK,178.0,204.0,14.61,8
2025-06-11,BUVA.JK,62.0,71.0,14.52,9
2025-06-11,INPS.JK,104.0,119.0,14.42,10
2025-06-12,JATI.JK,107.0,144.0,34.58,1
2025-06-12,KRAS.JK,136.0,183.0,34.56,2
2025-06-12,IKAN.JK,58.0,78.0,34.48,3
2025-06-12,KOPI.JK,680.0,850.0,25.0,4
2025-06-12,SMBR.JK,244.0,304.0,24.59,5
2025-06-12,PNSE.JK,755.0,940.0,24.5,6
2025-06-12,VKTR.JK,83.0,103.0,24.1,7
2025-06-12,BTEK.JK,5.0,6.0,20.0,8
2025-06-12,JECC.JK,1310.0,1565.0,19.47,9
2025-06-12,OASA.JK,165.0,192.0,16.36,10
2025-06-13,JAWA.JK,140.0,189.0,35.0,1
2025-06-13,MTFN.JK,3.0,4.0,33.33,2
2025-06-13,MBSS.JK,1465.0,1830.0,24.91,3
2025-06-13,ASBI.JK,474.0,585.0,23.42,4
2025-06-13,ARCI.JK,418.0,515.0,23.21,5
2025-06-13,JATI.JK,144.0,177.0,22.92,6
2025-06-13,KRAS.JK,183.0,216.0,18.03,7
2025-06-13,HRTA.JK,630.0,725.0,15.08,8
2025-06-13,BALI.JK,1440.0,1635.0,13.54,9
2025-06-13,HUMI.JK,52.0,59.0,13.46,10
2025-06-16,MBSS.JK,1830.0,2280.0,24.59,1
2025-06-16,PDES.JK,358.0,444.0,24.02,2
2025-06-16,BTEK.JK,5.0,6.0,20.0,3
2025-06-16,STRK.JK,71.0,85.0,19.72,4
2025-06-16,ENRG.JK,274.0,324.0,18.25,5
2025-06-16,MDRN.JK,7.0,8.0,14.29,6
2025-06-16,BRRC.JK,51.0,58.0,13.73,7
2025-06-16,MINE.JK,510.0,570.0,11.76,8
2025-06-16,KREN.JK,9.0,10.0,11.11,9
2025-06-16,ZATA.JK,9.0,10.0,11.11,10
2025-06-17,ASPI.JK,135.0,182.0,34.81,1
2025-06-17,TMPO.JK,145.0,195.0,34.48,2
2025-06-17,PNSE.JK,730.0,910.0,24.66,3
2025-06-17,MBSS.JK,2280.0,2760.0,21.05,4
2025-06-17,LCKM.JK,200.0,238.0,19.0,5
2025-06-17,JAWA.JK,161.0,188.0,16.77,6
2025-06-17,KPIG.JK,144.0,166.0,15.28,7
2025-06-17,BPTR.JK,83.0,95.0,14.46,8
2025-06-17,PART.JK,102.0,115.0,12.75,9
2025-06-17,IKAI.JK,8.0,9.0,12.5,10
2025-06-18,KRYA.JK,73.0,98.0,34.25,1
2025-06-18,ASPI.JK,182.0,244.0,34.07,2
2025-06-18,HALO.JK,65.0,87.0,33.85,3
2025-06-18,MTFN.JK,3.0,4.0,33.33,4
2025-06-18,MKAP.JK,244.0,304.0,24.59,5
2025-06-18,SURI.JK,73.0,90.0,23.29,6
2025-06-18,BTEK.JK,5.0,6.0,20.0,7
2025-06-18,ESSA.JK,610.0,705.0,15.57,8
2025-06-18,OBAT.JK,454.0,520.0,14.54,9
2025-06-18,SSIA.JK,1300.0,1475.0,13.46,10
2025-06-19,CSIS.JK,60.0,81.0,35.0,1
2025-06-19,LABA.JK,163.0,202.0,23.93,2
2025-06-19,NZIA.JK,82.0,100.0,21.95,3
2025-06-19,PTMR.JK,156.0,179.0,14.74,4
2025-06-19,BALI.JK,1570.0,1800.0,14.65,5
2025-06-19,MDRN.JK,7.0,8.0,14.29,6
2025-06-19,FUJI.JK,364.0,414.0,13.74,7
2025-06-19,SULI.JK,97.0,109.0,12.37,8
2025-06-19,ARCI.JK,540.0,600.0,11.11,9
2025-06-19,CTBN.JK,7775.0,8525.0,9.65,10
2025-06-20,SSTM.JK,170.0,228.0,34.12,1
2025-06-20,PTMR.JK,179.0,240.0,34.08,2
2025-06-20,MTFN.JK,3.0,4.0,33.33,3
2025-06-20,AGAR.JK,218.0,272.0,24.77,4
2025-06-20,APEX.JK,111.0,136.0,22.52,5
2025-06-20,FOLK.JK,59.0,72.0,22.03,6
2025-06-20,CINT.JK,167.0,197.0,17.96,7
2025-06-20,JECC.JK,895.0,1055.0,17.88,8
2025-06-20,MLPT.JK,33500.0,39450.0,17.76,9
2025-06-20,ISEA.JK,62.0,71.0,14.52,10
2025-06-23,SICO.JK,106.0,135.0,27.36,1
2025-06-23,PNSE.JK,760.0,950.0,25.0,2
2025-06-23,PTMR.JK,240.0,300.0,25.0,3
2025-06-23,RUIS.JK,189.0,234.0,23.81,4
2025-06-23,APEX.JK,136.0,164.0,20.59,5
2025-06-23,KRYA.JK,97.0,116.0,19.59,6
2025-06-23,OKAS.JK,124.0,146.0,17.74,7
2025-06-23,IKAI.JK,8.0,9.0,12.5,8
2025-06-23,INPS.JK,111.0,123.0,10.81,9
2025-06-23,GRPM.JK,50.0,55.0,10.0,10
2025-06-24,JSPT.JK,3590.0,4480.0,24.79,1
2025-06-24,JIHD.JK,525.0,655.0,24.76,2
2025-06-24,SMDM.JK,690.0,860.0,24.64,3
2025-06-24,JATI.JK,129.0,159.0,23.26,4
2025-06-24,KRAS.JK,182.0,224.0,23.08,5
2025-06-24,LABA.JK,165.0,202.0,22.42,6
2025-06-24,FUTR.JK,59.0,71.0,20.34,7
2025-06-24,PTMP.JK,56.0,67.0,19.64,8
2025-06-24,NICK.JK,1235.0,1450.0,17.41,9
2025-06-24,MPXL.JK,139.0,163.0,17.27,10
2025-06-25,PTMP.JK,67.0,90.0,34.33,1
2025-06-25,JSPT.JK,4480.0,5600.0,25.0,2
2025-06-25,SMDM.JK,860.0,1075.0,25.0,3
2025-06-25,PTMR.JK,300.0,374.0,24.67,4
2025-06-25,AXIO.JK,123.0,143.0,16.26,5
2025-06-25,NZIA.JK,83.0,96.0,15.66,6
2025-06-25,BUVA.JK,75.0,86.0,14.67,7
2025-06-25,BNLI.JK,2590.0,2960.0,14.29,8
2025-06-25,MDRN.JK,7.0,8.0,14.29,9
2025-06-25,ZYRX.JK,135.0,152.0,12.59,10
2025-06-26,SAFE.JK,180.0,242.0,34.44,1
2025-06-26,DADA.JK,6.0,7.0,16.67,2
2025-06-26,TAXI.JK,6.0,7.0,16.67,3
2025-06-26,DATA.JK,1180.0,1340.0,13.56,4
2025-06-26,INPS.JK,135.0,153.0,13.33,5
2025-06-26,BALI.JK,1610.0,1815.0,12.73,6
2025-06-26,PTMP.JK,90.0,101.0,12.22,7
2025-06-26,MCAS.JK,1055.0,1180.0,11.85,8
2025-06-26,LPLI.JK,246.0,272.0,10.57,9
2025-06-26,BNLI.JK,2960.0,3260.0,10.14,10
2025-06-30,BTPN.JK,2020.0,2520.0,24.75,1
2025-06-30,KRYA.JK,123.0,149.0,21.14,2
2025-06-30,MTLA.JK,422.0,500.0,18.48,3
2025-06-30,JAYA.JK,92.0,108.0,17.39,4
2025-06-30,BBSS.JK,254.0,294.0,15.75,5
2025-06-30,VAST.JK,127.0,147.0,15.75,6
2025-06-30,MBMA.JK,400.0,460.0,15.0,7
2025-06-30,KRAS.JK,216.0,246.0,13.89,8
2025-06-30,AWAN.JK,240.0,272.0,13.33,9
2025-06-30,BULL.JK,130.0,146.0,12.31,10
2025-07-01,MINA.JK,66.25,88.87,34.15,1
2025-07-01,KRYA.JK,149.0,197.0,32.21,2
2025-07-01,APEX.JK,118.0,141.0,19.49,3
2025-07-01,MDRN.JK,6.0,7.0,16.67,4
2025-07-01,ARCI.JK,560.0,630.0,12.5,5
2025-07-01,BAPI.JK,8.0,9.0,12.5,6
2025-07-01,BUVA.JK,73.0,82.0,12.33,7
2025-07-01,PNSE.JK,870.0,970.0,11.49,8
2025-07-01,LEAD.JK,71.0,79.0,11.27,9
2025-07-01,INRU.JK,900.0,990.0,10.0,10
2025-07-02,KRYA.JK,197.0,264.0,34.01,1
2025-07-02,NAIK.JK,148.0,191.0,29.05,2
2025-07-02,PTMP.JK,93.0,120.0,29.03,3
2025-07-02,CINT.JK,154.0,191.0,24.03,4
2025-07-02,NASI.JK,77.0,93.0,20.78,5
2025-07-02,OILS.JK,100.0,116.0,16.0,6
2025-07-02,HADE.JK,7.0,8.0,14.29,7
2025-07-02,IKAI.JK,7.0,8.0,14.29,8
2025-07-02,MINA.JK,88.87,99.37,11.82,9
2025-07-02,TOWR.JK,494.0,550.0,11.34,10
2025-07-03,COCO.JK,155.0,208.0,34.19,1
2025-07-03,ARGO.JK,600.0,750.0,25.0,2
2025-07-03,SAPX.JK,260.0,324.0,24.62,3
2025-07-03,INPS.JK,149.0,178.0,19.46,4
2025-07-03,GDST.JK,100.0,119.0,19.0,5
2025-07-03,KRAS.JK,234.0,270.0,15.38,6
2025-07-03,BAJA.JK,116.0,132.0,13.79,7
2025-07-03,SMBR.JK,280.0,318.0,13.57,8
2025-07-03,MTWI.JK,216.0,242.0,12.04,9
2025-07-03,AREA.JK,410.0,452.0,10.24,10
2025-07-04,GTBO.JK,158.0,212.0,34.18,1
2025-07-04,SHID.JK,690.0,860.0,24.64,2
2025-07-04,FAST.JK,278.0,346.0,24.46,3
2025-07-04,KRAS.JK,270.0,314.0,16.3,4
2025-07-04,IKAI.JK,7.0,8.0,14.29,5
2025-07-04,JGLE.JK,8.0,9.0,12.5,6
2025-07-04,WAPO.JK,141.0,158.0,12.06,7
2025-07-04,ARGO.JK,750.0,840.0,12.0,8
2025-07-04,BDKR.JK,156.0,174.0,11.54,9
2025-07-04,MBSS.JK,1375.0,1530.0,11.27,10
2025-07-07,MTFN.JK,3.0,4.0,33.33,1
2025-07-07,VICO.JK,144.0,192.0,33.33,2
2025-07-07,SHID.JK,860.0,1075.0,25.0,3
2025-07-07,LABA.JK,234.0,270.0,15.38,4
2025-07-07,TRJA.JK,137.0,155.0,13.14,5
2025-07-07,VINS.JK,115.0,130.0,13.04,6
2025-07-07,FILM.JK,1954.55,2200.0,12.56,7
2025-07-07,BAPI.JK,8.0,9.0,12.5,8
2025-07-07,GTBO.JK,212.0,238.0,12.26,9
2025-07-07,ELTY.JK,9.0,10.0,11.11,10
2025-07-08,MTFN.JK,4.0,5.0,25.0,1
2025-07-08,NICE.JK,370.0,462.0,24.86,2
2025-07-08,ARTA.JK,1915.0,2390.0,24.8,3
2025-07-08,TAXI.JK,6.0,7.0,16.67,4
2025-07-08,INET.JK,163.0,190.0,16.56,5
2025-07-08,IKAI.JK,7.0,8.0,14.29,6
2025-07-08,MREI.JK,810.0,925.0,14.2,7
2025-07-08,LABA.JK,270.0,308.0,14.07,8
2025-07-08,PMJS.JK,117.0,132.0,12.82,9
2025-07-08,FORE.JK,560.0,630.0,12.5,10
2025-07-09,IOTF.JK,65.0,87.0,33.85,1
2025-07-09,PSAT.JK,1125.0,1405.0,24.89,2
2025-07-09,NICE.JK,462.0,575.0,24.46,3
2025-07-09,JATI.JK,141.0,174.0,23.4,4
2025-07-09,MTFN.JK,5.0,6.0,20.0,5
2025-07-09,MINA.JK,95.33,114.0,19.58,6
2025-07-09,TBMS.JK,820.0,945.0,15.24,7
2025-07-09,DADA.JK,7.0,8.0,14.29,8
2025-07-09,INPS.JK,128.0,145.0,13.28,9
2025-07-09,HADE.JK,8.0,9.0,12.5,10
2025-07-10,COIN.JK,135.0,182.0,34.81,1
2025-07-10,IOTF.JK,87.0,117.0,34.48,2
2025-07-10,CDIA.JK,256.0,320.0,25.0,3
2025-07-10,PSAT.JK,1405.0,1755.0,24.91,4
2025-07-10,AIMS.JK,298.0,372.0,24.83,5
2025-07-10,HUMI.JK,53.0,63.0,18.87,6
2025-07-10,LABA.JK,308.0,358.0,16.23,7
2025-07-10,AKPI.JK,595.0,680.0,14.29,8
2025-07-10,TARA.JK,9.0,10.0,11.11,9
2025-07-10,WMUU.JK,9.0,10.0,11.11,10
2025-07-11,MERI.JK,172.0,232.0,34.88,1
2025-07-11,COIN.JK,182.0,244.0,34.07,2
2025-07-11,ASPI.JK,208.0,260.0,25.0,3
2025-07-11,BLOG.JK,312.0,390.0,25.0,4
2025-07-11,CDIA.JK,320.0,400.0,25.0,5
2025-07-11,PSAT.JK,1755.0,2190.0,24.79,6
2025-07-11,SHID.JK,930.0,1160.0,24.73,7
2025-07-11,BTEK.JK,5.0,6.0,20.0,8
2025-07-11,CHEK.JK,172.0,198.0,15.12,9
2025-07-11,MPPA.JK,54.0,62.0,14.81,10
2025-07-14,CDIA.JK,400.0,500.0,25.0,1
2025-07-14,MERI.JK,232.0,290.0,25.0,2
2025-07-14,SSIA.JK,1865.0,2330.0,24.93,3
2025-07-14,NRCA.JK,338.0,422.0,24.85,4
2025-07-14,PTRO.JK,3190.0,3980.0,24.76,5
2025-07-14,PSAT.JK,2190.0,2730.0,24.66,6
2025-07-14,BLOG.JK,390.0,486.0,24.62,7
2025-07-14,COIN.JK,244.0,304.0,24.59,8
2025-07-14,SURE.JK,2260.0,2710.0,19.91,9
2025-07-14,BREN.JK,6100.0,7300.0,19.67,10
2025-07-15,INET.JK,185.0,240.0,29.73,1
2025-07-15,ARGO.JK,720.0,900.0,25.0,2
2025-07-15,CDIA.JK,500.0,625.0,25.0,3
2025-07-15,COIN.JK,304.0,380.0,25.0,4
2025-07-15,MTFN.JK,4.0,5.0,25.0,5
2025-07-15,MERI.JK,290.0,362.0,24.83,6
2025-07-15,BLOG.JK,486.0,605.0,24.49,7
2025-07-15,NRCA.JK,422.0,525.0,24.41,8
2025-07-15,SSIA.JK,2330.0,2740.0,17.6,9
2025-07-15,PAMG.JK,80.0,92.0,15.0,10
2025-07-16,ARGO.JK,900.0,1125.0,25.0,1
2025-07-16,EDGE.JK,3850.0,4810.0,24.94,2
2025-07-16,MERI.JK,362.0,452.0,24.86,3
2025-07-16,CDIA.JK,625.0,780.0,24.8,4
2025-07-16,BLOG.JK,605.0,755.0,24.79,5
2025-07-16,NRCA.JK,525.0,655.0,24.76,6
2025-07-16,COIN.JK,380.0,474.0,24.74,7
2025-07-16,PYFA.JK,252.0,310.0,23.02,8
2025-07-16,PNSE.JK,750.0,920.0,22.67,9
2025-07-16,SAFE.JK,224.0,270.0,20.54,10
2025-07-17,OKAS.JK,148.0,199.0,34.46,1
2025-07-17,PEGE.JK,108.0,145.0,34.26,2
2025-07-17,MERI.JK,452.0,565.0,25.0,3
2025-07-17,MTFN.JK,4.0,5.0,25.0,4
2025-07-17,ARGO.JK,1125.0,1405.0,24.89,5
2025-07-17,FMII.JK,314.0,392.0,24.84,6
2025-07-17,NRCA.JK,655.0,815.0,24.43,7
2025-07-17,BTEK.JK,5.0,6.0,20.0,8
2025-07-17,DCII.JK,186050.0,223250.0,19.99,9
2025-07-17,PTPS.JK,94.0,112.0,19.15,10
2025-07-18,OKAS.JK,199.0,268.0,34.67,1
2025-07-18,BOLA.JK,105.0,134.0,27.62,2
2025-07-18,CDIA.JK,780.0,975.0,25.0,3
2025-07-18,PYFA.JK,312.0,390.0,25.0,4
2025-07-18,TOBA.JK,925.0,1155.0,24.86,5
2025-07-18,COIN.JK,474.0,590.0,24.47,6
2025-07-18,RELI.JK,454.0,565.0,24.45,7
2025-07-18,WIFI.JK,2200.0,2700.0,22.73,8
2025-07-18,BWPT.JK,67.0,81.0,20.9,9
2025-07-18,TEBE.JK,850.0,975.0,14.71,10
2025-07-21,BWPT.JK,81.0,109.0,34.57,1
2025-07-21,PTPS.JK,107.0,134.0,25.23,2
2025-07-21,RELI.JK,565.0,705.0,24.78,3
2025-07-21,KETR.JK,202.0,252.0,24.75,4
2025-07-21,CDIA.JK,975.0,1215.0,24.62,5
2025-07-21,COIN.JK,590.0,735.0,24.58,6
2025-07-21,PGUN.JK,570.0,710.0,24.56,7
2025-07-21,NRCA.JK,815.0,1015.0,24.54,8
2025-07-21,BUVA.JK,86.0,107.0,24.42,9
2025-07-21,MINA.JK,85.0,105.0,23.53,10
2025-07-22,COCO.JK,176.0,236.0,34.09,1
2025-07-22,RELI.JK,705.0,880.0,24.82,2
2025-07-22,CDIA.JK,1215.0,1515.0,24.69,3
2025-07-22,DATA.JK,1525.0,1820.0,19.34,4
2025-07-22,JECC.JK,840.0,980.0,16.67,5
2025-07-22,TAXI.JK,6.0,7.0,16.67,6
2025-07-22,ARKO.JK,845.0,965.0,14.2,7
2025-07-22,DOOH.JK,111.0,126.0,13.51,8
2025-07-22,INDR.JK,2460.0,2790.0,13.41,9
2025-07-22,AYLS.JK,103.0,116.0,12.62,10
2025-07-23,KOKA.JK,69.0,93.0,34.78,1
2025-07-23,AMAR.JK,167.0,224.0,34.13,2
2025-07-23,IMJS.JK,188.0,252.0,34.04,3
2025-07-23,ARGO.JK,1240.0,1550.0,25.0,4
2025-07-23,IMAS.JK,880.0,1100.0,25.0,5
2025-07-23,DCII.JK,288950.0,346725.0,19.99,6
2025-07-23,ARTA.JK,3270.0,3890.0,18.96,7
2025-07-23,INPC.JK,156.0,179.0,14.74,8
2025-07-23,HADE.JK,7.0,8.0,14.29,9
2025-07-23,ADMR.JK,1085.0,1225.0,12.9,10
2025-07-24,VERN.JK,119.0,158.0,32.77,1
2025-07-24,NICK.JK,1100.0,1375.0,25.0,2
2025-07-24,ARGO.JK,1550.0,1935.0,24.84,3
2025-07-24,FMII.JK,318.0,396.0,24.53,4
2025-07-24,SMMA.JK,15775.0,18925.0,19.97,5
2025-07-24,BESS.JK,1005.0,1175.0,16.92,6
2025-07-24,BABY.JK,250.0,292.0,16.8,7
2025-07-24,TAXI.JK,6.0,7.0,16.67,8
2025-07-24,NICL.JK,1075.0,1250.0,16.28,9
2025-07-24,DADA.JK,7.0,8.0,14.29,10
2025-07-25,CLAY.JK,740.0,925.0,25.0,1
2025-07-25,FUJI.JK,398.0,496.0,24.62,2
2025-07-25,PGUN.JK,735.0,915.0,24.49,3
2025-07-25,BUVA.JK,110.0,133.0,20.91,4
2025-07-25,SMMA.JK,18925.0,22700.0,19.95,5
2025-07-25,HADE.JK,7.0,8.0,14.29,6
2025-07-25,JGLE.JK,7.0,8.0,14.29,7
2025-07-25,NICK.JK,1375.0,1560.0,13.45,8
2025-07-25,IMPC.JK,392.0,442.0,12.76,9
2025-07-25,BAJA.JK,125.0,140.0,12.0,10
2025-07-28,AMIN.JK,156.0,210.0,34.62,1
2025-07-28,BUVA.JK,133.0,179.0,34.59,2
2025-07-28,SOLA.JK,113.0,152.0,34.51,3
2025-07-28,MTFN.JK,4.0,5.0,25.0,4
2025-07-28,CLAY.JK,925.0,1155.0,24.86,5
2025-07-28,SMMT.JK,870.0,1085.0,24.71,6
2025-07-28,PGUN.JK,915.0,1140.0,24.59,7
2025-07-28,BTEK.JK,5.0,6.0,20.0,8
2025-07-28,LIVE.JK,159.0,185.0,16.35,9
2025-07-28,SCNP.JK,152.0,176.0,15.79,10
2025-07-29,SWID.JK,60.0,81.0,35.0,1
2025-07-29,RUIS.JK,187.0,252.0,34.76,2
2025-07-29,PGLI.JK,141.0,190.0,34.75,3
2025-07-29,PTPS.JK,129.0,162.0,25.58,4
2025-07-29,JARR.JK,436.0,545.0,25.0,5
2025-07-29,KBLM.JK,378.0,466.0,23.28,6
2025-07-29,APEX.JK,118.0,144.0,22.03,7
2025-07-29,CLAY.JK,1155.0,1390.0,20.35,8
2025-07-29,MLPT.JK,32375.0,38850.0,20.0,9
2025-07-29,BKSL.JK,133.0,158.0,18.8,10
2025-07-30,SSTM.JK,163.0,220.0,34.97,1
2025-07-30,IKAN.JK,63.0,85.0,34.92,2
2025-07-30,ISEA.JK,66.0,89.0,34.85,3
2025-07-30,SWID.JK,81.0,109.0,34.57,4
2025-07-30,JAST.JK,64.0,86.0,34.38,5
2025-07-30,PGUN.JK,1140.0,1425.0,25.0,6
2025-07-30,COCO.JK,274.0,342.0,24.82,7
2025-07-30,JARR.JK,545.0,680.0,24.77,8
2025-07-30,TEBE.JK,1050.0,1300.0,23.81,9
2025-07-30,FMII.JK,330.0,404.0,22.42,10
2025-07-31,BRRC.JK,58.0,78.0,34.48,1
2025-07-31,BUVA.JK,194.0,260.0,34.02,2
2025-07-31,CGAS.JK,97.0,130.0,34.02,3
2025-07-31,KUAS.JK,51.0,68.0,33.33,4
2025-07-31,COCO.JK,342.0,426.0,24.56,5
2025-07-31,IKAN.JK,85.0,105.0,23.53,6
2025-07-31,BOAT.JK,100.0,123.0,23.0,7
2025-07-31,SCNP.JK,164.0,196.0,19.51,8
2025-07-31,PTSN.JK,240.0,284.0,18.33,9
2025-07-31,TIRA.JK,1840.0,2160.0,17.39,10
2025-08-01,MINA.JK,131.0,176.0,34.35,1
2025-08-01,DSFI.JK,64.0,85.0,32.81,2
2025-08-01,FUTR.JK,61.0,79.0,29.51,3
2025-08-01,FWCT.JK,134.0,171.0,27.61,4
2025-08-01,BOLA.JK,144.0,175.0,21.53,5
2025-08-01,FILM.JK,1700.0,2000.0,17.65,6
2025-08-01,OILS.JK,121.0,141.0,16.53,7
2025-08-01,JAST.JK,85.0,99.0,16.47,8
2025-08-01,BEER.JK,79.0,92.0,16.46,9
2025-08-01,ARKO.JK,910.0,1050.0,15.38,10
2025-08-04,PPRI.JK,138.0,186.0,34.78,1
2025-08-04,DKHH.JK,62.0,83.0,33.87,2
2025-08-04,OASA.JK,147.0,190.0,29.25,3
2025-08-04,AGAR.JK,224.0,280.0,25.0,4
2025-08-04,COIN.JK,800.0,1000.0,25.0,5
2025-08-04,KEJU.JK,670.0,835.0,24.63,6
2025-08-04,FILM.JK,2000.0,2470.0,23.5,7
2025-08-04,SWID.JK,95.0,116.0,22.11,8
2025-08-04,CHEM.JK,64.0,78.0,21.88,9
2025-08-04,BEER.JK,92.0,110.0,19.57,10
2025-08-05,MSKY.JK,58.0,78.0,34.48,1
2025-08-05,FITT.JK,179.0,240.0,34.08,2
2025-08-05,KBLV.JK,54.0,72.0,33.33,3
2025-08-05,RELI.JK,590.0,735.0,24.58,4
2025-08-05,KPIG.JK,177.0,220.0,24.29,5
2025-08-05,BCAP.JK,56.0,69.0,23.21,6
2025-08-05,FILM.JK,2470.0,2990.0,21.05,7
2025-08-05,COIN.JK,1000.0,1210.0,21.0,8
2025-08-05,CBUT.JK,1140.0,1300.0,14.04,9
2025-08-05,MPPA.JK,58.0,66.0,13.79,10
2025-08-06,SOLA.JK,139.0,187.0,34.53,1
2025-08-06,LUCK.JK,76.0,102.0,34.21,2
2025-08-06,KIOS.JK,54.0,68.0,25.93,3
2025-08-06,FORU.JK,1220.0,1525.0,25.0,4
2025-08-06,MTFN.JK,4.0,5.0,25.0,5
2025-08-06,CLAY.JK,1105.0,1380.0,24.89,6
2025-08-06,COIN.JK,1210.0,1510.0,24.79,7
2025-08-06,MTWI.JK,328.0,400.0,21.95,8
2025-08-06,IKAN.JK,105.0,128.0,21.9,9
2025-08-06,DOOH.JK,142.0,171.0,20.42,10
2025-08-07,FUTR.JK,80.0,104.0,30.0,1
2025-08-07,KBLV.JK,72.0,92.0,27.78,2
2025-08-07,MBTO.JK,92.0,117.0,27.17,3
2025-08-07,SMGA.JK,93.0,118.0,26.88,4
2025-08-07,CSIS.JK,83.0,105.0,26.51,5
2025-08-07,SOSS.JK,420.0,525.0,25.0,6
2025-08-07,COIN.JK,1510.0,1880.0,24.5,7
2025-08-07,RAAM.JK,270.0,336.0,24.44,8
2025-08-07,PPRI.JK,198.0,236.0,19.19,9
2025-08-07,BATR.JK,86.0,101.0,17.44,10
2025-08-08,INDX.JK,75.0,94.0,25.33,1
2025-08-08,SOSS.JK,525.0,655.0,24.76,2
2025-08-08,PPRI.JK,236.0,294.0,24.58,3
2025-08-08,SMDM.JK,775.0,965.0,24.52,4
2025-08-08,DSSA.JK,65500.0,78600.0,20.0,5
2025-08-08,IMPC.JK,565.0,660.0,16.81,6
2025-08-08,DKFT.JK,755.0,880.0,16.56,7
2025-08-08,SURE.JK,3740.0,4350.0,16.31,8
2025-08-08,PEVE.JK,384.0,446.0,16.15,9
2025-08-08,KETR.JK,242.0,278.0,14.88,10
2025-08-11,CHEM.JK,78.0,105.0,34.62,1
2025-08-11,PPRE.JK,59.0,79.0,33.9,2
2025-08-11,FUTR.JK,111.0,147.0,32.43,3
2025-08-11,BRNA.JK,670.0,835.0,24.63,4
2025-08-11,ARTA.JK,2940.0,3660.0,24.49,5
2025-08-11,WEGE.JK,51.0,63.0,23.53,6
2025-08-11,MLPT.JK,43000.0,51600.0,20.0,7
2025-08-11,BULL.JK,129.0,152.0,17.83,8
2025-08-11,CITY.JK,100.0,116.0,16.0,9
2025-08-11,MDLN.JK,53.0,61.0,15.09,10
2025-08-12,TNCA.JK,138.0,186.0,34.78,1
2025-08-12,DKHH.JK,78.0,105.0,34.62,2
2025-08-12,PPRE.JK,79.0,106.0,34.18,3
2025-08-12,GRPH.JK,50.0,67.0,34.0,4
2025-08-12,IMPC.JK,660.0,825.0,25.0,5
2025-08-12,INRU.JK,665.0,830.0,24.81,6
2025-08-12,UANG.JK,218.0,272.0,24.77,7
2025-08-12,BBYB.JK,288.0,352.0,22.22,8
2025-08-12,JKON.JK,78.0,95.0,21.79,9
2025-08-12,ZYRX.JK,136.0,164.0,20.59,10
2025-08-13,BELL.JK,52.0,70.0,34.62,1
2025-08-13,GRPH.JK,67.0,90.0,34.33,2
2025-08-13,KAQI.JK,50.0,67.0,34.0,3
2025-08-13,NTBK.JK,50.0,67.0,34.0,4
2025-08-13,SLIS.JK,56.0,75.0,33.93,5
2025-08-13,PNSE.JK,700.0,875.0,25.0,6
2025-08-13,UANG.JK,272.0,340.0,25.0,7
2025-08-13,DKHH.JK,105.0,131.0,24.76,8
2025-08-13,GEMA.JK,100.0,124.0,24.0,9
2025-08-13,CRSN.JK,114.0,136.0,19.3,10
2025-08-14,IOTF.JK,83.0,112.0,34.94,1
2025-08-14,GSMF.JK,56.0,75.0,33.93,2
2025-08-14,TOSK.JK,50.0,64.0,28.0,3
2025-08-14,WIRG.JK,126.0,160.0,26.98,4
2025-08-14,IDPR.JK,218.0,272.0,24.77,5
2025-08-14,UANG.JK,340.0,424.0,24.71,6
2025-08-14,JAST.JK,91.0,113.0,24.18,7
2025-08-14,LIFE.JK,8250.0,9900.0,20.0,8
2025-08-14,ASPI.JK,294.0,352.0,19.73,9
2025-08-14,KAQI.JK,67.0,79.0,17.91,10
2025-08-15,KBLV.JK,98.0,132.0,34.69,1
2025-08-15,UANG.JK,424.0,530.0,25.0,2
2025-08-15,MFIN.JK,770.0,960.0,24.68,3
2025-08-15,INPP.JK,790.0,980.0,24.05,4
2025-08-15,DPUM.JK,53.0,65.0,22.64,5
2025-08-15,LIFE.JK,9900.0,11875.0,19.95,6
2025-08-15,ARGO.JK,1460.0,1735.0,18.84,7
2025-08-15,GSMF.JK,75.0,87.0,16.0,8
2025-08-15,WIRG.JK,160.0,181.0,13.13,9
2025-08-15,MTFN.JK,8.0,9.0,12.5,10
2025-08-19,BEER.JK,100.0,135.0,35.0,1
2025-08-19,KBLV.JK,132.0,178.0,34.85,2
2025-08-19,MAYA.JK,193.0,260.0,34.72,3
2025-08-19,CSIS.JK,96.0,129.0,34.38,4
2025-08-19,ASLC.JK,71.0,95.0,33.8,5
2025-08-19,BAIK.JK,97.0,122.0,25.77,6
2025-08-19,MFIN.JK,960.0,1200.0,25.0,7
2025-08-19,MINE.JK,505.0,630.0,24.75,8
2025-08-19,LPPS.JK,69.0,85.0,23.19,9
2025-08-19,SCMA.JK,234.0,284.0,21.37,10
2025-08-20,CENT.JK,100.0,135.0,35.0,1
2025-08-20,ACST.JK,90.0,121.0,34.44,2
2025-08-20,BWPT.JK,130.0,166.0,27.69,3
2025-08-20,MFIN.JK,1200.0,1500.0,25.0,4
2025-08-20,SOSS.JK,540.0,675.0,25.0,5
2025-08-20,DATA.JK,1895.0,2360.0,24.54,6
2025-08-20,UANG.JK,530.0,660.0,24.53,7
2025-08-20,JARR.JK,805.0,1000.0,24.22,8
2025-08-20,SAPX.JK,298.0,370.0,24.16,9
2025-08-20,GZCO.JK,114.0,139.0,21.93,10
