ticker,gran,price,prob_ara_today,prob_ara_today_adj,ara_target_pct,day_roc,prox,coverage,rvol30,cr,breakout,mleft,regime_score
BELL.JK,1m,70.0,81.2,81.2,35.0,0.3208,0.916,0.0,141.22,1.0,False,0,0.5
LIFE.JK,1m,8250.0,80.2,80.2,20.0,0.1661,0.83,0.049,3.71,1.0,False,0,0.5
KAQI.JK,1m,67.0,76.7,76.7,35.0,0.34,0.971,0.0,2.09,1.0,False,0,0.5
DKHH.JK,1m,131.0,75.0,75.0,35.0,0.2358,0.674,0.014,11.08,1.0,False,0,0.5
GEMA.JK,1m,124.0,75.0,75.0,35.0,0.24,0.686,0.0,32.6,1.0,False,0,0.5
PNSE.JK,1m,875.0,72.0,72.0,25.0,0.1905,0.762,0.0,2.32,1.0,False,0,0.5
IMPC.JK,1m,825.0,69.7,69.7,25.0,0.1301,0.521,0.0,15.2,1.0,False,0,0.5
CRSN.JK,1m,136.0,64.9,64.9,35.0,0.1333,0.381,0.002,19.15,1.0,False,0,0.5
EURO.JK,1m,246.0,64.1,64.1,25.0,0.0885,0.354,0.01,31.55,1.0,False,0,0.5
MTMH.JK,1m,905.0,63.2,63.2,25.0,0.0112,0.045,0.002,2.66,1.0,True,0,0.5
SOHO.JK,1m,755.0,62.8,62.8,25.0,0.0786,0.314,0.016,7.11,1.0,False,0,0.5
ATLA.JK,1m,55.0,61.2,61.2,35.0,0.1,0.286,0.0,132.32,1.0,False,0,0.5
MAXI.JK,1m,56.0,61.0,61.0,35.0,0.098,0.28,0.0,10.6,1.0,False,0,0.5
CHEM.JK,1m,106.0,60.4,60.4,35.0,0.0928,0.265,0.0,4.17,1.0,False,0,0.5
MKAP.JK,1m,366.0,60.1,60.1,25.0,0.064,0.256,0.0,5.51,1.0,False,0,0.5
UDNG.JK,1m,1600.0,59.7,59.7,25.0,0.0997,0.399,0.001,2.38,1.0,False,0,0.5
AUTO.JK,1m,2310.0,58.7,58.7,25.0,0.0548,0.219,0.001,5.15,1.0,False,0,0.5
TRUK.JK,1m,158.0,58.5,58.5,35.0,0.0748,0.214,0.0,3.74,1.0,False,0,0.5
AMMS.JK,1m,169.0,58.1,58.1,35.0,0.0974,0.278,0.0,2.71,1.0,False,0,0.5
BBTN.JK,1m,1335.0,56.8,56.8,25.0,0.043,0.172,0.0,4.52,1.0,False,0,0.5
PYFA.JK,1m,545.0,56.1,56.1,25.0,0.0381,0.152,0.0,6.94,1.0,False,0,0.5
AREA.JK,1m,525.0,55.8,55.8,25.0,0.1123,0.449,0.0,1.79,1.0,False,0,0.5
ASRI.JK,1m,173.0,55.7,55.7,35.0,0.0485,0.139,0.004,7.17,1.0,False,0,0.5
MLPT.JK,1m,66750.0,55.4,55.4,20.0,0.0273,0.137,0.0,5.33,1.0,False,0,0.5
VAST.JK,1m,166.0,55.1,55.1,35.0,0.044,0.126,0.001,9.89,1.0,False,0,0.5
LRNA.JK,1m,175.0,54.9,54.9,35.0,0.0417,0.119,0.004,9.77,1.0,False,0,0.5
ACRO.JK,1m,76.0,54.8,54.8,35.0,0.0411,0.117,0.003,3.21,1.0,False,0,0.5
SMRA.JK,1m,458.0,54.3,54.3,25.0,0.0269,0.108,0.0,3.35,1.0,False,0,0.5
SRSN.JK,1m,56.0,54.2,54.2,35.0,0.037,0.106,0.0,6.52,1.0,False,0,0.5
PSDN.JK,1m,86.0,54.1,54.1,35.0,0.0361,0.103,0.0,5.61,1.0,False,0,0.5
TINS.JK,1m,1040.0,53.9,53.9,25.0,0.0297,0.119,0.0,2.92,1.0,False,0,0.5
DILD.JK,1m,137.0,53.5,53.5,35.0,0.0301,0.086,0.003,5.45,1.0,False,0,0.5
OILS.JK,1m,140.0,53.4,53.4,35.0,0.037,0.106,0.0,2.91,1.0,False,0,0.5
MAPI.JK,1m,1250.0,53.2,53.2,25.0,0.0331,0.132,0.001,2.78,1.0,False,0,0.5
TRIS.JK,1m,188.0,53.2,53.2,35.0,0.0273,0.078,0.003,6.72,1.0,False,0,0.5
KJEN.JK,1m,109.0,53.2,53.2,35.0,0.0283,0.081,0.0,3.56,1.0,False,0,0.5
BPFI.JK,1m,336.0,52.9,52.9,25.0,0.0182,0.073,0.0,11.44,1.0,False,0,0.5
GUNA.JK,1m,244.0,52.7,52.7,25.0,0.0167,0.067,0.0,3.09,1.0,False,0,0.5
AALI.JK,1m,7150.0,52.6,52.6,20.0,0.0142,0.071,0.001,2.97,1.0,False,0,0.5
HOMI.JK,1m,200.0,52.4,52.4,25.0,0.0152,0.061,0.0,3.44,1.0,False,0,0.5
IKAN.JK,1m,147.0,52.3,52.3,35.0,0.1395,0.399,0.004,1.62,1.0,False,0,0.5
ITMA.JK,1m,765.0,52.2,52.2,25.0,0.0132,0.053,0.004,36.55,1.0,False,0,0.5
BSBK.JK,1m,53.0,52.2,52.2,35.0,0.0392,0.112,0.0,2.77,1.0,False,0,0.5
KDSI.JK,1m,474.0,52.1,52.1,25.0,0.0085,0.034,0.021,11.76,1.0,False,9,0.5
PSAT.JK,1m,1600.0,52.0,52.0,25.0,0.0127,0.051,0.0,4.35,1.0,False,0,0.5
SMIL.JK,1m,386.0,51.8,51.8,25.0,0.0158,0.063,0.0,2.93,1.0,False,0,0.5
JMAS.JK,1m,148.0,51.6,51.6,35.0,0.0137,0.039,0.0,4.35,1.0,False,0,0.5
JKON.JK,1m,99.0,51.2,51.2,35.0,0.0102,0.029,0.0,3.18,1.0,False,0,0.5
JRPT.JK,1m,750.0,51.1,51.1,25.0,0.0067,0.027,0.002,4.14,1.0,False,0,0.5
LABS.JK,1m,139.0,50.7,50.7,35.0,0.0072,0.021,0.0,2.99,1.0,False,0,0.5
ALDO.JK,1m,498.0,50.6,50.6,25.0,0.004,0.016,0.0,12.51,1.0,False,0,0.5
FLMC.JK,1m,71.0,50.5,50.5,35.0,0.0923,0.264,0.0,1.99,1.0,False,0,0.5
PWON.JK,1m,390.0,50.4,50.4,25.0,0.0104,0.041,0.0,2.87,1.0,False,0,0.5
INTP.JK,1m,6450.0,50.2,50.2,20.0,-0.0077,0.0,0.006,4.39,1.0,False,0,0.5
CSMI.JK,1m,412.0,50.1,50.1,25.0,-0.0096,0.0,0.003,29.31,1.0,False,0,0.5
HILL.JK,1m,206.0,50.1,50.1,25.0,0.0,0.0,0.003,14.93,1.0,False,0,0.5
TNCA.JK,1m,183.0,50.1,50.1,35.0,-0.0941,0.0,0.002,4.69,1.0,False,0,0.5
GPRA.JK,1m,148.0,50.1,50.1,35.0,-0.039,0.0,0.002,3.33,1.0,False,0,0.5
PPRE.JK,1m,118.0,50.1,50.1,35.0,-0.1061,0.0,0.004,17.39,1.0,False,0,0.5
KICI.JK,1m,116.0,50.1,50.1,35.0,0.0,0.0,0.002,4.21,1.0,False,0,0.5
PEGE.JK,1m,115.0,50.1,50.1,35.0,-0.0171,0.0,0.002,4.9,1.0,False,0,0.5
BYAN.JK,1m,18300.0,50.0,50.0,20.0,0.0,0.0,0.0,3.07,1.0,False,0,0.5
DNET.JK,1m,9375.0,50.0,50.0,20.0,-0.0132,0.0,0.0,3.93,1.0,False,0,0.5
MEGA.JK,1m,3290.0,50.0,50.0,25.0,-0.015,0.0,0.0,5.7,1.0,False,0,0.5
RAJA.JK,1m,2970.0,50.0,50.0,25.0,-0.045,0.0,0.0,3.13,1.0,False,0,0.5
SGRO.JK,1m,2960.0,50.0,50.0,25.0,-0.01,0.0,0.0,6.3,1.0,False,0,0.5
TCID.JK,1m,2450.0,50.0,50.0,25.0,-0.02,0.0,0.0,6.57,1.0,False,0,0.5
ISAT.JK,1m,2260.0,50.0,50.0,25.0,-0.0259,0.0,0.0,4.81,1.0,False,0,0.5
DLTA.JK,1m,1990.0,50.0,50.0,25.0,-0.0149,0.0,0.0,5.13,1.0,False,0,0.5
ANJT.JK,1m,1750.0,50.0,50.0,25.0,-0.0057,0.0,0.0,9.38,1.0,False,0,0.5
ASSA.JK,1m,905.0,50.0,50.0,25.0,-0.0573,0.0,0.0,3.13,1.0,False,0,0.5
BUKK.JK,1m,825.0,50.0,50.0,25.0,0.0,0.0,0.0,3.74,1.0,False,0,0.5
AMOR.JK,1m,505.0,50.0,50.0,25.0,0.0,0.0,0.0,9.83,1.0,False,0,0.5
MICE.JK,1m,496.0,50.0,50.0,25.0,-0.0178,0.0,0.0,4.77,1.0,False,0,0.5
HERO.JK,1m,406.0,50.0,50.0,25.0,-0.0098,0.0,0.0,5.49,1.0,False,0,0.5
BLUE.JK,1m,312.0,50.0,50.0,25.0,-0.0064,0.0,0.0,3.93,1.0,False,0,0.5
ARII.JK,1m,262.0,50.0,50.0,25.0,-0.0076,0.0,0.0,3.82,1.0,False,0,0.5
NIKL.JK,1m,234.0,50.0,50.0,25.0,-0.025,0.0,0.0,3.11,1.0,False,0,0.5
SAFE.JK,1m,204.0,50.0,50.0,25.0,0.0,0.0,0.0,8.96,1.0,False,0,0.5
PZZA.JK,1m,188.0,50.0,50.0,35.0,0.0,0.0,0.001,4.79,1.0,False,0,0.5
BOBA.JK,1m,185.0,50.0,50.0,35.0,-0.0107,0.0,0.0,3.33,1.0,False,0,0.5
UFOE.JK,1m,171.0,50.0,50.0,35.0,-0.0058,0.0,0.001,10.54,1.0,False,0,0.5
ZYRX.JK,1m,162.0,50.0,50.0,35.0,-0.0357,0.0,0.0,3.86,1.0,False,0,0.5
DOOH.JK,1m,146.0,50.0,50.0,35.0,-0.0759,0.0,0.0,3.74,1.0,False,0,0.5
VISI.JK,1m,138.0,50.0,50.0,35.0,-0.0143,0.0,0.0,6.68,1.0,False,0,0.5
URBN.JK,1m,129.0,50.0,50.0,35.0,-0.0227,0.0,0.0,4.31,1.0,False,0,0.5
TYRE.JK,1m,127.0,50.0,50.0,35.0,0.0,0.0,0.0,3.01,1.0,False,0,0.5
PPGL.JK,1m,108.0,50.0,50.0,35.0,-0.0092,0.0,0.0,4.3,1.0,False,0,0.5
BSML.JK,1m,105.0,50.0,50.0,35.0,-0.0094,0.0,0.0,3.4,1.0,False,0,0.5
APLN.JK,1m,105.0,50.0,50.0,35.0,0.0,0.0,0.0,4.65,1.0,False,0,0.5
TRIN.JK,1m,99.0,50.0,50.0,35.0,-0.0198,0.0,0.0,9.43,1.0,False,0,0.5
TRON.JK,1m,98.0,50.0,50.0,35.0,-0.0101,0.0,0.0,3.25,1.0,False,0,0.5
PIPA.JK,1m,87.0,50.0,50.0,35.0,-0.13,0.0,0.0,3.95,1.0,False,0,0.5
KUAS.JK,1m,71.0,50.0,50.0,35.0,0.0,0.0,0.0,4.05,1.0,False,0,0.5
PNBS.JK,1m,50.0,50.0,50.0,35.0,0.0,0.0,0.0,36.75,1.0,False,0,0.5
UANG.JK,1m,340.0,49.0,49.0,25.0,0.1184,0.474,0.0,1.01,1.0,False,0,0.5
PSAB.JK,1m,416.0,48.8,48.8,25.0,0.04,0.16,0.003,2.23,1.0,False,0,0.5
CDIA.JK,1m,1675.0,48.6,48.6,25.0,0.0806,0.323,0.001,1.56,1.0,False,0,0.5
SSMS.JK,1m,1375.0,48.6,48.6,25.0,-0.0248,0.0,0.0,2.86,1.0,False,0,0.5
SDPC.JK,1m,131.0,48.6,48.6,35.0,0.0077,0.022,0.0,1.27,1.0,True,0,0.5
MERK.JK,1m,2810.0,48.5,48.5,25.0,-0.0035,0.0,0.001,2.84,1.0,False,0,0.5
SILO.JK,1m,2160.0,48.1,48.1,25.0,0.0237,0.095,0.0,2.43,1.0,False,0,0.5
CPRO.JK,1m,51.0,48.0,48.0,35.0,-0.0192,0.0,0.0,2.8,1.0,False,0,0.5
MTWI.JK,1m,388.0,47.9,47.9,25.0,0.0486,0.195,0.005,2.0,1.0,False,0,0.5
CTRA.JK,1m,1070.0,47.7,47.7,25.0,0.07,0.28,0.002,1.64,1.0,False,0,0.5
ADMR.JK,1m,1055.0,47.6,47.6,25.0,-0.0538,0.0,0.0,2.76,1.0,False,0,0.5
SOUL.JK,1m,69.0,47.6,47.6,35.0,0.0615,0.176,0.007,2.03,1.0,False,0,0.5
INET.JK,1m,268.0,47.5,47.5,25.0,-0.0629,0.0,0.0,2.75,1.0,False,0,0.5
ARKO.JK,1m,1155.0,47.2,47.2,25.0,0.0221,0.088,0.01,0.83,1.0,True,0,0.5
INDO.JK,1m,198.0,47.2,47.2,35.0,0.0645,0.184,0.0,1.99,1.0,False,0,0.5
IDEA.JK,1m,90.0,47.2,47.2,35.0,0.0465,0.133,0.0,2.19,1.0,False,0,0.5
VINS.JK,1m,121.0,47.1,47.1,35.0,0.0254,0.073,0.009,2.38,1.0,False,0,0.5
BAYU.JK,1m,1300.0,46.8,46.8,25.0,0.0039,0.015,0.0,2.62,1.0,False,0,0.5
IRRA.JK,1m,428.0,46.6,46.6,25.0,-0.0093,0.0,0.0,2.66,1.0,False,0,0.5
ULTJ.JK,1m,1280.0,46.5,46.5,25.0,0.0,0.0,0.0,2.65,1.0,False,0,0.5
ROTI.JK,1m,810.0,46.4,46.4,25.0,0.0,0.0,0.002,2.64,1.0,False,0,0.5
GULA.JK,1m,260.0,46.4,46.4,25.0,0.0078,0.031,0.002,2.51,1.0,False,0,0.5
NRCA.JK,1m,775.0,46.0,46.0,25.0,0.0473,0.189,0.006,1.82,1.0,False,0,0.5
PSSI.JK,1m,346.0,45.5,45.5,25.0,0.0,0.0,0.0,2.55,1.0,False,0,0.5
ASII.JK,1m,5175.0,45.2,45.2,20.0,0.0197,0.099,0.0,2.12,1.0,False,0,0.5
WOOD.JK,1m,386.0,45.2,45.2,25.0,-0.0203,0.0,0.0,2.52,1.0,False,0,0.5
DGWG.JK,1m,420.0,44.9,44.9,25.0,0.0048,0.019,0.005,2.4,1.0,False,0,0.5
JSMR.JK,1m,3600.0,44.7,44.7,25.0,-0.0217,0.0,0.0,2.47,1.0,False,0,0.5
FAPA.JK,1m,5725.0,44.4,44.4,20.0,0.0088,0.044,0.0,2.27,1.0,False,0,0.5
WINE.JK,1m,214.0,44.4,44.4,25.0,0.0094,0.038,0.0,2.28,1.0,False,0,0.5
BRIS.JK,1m,2770.0,44.0,44.0,25.0,-0.0142,0.0,0.0,2.4,1.0,False,0,0.5
UNSP.JK,1m,133.0,44.0,44.0,35.0,0.0391,0.112,0.0,1.95,1.0,False,0,0.5
MCOR.JK,1m,67.0,44.0,44.0,35.0,0.0,0.0,0.0,2.4,1.0,False,0,0.5
LPIN.JK,1m,396.0,43.5,43.5,25.0,0.0,0.0,0.0,2.35,1.0,False,0,0.5
INDY.JK,1m,1400.0,43.4,43.4,25.0,0.0294,0.118,0.0,1.86,1.0,False,0,0.5
MDLA.JK,1m,208.0,43.3,43.3,25.0,0.04,0.16,0.0,1.69,1.0,False,0,0.5
MAPA.JK,1m,680.0,43.2,43.2,25.0,0.0149,0.06,0.0,2.08,1.0,False,0,0.5
SBMA.JK,1m,122.0,43.0,43.0,35.0,0.0,0.0,0.002,2.29,1.0,False,0,0.5
KINO.JK,1m,1095.0,42.9,42.9,25.0,-0.0045,0.0,0.0,2.28,1.0,False,0,0.5
MHKI.JK,1m,125.0,42.7,42.7,35.0,-0.0234,0.0,0.0,2.26,1.0,False,0,0.5
JAST.JK,1m,91.0,42.7,42.7,35.0,-0.0619,0.0,0.0,2.26,1.0,False,0,0.5
DSNG.JK,1m,1510.0,42.6,42.6,25.0,0.0307,0.123,0.002,1.75,1.0,False,0,0.5
TBIG.JK,1m,1915.0,42.5,42.5,25.0,-0.0078,0.0,0.0,2.25,1.0,False,0,0.5
IPCC.JK,1m,1105.0,42.5,42.5,25.0,-0.0134,0.0,0.0,2.24,1.0,False,0,0.5
MAHA.JK,1m,137.0,42.4,42.4,35.0,-0.0144,0.0,0.0,2.23,1.0,False,0,0.5
WINS.JK,1m,394.0,42.2,42.2,25.0,-0.0296,0.0,0.0,2.22,1.0,False,0,0.5
DMND.JK,1m,590.0,42.1,42.1,25.0,0.0172,0.069,0.002,1.92,1.0,False,0,0.5
ASLC.JK,1m,64.0,42.1,42.1,35.0,0.0159,0.045,0.0,2.02,1.0,False,0,0.5
RIGS.JK,1m,750.0,41.9,41.9,25.0,0.0417,0.167,0.007,1.49,1.0,False,0,0.5
MARK.JK,1m,660.0,41.7,41.7,25.0,-0.0365,0.0,0.0,2.16,1.0,False,0,0.5
DSSA.JK,1m,86700.0,41.5,41.5,20.0,0.0285,0.142,0.0,1.57,1.0,False,13,0.5
WEGE.JK,1m,67.0,41.4,41.4,35.0,-0.0822,0.0,0.002,2.12,1.0,False,0,0.5
ELPI.JK,1m,318.0,41.3,41.3,25.0,-0.0185,0.0,0.0,2.13,1.0,False,0,0.5
LTLS.JK,1m,860.0,41.2,41.2,25.0,-0.0171,0.0,0.0,2.11,1.0,False,0,0.5
MKTR.JK,1m,108.0,41.2,41.2,35.0,0.0,0.0,0.0,2.11,1.0,False,0,0.5
LPGI.JK,1m,426.0,41.1,41.1,25.0,0.0143,0.057,0.0,1.87,1.0,False,0,0.5
PNLF.JK,1m,262.0,41.1,41.1,25.0,-0.0224,0.0,0.0,2.1,1.0,False,0,0.5
SMMT.JK,1m,995.0,40.9,40.9,25.0,-0.0245,0.0,0.005,2.06,1.0,False,0,0.5
NZIA.JK,1m,104.0,40.9,40.9,35.0,0.0,0.0,0.0,2.08,1.0,False,0,0.5
FUJI.JK,1m,430.0,40.7,40.7,25.0,0.0488,0.195,0.006,1.26,1.0,False,0,0.5
SMDR.JK,1m,348.0,40.6,40.6,25.0,-0.0057,0.0,0.002,2.04,1.0,False,0,0.5
MITI.JK,1m,183.0,40.6,40.6,35.0,-0.0108,0.0,0.0,2.05,1.0,False,0,0.5
DGNS.JK,1m,152.0,40.6,40.6,35.0,0.0066,0.019,0.001,1.97,1.0,False,0,0.5
DOSS.JK,1m,133.0,40.5,40.5,35.0,-0.0292,0.0,0.0,2.04,1.0,False,0,0.5
MGLV.JK,1m,745.0,40.4,40.4,25.0,0.0643,0.257,0.066,0.77,1.0,False,0,0.5
TPMA.JK,1m,595.0,40.3,40.3,25.0,0.0085,0.034,0.0,1.88,1.0,False,0,0.5
BBRM.JK,1m,76.0,40.2,40.2,35.0,0.0133,0.038,0.003,1.84,1.0,False,0,0.5
ASGR.JK,1m,1090.0,40.1,40.1,25.0,0.0283,0.113,0.001,1.54,1.0,False,0,0.5
MTEL.JK,1m,650.0,40.1,40.1,25.0,-0.0152,0.0,0.0,2.0,1.0,False,0,0.5
AMFG.JK,1m,3060.0,40.0,40.0,25.0,-0.0129,0.0,0.001,1.99,1.0,False,0,0.5
DRMA.JK,1m,965.0,40.0,40.0,25.0,0.0,0.0,0.0,1.98,1.0,False,0,0.5
POWR.JK,1m,705.0,40.0,40.0,25.0,0.0,0.0,0.002,1.98,1.0,False,0,0.5
MSJA.JK,1m,306.0,40.0,40.0,25.0,0.0066,0.026,0.002,1.87,1.0,False,0,0.5
EKAD.JK,1m,183.0,40.0,40.0,35.0,-0.0054,0.0,0.0,1.99,1.0,False,0,0.5
AISA.JK,1m,127.0,40.0,40.0,35.0,0.0,0.0,0.0,1.99,1.0,False,0,0.5
MDKA.JK,1m,2280.0,39.9,39.9,25.0,-0.013,0.0,0.003,1.97,1.0,False,0,0.5
ELSA.JK,1m,484.0,39.9,39.9,25.0,0.0,0.0,0.0,1.97,1.0,False,0,0.5
TKIM.JK,1m,7150.0,39.8,39.8,20.0,-0.0305,0.0,0.0,1.97,1.0,False,0,0.5
PGLI.JK,1m,163.0,39.8,39.8,35.0,-0.0121,0.0,0.001,1.96,1.0,False,0,0.5
MEDC.JK,1m,1260.0,39.6,39.6,25.0,0.0286,0.114,0.0,1.48,1.0,False,0,0.5
STAA.JK,1m,1010.0,39.5,39.5,25.0,0.0202,0.081,0.0,1.61,1.0,False,0,0.5
CLPI.JK,1m,1255.0,39.3,39.3,25.0,0.004,0.016,0.002,1.84,1.0,False,0,0.5
OBAT.JK,1m,396.0,39.3,39.3,25.0,0.0154,0.062,0.001,1.66,1.0,False,0,0.5
TOTO.JK,1m,248.0,39.3,39.3,25.0,0.0,0.0,0.0,1.92,1.0,False,0,0.5
JSPT.JK,1m,4000.0,38.8,38.8,25.0,-0.0244,0.0,0.0,1.86,1.0,False,0,0.5
INRU.JK,1m,925.0,38.8,38.8,25.0,0.0632,0.253,0.002,0.85,1.0,False,0,0.5
JECC.JK,1m,855.0,38.8,38.8,25.0,0.024,0.096,0.009,1.45,1.0,False,0,0.5
PTPS.JK,1m,158.0,38.7,38.7,35.0,0.0064,0.018,0.0,1.78,1.0,False,0,0.5
CASH.JK,1m,70.0,38.7,38.7,35.0,0.0145,0.041,0.0,1.69,1.0,False,0,0.5
HBAT.JK,1m,98.0,38.6,38.6,35.0,-0.0392,0.0,0.0,1.84,1.0,False,0,0.5
MSTI.JK,1m,1655.0,38.5,38.5,25.0,-0.003,0.0,0.002,1.82,1.0,False,0,0.5
AMAN.JK,1m,113.0,38.5,38.5,35.0,-0.0174,0.0,0.002,1.83,1.0,False,0,0.5
SRAJ.JK,1m,5500.0,38.4,38.4,20.0,0.0476,0.238,0.0,0.87,1.0,False,0,0.5
DMMX.JK,1m,346.0,38.4,38.4,25.0,-0.0335,0.0,0.004,1.81,1.0,False,0,0.5
AGAR.JK,1m,246.0,38.4,38.4,25.0,0.0165,0.066,0.005,1.53,1.0,False,0,0.5
WIRG.JK,1m,126.0,38.4,38.4,35.0,-0.0382,0.0,0.0,1.82,1.0,False,0,0.5
KLBF.JK,1m,1400.0,38.3,38.3,25.0,0.0145,0.058,0.0,1.57,1.0,False,0,0.5
NCKL.JK,1m,995.0,38.3,38.3,25.0,0.0311,0.124,0.002,1.31,1.0,False,0,0.5
BELI.JK,1m,380.0,38.3,38.3,25.0,-0.0052,0.0,0.003,1.8,1.0,False,0,0.5
FUTR.JK,1m,158.0,38.3,38.3,35.0,0.0748,0.214,0.003,0.94,1.0,False,0,0.5
CSRA.JK,1m,720.0,38.2,38.2,25.0,-0.027,0.0,0.0,1.79,1.0,False,0,0.5
INCI.JK,1m,595.0,38.2,38.2,25.0,0.0085,0.034,0.0,1.66,1.0,False,0,0.5
MCOL.JK,1m,4000.0,38.1,38.1,25.0,-0.0025,0.0,0.0,1.78,1.0,False,0,0.5
ITMG.JK,1m,22475.0,37.8,37.8,20.0,-0.0033,0.0,0.0,1.76,1.0,False,0,0.5
ADRO.JK,1m,1830.0,37.8,37.8,25.0,-0.0317,0.0,0.0,1.76,1.0,False,0,0.5
TLDN.JK,1m,625.0,37.7,37.7,25.0,0.0081,0.032,0.002,1.6,1.0,False,0,0.5
SCNP.JK,1m,177.0,37.7,37.7,35.0,0.0114,0.033,0.001,1.61,1.0,False,0,0.5
MTLA.JK,1m,446.0,37.5,37.5,25.0,0.009,0.036,0.0,1.57,1.0,False,0,0.5
AGRO.JK,1m,240.0,37.5,37.5,25.0,-0.0625,0.0,0.0,1.72,1.0,False,0,0.5
PNIN.JK,1m,915.0,37.3,37.3,25.0,-0.0054,0.0,0.003,1.69,1.0,False,0,0.5
SIDO.JK,1m,520.0,37.3,37.3,25.0,0.0,0.0,0.0,1.7,1.0,False,0,0.5
CCSI.JK,1m,322.0,37.3,37.3,25.0,0.0,0.0,0.0,1.7,1.0,False,0,0.5
HGII.JK,1m,146.0,37.1,37.1,35.0,0.0069,0.02,0.003,1.6,1.0,False,0,0.5
HAJJ.JK,1m,110.0,37.1,37.1,35.0,-0.0179,0.0,0.0,1.68,1.0,False,0,0.5
BIRD.JK,1m,1895.0,36.9,36.9,25.0,-0.0026,0.0,0.0,1.66,1.0,False,0,0.5
CLAY.JK,1m,1305.0,36.9,36.9,25.0,0.0038,0.015,0.011,1.56,1.0,False,0,0.5
RUIS.JK,1m,216.0,36.9,36.9,25.0,0.0,0.0,0.0,1.66,1.0,False,0,0.5
LAPD.JK,1m,99.0,36.9,36.9,35.0,-0.01,0.0,0.0,1.66,1.0,False,0,0.5
ARTO.JK,1m,2160.0,36.6,36.6,25.0,-0.04,0.0,0.0,1.63,1.0,False,0,0.5
RCCC.JK,1m,129.0,36.6,36.6,35.0,0.075,0.214,0.0,0.77,1.0,False,0,0.5
ATIC.JK,1m,406.0,36.5,36.5,25.0,-0.0049,0.0,0.0,1.62,1.0,False,0,0.5
NEST.JK,1m,290.0,36.5,36.5,25.0,0.0,0.0,0.0,1.62,1.0,False,0,0.5
TSPC.JK,1m,2170.0,36.4,36.4,25.0,0.0046,0.019,0.0,1.53,1.0,False,0,0.5
TCPI.JK,1m,5950.0,36.3,36.3,20.0,-0.0083,0.0,0.0,1.59,1.0,False,0,0.5
TBMS.JK,1m,1095.0,36.3,36.3,25.0,-0.0045,0.0,0.004,1.58,1.0,False,0,0.5
PANR.JK,1m,800.0,36.3,36.3,25.0,0.0256,0.103,0.004,1.17,1.0,False,0,0.5
SKBM.JK,1m,366.0,36.3,36.3,25.0,0.011,0.044,0.0,1.41,1.0,False,0,0.5
CARE.JK,1m,284.0,36.3,36.3,25.0,0.0441,0.176,0.0,0.89,1.0,False,0,0.5
BWPT.JK,1m,118.0,36.2,36.2,35.0,-0.0084,0.0,0.0,1.59,1.0,False,0,0.5
NASI.JK,1m,85.0,36.2,36.2,35.0,-0.0116,0.0,0.0,1.58,1.0,False,0,0.5
RUNS.JK,1m,64.0,36.2,36.2,35.0,0.0667,0.19,0.0,0.82,1.0,False,0,0.5
AADI.JK,1m,6950.0,36.1,36.1,20.0,-0.0107,0.0,0.0,1.57,1.0,False,0,0.5
BJBR.JK,1m,790.0,36.1,36.1,25.0,-0.0063,0.0,0.0,1.57,1.0,False,0,0.5
PMUI.JK,1m,123.0,36.1,36.1,35.0,0.0336,0.096,0.0,1.19,1.0,False,0,0.5
EXCL.JK,1m,2910.0,36.0,36.0,25.0,0.0139,0.056,0.0,1.34,1.0,False,0,0.5
DATA.JK,1m,1920.0,36.0,36.0,25.0,-0.0129,0.0,0.0,1.56,1.0,False,0,0.5
TUGU.JK,1m,960.0,36.0,36.0,25.0,-0.0103,0.0,0.0,1.56,1.0,False,0,0.5
TOTL.JK,1m,740.0,36.0,36.0,25.0,0.0068,0.027,0.002,1.44,1.0,False,0,0.5
ADHI.JK,1m,280.0,35.9,35.9,25.0,-0.0278,0.0,0.002,1.55,1.0,False,0,0.5
BINO.JK,1m,116.0,35.9,35.9,35.0,0.045,0.129,0.0,1.04,1.0,False,0,0.5
BOGA.JK,1m,600.0,35.8,35.8,25.0,-0.0083,0.0,0.0,1.54,1.0,False,0,0.5
SAPX.JK,1m,288.0,35.8,35.8,25.0,-0.0336,0.0,0.0,1.54,1.0,False,0,0.5
TRUS.JK,1m,472.0,35.7,35.7,25.0,0.0043,0.017,0.0,1.46,1.0,False,0,0.5
TPIA.JK,1m,9125.0,35.6,35.6,20.0,0.0139,0.069,0.004,1.22,1.0,False,0,0.5
BJTM.JK,1m,515.0,35.6,35.6,25.0,-0.0096,0.0,0.0,1.52,1.0,False,0,0.5
UNIQ.JK,1m,398.0,35.6,35.6,25.0,0.0,0.0,0.0,1.52,1.0,False,0,0.5
BESS.JK,1m,990.0,35.4,35.4,25.0,-0.0149,0.0,0.0,1.49,1.0,False,0,0.5
MIDI.JK,1m,456.0,35.4,35.4,25.0,-0.0298,0.0,0.0,1.49,1.0,False,0,0.5
IDPR.JK,1m,218.0,35.4,35.4,25.0,-0.0091,0.0,0.0,1.49,1.0,False,0,0.5
GOTO.JK,1m,64.0,35.4,35.4,35.0,-0.0448,0.0,0.0,1.49,1.0,False,0,0.5
SNLK.JK,1m,505.0,35.3,35.3,25.0,0.0181,0.073,0.006,1.17,1.0,False,0,0.5
BACA.JK,1m,132.0,35.3,35.3,35.0,0.0,0.0,0.003,1.47,1.0,False,0,0.5
CITA.JK,1m,3980.0,35.0,35.0,25.0,0.0051,0.02,0.001,1.37,1.0,False,0,0.5
SMSM.JK,1m,1905.0,35.0,35.0,25.0,-0.0078,0.0,0.0,1.46,1.0,False,0,0.5
GOLF.JK,1m,214.0,35.0,35.0,25.0,0.019,0.076,0.003,1.14,1.0,False,0,0.5
CAKK.JK,1m,135.0,35.0,35.0,35.0,0.0075,0.021,0.001,1.36,1.0,False,0,0.5
PSKT.JK,1m,64.0,35.0,35.0,35.0,0.0323,0.092,0.0,1.09,1.0,False,0,0.5
BSSR.JK,1m,3900.0,34.9,34.9,25.0,-0.0051,0.0,0.0,1.44,1.0,False,0,0.5
CUAN.JK,1m,1625.0,34.9,34.9,25.0,0.0252,0.101,0.001,1.03,1.0,False,0,0.5
VKTR.JK,1m,85.0,34.9,34.9,35.0,-0.0116,0.0,0.002,1.44,1.0,False,0,0.5
ESTA.JK,1m,65.0,34.8,34.8,35.0,0.0,0.0,0.003,1.42,1.0,False,0,0.5
AMMN.JK,1m,8575.0,34.7,34.7,20.0,0.0118,0.059,0.0,1.18,1.0,False,0,0.5
BUAH.JK,1m,1325.0,34.7,34.7,25.0,-0.0038,0.0,0.002,1.41,1.0,False,0,0.5
MINA.JK,1m,192.0,34.7,34.7,35.0,0.1228,0.351,0.003,0.0,1.0,False,0,0.5
STRK.JK,1m,133.0,34.7,34.7,35.0,-0.0221,0.0,0.001,1.42,1.0,False,0,0.5
AHAP.JK,1m,76.0,34.7,34.7,35.0,-0.0256,0.0,0.007,1.39,1.0,False,0,0.5
BNGA.JK,1m,1730.0,34.6,34.6,25.0,-0.0029,0.0,0.0,1.41,1.0,False,0,0.5
MDIY.JK,1m,1265.0,34.6,34.6,25.0,-0.0039,0.0,0.0,1.4,1.0,False,0,0.5
HRUM.JK,1m,885.0,34.6,34.6,25.0,0.0231,0.092,0.0,1.04,1.0,False,0,0.5
ASPR.JK,1m,100.0,34.6,34.6,35.0,0.0,0.0,0.0,1.41,1.0,False,0,0.5
BAIK.JK,1m,94.0,34.6,34.6,35.0,0.0,0.0,0.0,1.41,1.0,False,0,0.5
KLIN.JK,1m,189.0,34.5,34.5,35.0,-0.0053,0.0,0.0,1.4,1.0,False,0,0.5
GTRA.JK,1m,144.0,34.5,34.5,35.0,0.0213,0.061,0.001,1.15,1.0,False,0,0.5
DAAZ.JK,1m,3410.0,34.4,34.4,25.0,-0.0201,0.0,0.0,1.38,1.0,False,0,0.5
BISI.JK,1m,890.0,34.4,34.4,25.0,-0.0056,0.0,0.0,1.39,1.0,False,0,0.5
OMED.JK,1m,186.0,34.3,34.3,35.0,0.0,0.0,0.0,1.38,1.0,False,0,0.5
KEEN.JK,1m,795.0,34.2,34.2,25.0,0.0,0.0,0.0,1.37,1.0,False,0,0.5
PEVE.JK,1m,440.0,34.1,34.1,25.0,0.0138,0.055,0.001,1.13,1.0,False,0,0.5
DOID.JK,1m,350.0,34.1,34.1,25.0,-0.0223,0.0,0.0,1.35,1.0,False,0,0.5
INOV.JK,1m,89.0,34.1,34.1,35.0,0.0,0.0,0.0,1.35,1.0,False,0,0.5
TIRA.JK,1m,2040.0,33.9,33.9,25.0,-0.0145,0.0,0.0,1.33,1.0,False,0,0.5
ARNA.JK,1m,570.0,33.9,33.9,25.0,-0.0172,0.0,0.0,1.33,1.0,False,0,0.5
MLIA.JK,1m,328.0,33.9,33.9,25.0,0.0061,0.025,0.002,1.23,1.0,False,0,0.5
ASPI.JK,1m,294.0,33.9,33.9,25.0,-0.0134,0.0,0.0,1.34,1.0,False,0,0.5
MMIX.JK,1m,264.0,33.9,33.9,25.0,0.0154,0.062,0.002,1.08,1.0,False,0,0.5
DGIK.JK,1m,98.0,33.9,33.9,35.0,-0.0101,0.0,0.0,1.33,1.0,False,0,0.5
UVCR.JK,1m,74.0,33.9,33.9,35.0,0.0423,0.121,0.003,0.84,1.0,False,0,0.5
CHIP.JK,1m,1340.0,33.8,33.8,25.0,0.0075,0.03,0.001,1.2,1.0,False,0,0.5
CYBR.JK,1m,1050.0,33.8,33.8,25.0,0.0396,0.158,0.006,0.67,1.0,False,0,0.5
HMSP.JK,1m,545.0,33.8,33.8,25.0,-0.018,0.0,0.0,1.32,1.0,False,0,0.5
DEPO.JK,1m,200.0,33.8,33.8,25.0,-0.0099,0.0,0.0,1.31,1.0,False,0,0.5
BKSW.JK,1m,61.0,33.8,33.8,35.0,-0.0161,0.0,0.0,1.32,1.0,False,0,0.5
ENAK.JK,1m,720.0,33.7,33.7,25.0,0.007,0.028,0.004,1.18,1.0,False,0,0.5
BCAP.JK,1m,69.0,33.7,33.7,35.0,-0.0143,0.0,0.005,1.29,1.0,False,0,0.5
MPRO.JK,1m,3150.0,33.6,33.6,25.0,0.0194,0.078,0.0,0.99,1.0,False,0,0.5
RMKO.JK,1m,111.0,33.6,33.6,35.0,-0.0177,0.0,0.0,1.3,1.0,False,0,0.5
SMGA.JK,1m,106.0,33.6,33.6,35.0,-0.0702,0.0,0.0,1.3,1.0,False,0,0.5
BEST.JK,1m,106.0,33.6,33.6,35.0,0.0392,0.112,0.004,0.84,1.0,False,0,0.5
KETR.JK,1m,272.0,33.5,33.5,25.0,-0.0423,0.0,0.0,1.29,1.0,False,0,0.5
SWID.JK,1m,98.0,33.5,33.5,35.0,-0.0392,0.0,0.0,1.28,1.0,False,0,0.5
MPIX.JK,1m,63.0,33.4,33.4,35.0,0.0161,0.046,0.003,1.08,1.0,False,0,0.5
INDF.JK,1m,8025.0,33.3,33.3,20.0,-0.0031,0.0,0.001,1.26,1.0,False,0,0.5
BNLI.JK,1m,3120.0,33.3,33.3,25.0,-0.0158,0.0,0.0,1.27,1.0,False,0,0.5
SMGR.JK,1m,2630.0,33.3,33.3,25.0,-0.0038,0.0,0.0,1.26,1.0,False,0,0.5
SUNI.JK,1m,775.0,33.3,33.3,25.0,0.0,0.0,0.0,1.26,1.0,False,0,0.5
ISSP.JK,1m,392.0,33.3,33.3,25.0,0.0,0.0,0.0,1.27,1.0,False,0,0.5
RISE.JK,1m,1055.0,33.2,33.2,25.0,0.0048,0.019,0.0,1.17,1.0,False,0,0.5
BIKE.JK,1m,820.0,33.2,33.2,25.0,-0.012,0.0,0.0,1.25,1.0,False,0,0.5
ASDM.JK,1m,530.0,33.2,33.2,25.0,-0.0093,0.0,0.0,1.25,1.0,False,0,0.5
BBYB.JK,1m,344.0,33.2,33.2,25.0,-0.0282,0.0,0.0,1.25,1.0,False,0,0.5
PICO.JK,1m,134.0,33.2,33.2,35.0,0.0229,0.065,0.002,0.99,1.0,False,0,0.5
PJAA.JK,1m,474.0,33.0,33.0,25.0,0.0,0.0,0.0,1.23,1.0,False,0,0.5
AKSI.JK,1m,252.0,33.0,33.0,25.0,0.008,0.032,0.0,1.11,1.0,False,0,0.5
BNII.JK,1m,208.0,33.0,33.0,25.0,-0.0095,0.0,0.0,1.23,1.0,False,0,0.5
KSIX.JK,1m,208.0,33.0,33.0,25.0,0.0097,0.039,0.0,1.08,1.0,False,0,0.5
ECII.JK,1m,180.0,32.9,32.9,35.0,-0.011,0.0,0.0,1.21,1.0,False,0,0.5
MDKI.JK,1m,161.0,32.9,32.9,35.0,0.0063,0.018,0.0,1.15,1.0,False,0,0.5
RATU.JK,1m,7350.0,32.8,32.8,20.0,-0.0134,0.0,0.0,1.21,1.0,False,0,0.5
PBID.JK,1m,484.0,32.8,32.8,25.0,0.0041,0.017,0.0,1.14,1.0,False,0,0.5
PSGO.JK,1m,199.0,32.8,32.8,35.0,-0.0149,0.0,0.001,1.2,1.0,False,0,0.5
SURI.JK,1m,113.0,32.8,32.8,35.0,-0.0174,0.0,0.0,1.2,1.0,False,0,0.5
KOCI.JK,1m,59.0,32.8,32.8,35.0,0.0172,0.049,0.0,1.01,1.0,False,0,0.5
PNBN.JK,1m,1160.0,32.7,32.7,25.0,-0.0293,0.0,0.0,1.19,1.0,False,0,0.5
BSDE.JK,1m,895.0,32.7,32.7,25.0,0.017,0.068,0.0,0.92,1.0,False,0,0.5
OBMD.JK,1m,192.0,32.7,32.7,35.0,0.0,0.0,0.0,1.2,1.0,False,0,0.5
MPOW.JK,1m,122.0,32.7,32.7,35.0,0.0,0.0,0.0,1.2,1.0,False,0,0.5
BCIP.JK,1m,93.0,32.7,32.7,35.0,-0.0106,0.0,0.0,1.19,1.0,False,0,0.5
GWSA.JK,1m,157.0,32.6,32.6,35.0,0.0,0.0,0.004,1.17,1.0,False,0,0.5
TMAS.JK,1m,127.0,32.6,32.6,35.0,0.0,0.0,0.0,1.18,1.0,False,0,0.5
TEBE.JK,1m,1135.0,32.5,32.5,25.0,-0.0502,0.0,0.0,1.17,1.0,False,0,0.5
IPCM.JK,1m,296.0,32.5,32.5,25.0,0.0137,0.055,0.002,0.95,1.0,False,0,0.5
TRGU.JK,1m,190.0,32.5,32.5,35.0,0.0326,0.093,0.0,0.8,1.0,False,0,0.5
GZCO.JK,1m,111.0,32.5,32.5,35.0,0.0091,0.026,0.0,1.06,1.0,False,0,0.5
GIAA.JK,1m,72.0,32.5,32.5,35.0,0.0141,0.04,0.0,1.01,1.0,False,0,0.5
BHAT.JK,1m,870.0,32.4,32.4,25.0,0.0175,0.07,0.002,0.87,1.0,False,0,0.5
MYOR.JK,1m,2200.0,32.3,32.3,25.0,-0.0045,0.0,0.001,1.14,1.0,False,0,0.5
APIC.JK,1m,1110.0,32.3,32.3,25.0,0.0,0.0,0.001,1.14,1.0,False,0,0.5
BEEF.JK,1m,286.0,32.3,32.3,25.0,-0.0592,0.0,0.0,1.16,1.0,False,0,0.5
GTBO.JK,1m,186.0,32.3,32.3,35.0,0.0054,0.015,0.001,1.08,1.0,False,0,0.5
CSIS.JK,1m,108.0,32.3,32.3,35.0,-0.0357,0.0,0.002,1.14,1.0,False,0,0.5
CRAB.JK,1m,240.0,32.2,32.2,25.0,0.0,0.0,0.005,1.12,1.0,False,0,0.5
ERTX.JK,1m,102.0,32.2,32.2,35.0,0.0099,0.028,0.002,1.02,1.0,False,0,0.5
RMKE.JK,1m,660.0,32.1,32.1,25.0,-0.0075,0.0,0.0,1.13,1.0,False,0,0.5
PBSA.JK,1m,410.0,32.1,32.1,25.0,0.0049,0.02,0.0,1.05,1.0,False,0,0.5
HELI.JK,1m,252.0,32.1,32.1,25.0,-0.0079,0.0,0.0,1.12,1.0,False,0,0.5
TRJA.JK,1m,141.0,32.1,32.1,35.0,-0.0276,0.0,0.001,1.12,1.0,False,0,0.5
TFAS.JK,1m,129.0,32.1,32.1,35.0,-0.0153,0.0,0.0,1.13,1.0,False,0,0.5
HEXA.JK,1m,5425.0,32.0,32.0,20.0,0.0,0.0,0.0,1.11,1.0,False,0,0.5
BTPS.JK,1m,1505.0,32.0,32.0,25.0,-0.0131,0.0,0.001,1.12,1.0,False,0,0.5
TAPG.JK,1m,1490.0,32.0,32.0,25.0,0.0171,0.068,0.0,0.84,1.0,False,0,0.5
MAIN.JK,1m,650.0,32.0,32.0,25.0,0.04,0.16,0.002,0.47,1.0,False,0,0.5
BMTR.JK,1m,147.0,32.0,32.0,35.0,-0.0068,0.0,0.0,1.11,1.0,False,0,0.5
MCAS.JK,1m,980.0,31.9,31.9,25.0,0.0262,0.105,0.0,0.69,1.0,False,0,0.5
CAMP.JK,1m,210.0,31.8,31.8,25.0,0.0096,0.038,0.003,0.93,1.0,False,0,0.5
MAYA.JK,1m,191.0,31.8,31.8,35.0,-0.0104,0.0,0.001,1.09,1.0,False,0,0.5
CINT.JK,1m,155.0,31.8,31.8,35.0,-0.019,0.0,0.0,1.1,1.0,False,0,0.5
ESSA.JK,1m,585.0,31.7,31.7,25.0,-0.0168,0.0,0.0,1.08,1.0,False,0,0.5
SPMA.JK,1m,278.0,31.7,31.7,25.0,0.0072,0.029,0.0,0.97,1.0,False,0,0.5
VOKS.JK,1m,198.0,31.7,31.7,35.0,0.0102,0.029,0.001,0.97,1.0,False,0,0.5
LSIP.JK,1m,1370.0,31.6,31.6,25.0,0.0074,0.029,0.0,0.96,1.0,False,0,0.5
PEHA.JK,1m,342.0,31.6,31.6,25.0,0.0059,0.024,0.002,0.97,1.0,False,0,0.5
ELIT.JK,1m,188.0,31.6,31.6,35.0,-0.0105,0.0,0.0,1.06,1.0,False,0,0.5
CSAP.JK,1m,268.0,31.5,31.5,25.0,-0.0074,0.0,0.002,1.05,1.0,False,0,0.5
KOBX.JK,1m,139.0,31.5,31.5,35.0,-0.0071,0.0,0.0,1.06,1.0,False,0,0.5
BPTR.JK,1m,98.0,31.5,31.5,35.0,-0.0101,0.0,0.004,1.05,1.0,False,0,0.5
VTNY.JK,1m,92.0,31.5,31.5,35.0,0.0337,0.096,0.005,0.66,1.0,False,0,0.5
LPCK.JK,1m,505.0,31.4,31.4,25.0,-0.0098,0.0,0.0,1.04,1.0,False,0,0.5
OKAS.JK,1m,208.0,31.4,31.4,25.0,0.0097,0.039,0.0,0.89,1.0,False,0,0.5
DART.JK,1m,158.0,31.4,31.4,35.0,0.0064,0.018,0.001,0.97,1.0,False,0,0.5
WEHA.JK,1m,117.0,31.4,31.4,35.0,0.0174,0.05,0.002,0.84,1.0,False,0,0.5
PRIM.JK,1m,66.0,31.4,31.4,35.0,0.0312,0.089,0.0,0.69,1.0,False,0,0.5
AKRA.JK,1m,1280.0,31.3,31.3,25.0,0.0,0.0,0.0,1.03,1.0,False,0,0.5
BRRC.JK,1m,79.0,31.3,31.3,35.0,-0.0706,0.0,0.0,1.03,1.0,False,0,0.5
BREN.JK,1m,9100.0,31.2,31.2,20.0,-0.0082,0.0,0.0,1.02,1.0,False,0,0.5
SIMP.JK,1m,625.0,31.2,31.2,25.0,0.0081,0.032,0.0,0.89,1.0,False,0,0.5
GOLD.JK,1m,252.0,31.2,31.2,25.0,0.0,0.0,0.0,1.02,1.0,False,0,0.5
BGTG.JK,1m,83.0,31.2,31.2,35.0,-0.0235,0.0,0.0,1.02,1.0,False,0,0.5
CASS.JK,1m,2330.0,31.1,31.1,25.0,-0.0085,0.0,0.0,1.01,1.0,False,0,0.5
JPFA.JK,1m,1565.0,31.1,31.1,25.0,-0.0032,0.0,0.0,1.01,1.0,False,0,0.5
LPPS.JK,1m,58.0,31.1,31.1,35.0,-0.0169,0.0,0.0,1.01,1.0,False,0,0.5
ARTA.JK,1m,3610.0,31.0,31.0,25.0,-0.0296,0.0,0.0,1.0,1.0,False,0,0.5
SCCO.JK,1m,2290.0,31.0,31.0,25.0,0.0133,0.053,0.0,0.79,1.0,False,0,0.5
CASA.JK,1m,1100.0,31.0,31.0,25.0,0.0092,0.037,0.0,0.85,1.0,False,0,0.5
WTON.JK,1m,101.0,31.0,31.0,35.0,-0.0098,0.0,0.0,1.0,1.0,False,0,0.5
BTPN.JK,1m,2100.0,30.9,30.9,25.0,-0.0187,0.0,0.0,0.99,1.0,False,0,0.5
PGAS.JK,1m,1680.0,30.9,30.9,25.0,0.0,0.0,0.001,0.99,1.0,False,0,0.5
FWCT.JK,1m,152.0,30.9,30.9,35.0,-0.044,0.0,0.0,0.98,1.0,False,0,0.5
JAYA.JK,1m,95.0,30.9,30.9,35.0,0.0,0.0,0.0,0.99,1.0,False,0,0.5
GRIA.JK,1m,93.0,30.9,30.9,35.0,-0.0106,0.0,0.0,0.99,1.0,False,0,0.5
MPMX.JK,1m,965.0,30.8,30.8,25.0,0.0,0.0,0.0,0.98,1.0,False,0,0.5
CLEO.JK,1m,595.0,30.8,30.8,25.0,-0.0246,0.0,0.0,0.98,1.0,False,0,0.5
ACES.JK,1m,480.0,30.8,30.8,25.0,0.0,0.0,0.0,0.98,1.0,False,0,0.5
GDST.JK,1m,108.0,30.8,30.8,35.0,0.0,0.0,0.002,0.97,1.0,False,0,0.5
TOOL.JK,1m,54.0,30.8,30.8,35.0,0.0385,0.11,0.0,0.54,1.0,False,0,0.5
BNBA.JK,1m,805.0,30.7,30.7,25.0,-0.0417,0.0,0.0,0.96,1.0,False,0,0.5
ERAA.JK,1m,466.0,30.7,30.7,25.0,-0.0127,0.0,0.0,0.97,1.0,False,0,0.5
SKRN.JK,1m,400.0,30.7,30.7,25.0,0.0,0.0,0.0,0.96,1.0,False,0,0.5
ERAL.JK,1m,344.0,30.7,30.7,25.0,-0.0115,0.0,0.0,0.96,1.0,False,0,0.5
UNVR.JK,1m,1785.0,30.6,30.6,25.0,-0.0111,0.0,0.0,0.95,1.0,False,0,0.5
SMBR.JK,1m,302.0,30.6,30.6,25.0,0.0067,0.027,0.0,0.85,1.0,False,0,0.5
PPRI.JK,1m,226.0,30.6,30.6,25.0,-0.0342,0.0,0.0,0.95,1.0,False,0,0.5
GHON.JK,1m,1600.0,30.5,30.5,25.0,0.0095,0.038,0.002,0.78,1.0,False,0,0.5
CBUT.JK,1m,1250.0,30.5,30.5,25.0,-0.004,0.0,0.0,0.94,1.0,False,0,0.5
MTDL.JK,1m,590.0,30.5,30.5,25.0,-0.0084,0.0,0.002,0.94,1.0,False,0,0.5
JTPE.JK,1m,274.0,30.5,30.5,25.0,-0.0214,0.0,0.0,0.94,1.0,False,0,0.5
SATU.JK,1m,234.0,30.5,30.5,25.0,-0.0085,0.0,0.0,0.95,1.0,False,0,0.5
NETV.JK,1m,144.0,30.5,30.5,35.0,-0.0069,0.0,0.001,0.94,1.0,False,0,0.5
CGAS.JK,1m,118.0,30.5,30.5,35.0,-0.0084,0.0,0.0,0.94,1.0,False,0,0.5
BEER.JK,1m,104.0,30.5,30.5,35.0,0.0196,0.056,0.002,0.71,1.0,False,0,0.5
PNGO.JK,1m,2450.0,30.4,30.4,25.0,-0.0278,0.0,0.002,0.92,1.0,False,0,0.5
ZONE.JK,1m,745.0,30.4,30.4,25.0,0.0,0.0,0.0,0.93,1.0,False,0,0.5
SPTO.JK,1m,660.0,30.4,30.4,25.0,0.0,0.0,0.0,0.93,1.0,False,0,0.5
PRDA.JK,1m,2790.0,30.3,30.3,25.0,-0.0036,0.0,0.0,0.92,1.0,False,0,0.5
IKBI.JK,1m,476.0,30.3,30.3,25.0,0.0,0.0,0.0,0.92,1.0,False,0,0.5
KMTR.JK,1m,270.0,30.3,30.3,25.0,0.0,0.0,0.0,0.92,1.0,False,0,0.5
PTRO.JK,1m,3910.0,30.2,30.2,25.0,0.0,0.0,0.0,0.9,1.0,False,0,0.5
SONA.JK,1m,3650.0,30.2,30.2,25.0,0.0083,0.033,0.0,0.78,1.0,False,0,0.5
MAPB.JK,1m,1780.0,30.2,30.2,25.0,0.0349,0.14,0.0,0.34,1.0,False,0,0.5
JARR.JK,1m,700.0,30.2,30.2,25.0,-0.0141,0.0,0.002,0.9,1.0,False,0,0.5
MERI.JK,1m,288.0,30.2,30.2,25.0,0.0141,0.056,0.002,0.68,1.0,False,0,0.5
LEAD.JK,1m,71.0,30.2,30.2,35.0,0.0,0.0,0.0,0.9,1.0,False,0,0.5
PACK.JK,1m,3930.0,30.1,30.1,25.0,0.0,0.0,0.0,0.89,1.0,False,0,0.5
INTD.JK,1m,188.0,30.1,30.1,35.0,-0.0157,0.0,0.0,0.89,1.0,False,0,0.5
BKSL.JK,1m,152.0,30.1,30.1,35.0,0.027,0.077,0.004,0.56,1.0,False,0,0.5
SICO.JK,1m,111.0,30.1,30.1,35.0,-0.0177,0.0,0.0,0.89,1.0,False,0,0.5
BUMI.JK,1m,108.0,30.1,30.1,35.0,-0.027,0.0,0.0,0.9,1.0,False,0,0.5
KOKA.JK,1m,101.0,30.1,30.1,35.0,-0.0472,0.0,0.0,0.9,1.0,False,0,0.5
LUCY.JK,1m,73.0,30.1,30.1,35.0,0.0139,0.04,0.0,0.73,1.0,False,0,0.5
KRYA.JK,1m,244.0,30.0,30.0,25.0,-0.0687,0.0,0.0,0.88,1.0,False,0,0.5
HAIS.JK,1m,191.0,30.0,30.0,35.0,0.0053,0.015,0.0,0.83,1.0,False,0,0.5
CITY.JK,1m,110.0,30.0,30.0,35.0,-0.0265,0.0,0.002,0.88,1.0,False,0,0.5
MLBI.JK,1m,6100.0,29.9,29.9,20.0,0.0,0.0,0.0,0.87,1.0,False,0,0.5
NICL.JK,1m,1015.0,29.9,29.9,25.0,0.005,0.02,0.001,0.78,1.0,False,0,0.5
EMTK.JK,1m,975.0,29.9,29.9,25.0,0.0156,0.062,0.001,0.61,1.0,False,0,0.5
BDKR.JK,1m,157.0,29.9,29.9,35.0,0.0,0.0,0.002,0.86,1.0,False,0,0.5
KLAS.JK,1m,146.0,29.9,29.9,35.0,-0.0135,0.0,0.0,0.87,1.0,False,0,0.5
MLPL.JK,1m,123.0,29.9,29.9,35.0,0.0336,0.096,0.0,0.49,1.0,False,0,0.5
DNAR.JK,1m,120.0,29.9,29.9,35.0,-0.0244,0.0,0.0,0.87,1.0,False,0,0.5
AYLS.JK,1m,104.0,29.9,29.9,35.0,0.0097,0.028,0.0,0.76,1.0,False,0,0.5
CBDK.JK,1m,5900.0,29.8,29.8,20.0,-0.0084,0.0,0.001,0.86,1.0,False,0,0.5
TOWR.JK,1m,645.0,29.8,29.8,25.0,0.0078,0.031,0.0,0.73,1.0,False,0,0.5
NELY.JK,1m,346.0,29.8,29.8,25.0,-0.0226,0.0,0.003,0.85,1.0,False,0,0.5
KIJA.JK,1m,202.0,29.8,29.8,25.0,-0.0098,0.0,0.0,0.85,1.0,False,0,0.5
EMDE.JK,1m,89.0,29.8,29.8,35.0,-0.0111,0.0,0.0,0.86,1.0,False,0,0.5
ICBP.JK,1m,9475.0,29.7,29.7,20.0,-0.0156,0.0,0.0,0.85,1.0,False,0,0.5
PALM.JK,1m,376.0,29.7,29.7,25.0,-0.0259,0.0,0.0,0.85,1.0,False,0,0.5
KOPI.JK,1m,348.0,29.7,29.7,25.0,0.0058,0.023,0.0,0.76,1.0,False,0,0.5
FPNI.JK,1m,191.0,29.7,29.7,35.0,-0.0052,0.0,0.0,0.84,1.0,False,0,0.5
BBHI.JK,1m,1550.0,29.6,29.6,25.0,-0.0282,0.0,0.001,0.83,1.0,False,0,0.5
KAEF.JK,1m,540.0,29.6,29.6,25.0,-0.0182,0.0,0.0,0.83,1.0,False,0,0.5
NAIK.JK,1m,157.0,29.6,29.6,35.0,-0.0126,0.0,0.0,0.84,1.0,False,0,0.5
WAPO.JK,1m,141.0,29.6,29.6,35.0,0.0,0.0,0.001,0.82,1.0,False,0,0.5
MKPI.JK,1m,25500.0,29.5,29.5,20.0,-0.0049,0.0,0.0,0.82,1.0,False,54,0.5
LPPF.JK,1m,1575.0,29.5,29.5,25.0,0.0,0.0,0.0,0.83,1.0,False,0,0.5
CARS.JK,1m,105.0,29.5,29.5,35.0,-0.0094,0.0,0.0,0.82,1.0,False,0,0.5
DYAN.JK,1m,86.0,29.5,29.5,35.0,0.0,0.0,0.002,0.82,1.0,False,0,0.5
PTBA.JK,1m,2450.0,29.4,29.4,25.0,0.0041,0.016,0.0,0.75,1.0,False,0,0.5
VICI.JK,1m,625.0,29.4,29.4,25.0,-0.0079,0.0,0.0,0.81,1.0,False,0,0.5
BOLA.JK,1m,178.0,29.4,29.4,35.0,-0.043,0.0,0.0,0.81,1.0,False,0,0.5
CNMA.JK,1m,141.0,29.4,29.4,35.0,0.0144,0.041,0.001,0.65,1.0,False,0,0.5
SMMA.JK,1m,16925.0,29.3,29.3,20.0,0.012,0.06,0.001,0.56,1.0,False,0,0.5
ADMF.JK,1m,9100.0,29.3,29.3,20.0,0.0028,0.014,0.0,0.74,1.0,False,0,0.5
EDGE.JK,1m,4340.0,29.3,29.3,25.0,-0.0023,0.0,0.002,0.79,1.0,False,0,0.5
SHIP.JK,1m,4070.0,29.3,29.3,25.0,0.0,0.0,0.0,0.8,1.0,False,0,0.5
DVLA.JK,1m,1680.0,29.3,29.3,25.0,0.003,0.012,0.0,0.75,1.0,False,0,0.5
PGEO.JK,1m,1525.0,29.3,29.3,25.0,-0.0439,0.0,0.0,0.79,1.0,False,0,0.5
PDES.JK,1m,496.0,29.3,29.3,25.0,-0.008,0.0,0.0,0.8,1.0,False,0,0.5
GPSO.JK,1m,376.0,29.3,29.3,25.0,-0.0309,0.0,0.0,0.79,1.0,False,0,0.5
RAAM.JK,1m,292.0,29.3,29.3,25.0,-0.0201,0.0,0.003,0.79,1.0,False,0,0.5
INDX.JK,1m,92.0,29.3,29.3,35.0,0.0,0.0,0.0,0.8,1.0,False,0,0.5
LUCK.JK,1m,83.0,29.3,29.3,35.0,0.0,0.0,0.0,0.8,1.0,False,0,0.5
KEJU.JK,1m,690.0,29.2,29.2,25.0,-0.0548,0.0,0.0,0.78,1.0,False,0,0.5
SAME.JK,1m,322.0,29.2,29.2,25.0,-0.0062,0.0,0.0,0.78,1.0,False,0,0.5
DEWA.JK,1m,222.0,29.1,29.1,25.0,-0.0348,0.0,0.0,0.77,1.0,False,0,0.5
ITIC.JK,1m,216.0,29.1,29.1,25.0,0.0093,0.037,0.003,0.61,1.0,False,0,0.5
BVIC.JK,1m,94.0,29.1,29.1,35.0,-0.0309,0.0,0.0,0.77,1.0,False,0,0.5
SPRE.JK,1m,91.0,29.1,29.1,35.0,-0.0421,0.0,0.0,0.77,1.0,False,0,0.5
INKP.JK,1m,8000.0,29.0,29.0,20.0,-0.0448,0.0,0.0,0.76,1.0,False,0,0.5
SMLE.JK,1m,147.0,29.0,29.0,35.0,0.0,0.0,0.003,0.75,1.0,False,0,0.5
BAJA.JK,1m,129.0,29.0,29.0,35.0,0.0,0.0,0.0,0.76,1.0,False,0,0.5
HALO.JK,1m,83.0,29.0,29.0,35.0,-0.0119,0.0,0.0,0.76,1.0,False,0,0.5
PANI.JK,1m,16025.0,28.9,28.9,20.0,-0.0214,0.0,0.001,0.75,1.0,False,0,0.5
MBMA.JK,1m,416.0,28.9,28.9,25.0,-0.0189,0.0,0.0,0.75,1.0,False,0,0.5
BABY.JK,1m,338.0,28.9,28.9,25.0,-0.0343,0.0,0.0,0.75,1.0,False,0,0.5
INPC.JK,1m,157.0,28.9,28.9,35.0,-0.0309,0.0,0.0,0.75,1.0,False,0,0.5
CMNP.JK,1m,1310.0,28.8,28.8,25.0,0.0038,0.015,0.0,0.67,1.0,False,0,0.5
CMNT.JK,1m,825.0,28.8,28.8,25.0,0.0,0.0,0.002,0.73,1.0,False,0,0.5
PKPK.JK,1m,600.0,28.8,28.8,25.0,0.0,0.0,0.0,0.74,1.0,False,0,0.5
CHEK.JK,1m,197.0,28.8,28.8,35.0,0.0103,0.029,0.001,0.61,1.0,False,0,0.5
SMKM.JK,1m,82.0,28.8,28.8,35.0,-0.0238,0.0,0.002,0.72,1.0,False,0,0.5
AMRT.JK,1m,2350.0,28.7,28.7,25.0,-0.0084,0.0,0.0,0.73,1.0,False,0,0.5
BFIN.JK,1m,880.0,28.7,28.7,25.0,-0.0168,0.0,0.0,0.72,1.0,False,0,0.5
KMDS.JK,1m,670.0,28.7,28.7,25.0,-0.036,0.0,0.0,0.73,1.0,False,0,0.5
SOCI.JK,1m,179.0,28.7,28.7,35.0,-0.011,0.0,0.0,0.73,1.0,False,0,0.5
PURI.JK,1m,179.0,28.7,28.7,35.0,-0.011,0.0,0.0,0.72,1.0,False,0,0.5
JATI.JK,1m,141.0,28.7,28.7,35.0,-0.014,0.0,0.001,0.72,1.0,False,0,0.5
PTMP.JK,1m,98.0,28.7,28.7,35.0,0.0103,0.029,0.002,0.6,1.0,False,0,0.5
MBSS.JK,1m,1355.0,28.6,28.6,25.0,-0.0217,0.0,0.0,0.71,1.0,False,0,0.5
WIIM.JK,1m,810.0,28.6,28.6,25.0,0.0062,0.025,0.0,0.62,1.0,False,0,0.5
KRAS.JK,1m,264.0,28.6,28.6,25.0,-0.0149,0.0,0.0,0.71,1.0,False,0,0.5
TMPO.JK,1m,148.0,28.6,28.6,35.0,-0.0133,0.0,0.0,0.72,1.0,False,0,0.5
INCO.JK,1m,3930.0,28.5,28.5,25.0,-0.0175,0.0,0.0,0.7,1.0,False,0,0.5
SRTG.JK,1m,1780.0,28.5,28.5,25.0,-0.0111,0.0,0.001,0.7,1.0,False,0,0.5
OPMS.JK,1m,74.0,28.5,28.5,35.0,-0.039,0.0,0.0,0.71,1.0,False,0,0.5
FAST.JK,1m,324.0,28.4,28.4,25.0,-0.0182,0.0,0.0,0.69,1.0,False,0,0.5
SMKL.JK,1m,159.0,28.4,28.4,35.0,-0.0124,0.0,0.0,0.69,1.0,False,0,0.5
HYGN.JK,1m,153.0,28.4,28.4,35.0,-0.0065,0.0,0.001,0.69,1.0,False,0,0.5
ALII.JK,1m,575.0,28.3,28.3,25.0,-0.0171,0.0,0.0,0.68,1.0,False,0,0.5
UCID.JK,1m,500.0,28.3,28.3,25.0,0.004,0.016,0.0,0.61,1.0,False,0,0.5
MINE.JK,1m,474.0,28.3,28.3,25.0,-0.0042,0.0,0.0,0.67,1.0,False,0,0.5
KBLI.JK,1m,376.0,28.3,28.3,25.0,0.0,0.0,0.0,0.68,1.0,False,0,0.5
SDRA.JK,1m,292.0,28.3,28.3,25.0,-0.0068,0.0,0.002,0.67,1.0,False,0,0.5
BALI.JK,1m,1350.0,28.2,28.2,25.0,0.0,0.0,0.0,0.66,1.0,False,0,0.5
RALS.JK,1m,392.0,28.2,28.2,25.0,0.0,0.0,0.0,0.67,1.0,False,0,0.5
COIN.JK,1m,1625.0,28.1,28.1,25.0,-0.024,0.0,0.0,0.65,1.0,False,0,0.5
GJTL.JK,1m,1050.0,28.1,28.1,25.0,0.0048,0.019,0.0,0.58,1.0,False,0,0.5
MREI.JK,1m,960.0,28.1,28.1,25.0,0.0213,0.085,0.002,0.31,1.0,False,0,0.5
TBLA.JK,1m,745.0,28.1,28.1,25.0,0.0,0.0,0.0,0.65,1.0,False,0,0.5
HATM.JK,1m,266.0,28.1,28.1,25.0,-0.0148,0.0,0.0,0.65,1.0,False,0,0.5
IFII.JK,1m,222.0,28.1,28.1,25.0,0.0,0.0,0.0,0.65,1.0,False,0,0.5
AMAR.JK,1m,212.0,28.1,28.1,25.0,-0.045,0.0,0.0,0.65,1.0,False,0,0.5
INAI.JK,1m,158.0,28.1,28.1,35.0,0.0,0.0,0.0,0.65,1.0,False,0,0.5
DIVA.JK,1m,110.0,28.1,28.1,35.0,0.0,0.0,0.0,0.65,1.0,False,0,0.5
SMAR.JK,1m,4130.0,28.0,28.0,25.0,-0.0072,0.0,0.0,0.64,1.0,False,0,0.5
MIKA.JK,1m,2440.0,28.0,28.0,25.0,0.0,0.0,0.001,0.64,1.0,False,0,0.5
FORE.JK,1m,575.0,28.0,28.0,25.0,-0.0086,0.0,0.0,0.63,1.0,False,0,0.5
SAMF.JK,1m,342.0,28.0,28.0,25.0,-0.0058,0.0,0.0,0.63,1.0,False,0,0.5
BMHS.JK,1m,191.0,28.0,28.0,35.0,-0.0104,0.0,0.001,0.64,1.0,False,0,0.5
BLES.JK,1m,159.0,28.0,28.0,35.0,-0.0062,0.0,0.001,0.63,1.0,False,0,0.5
MUTU.JK,1m,92.0,28.0,28.0,35.0,0.011,0.031,0.004,0.49,1.0,False,0,0.5
NICE.JK,1m,430.0,27.9,27.9,25.0,0.0047,0.019,0.003,0.54,1.0,False,0,0.5
KKGI.JK,1m,332.0,27.9,27.9,25.0,-0.0119,0.0,0.0,0.63,1.0,False,0,0.5
KPIG.JK,1m,210.0,27.9,27.9,25.0,0.0096,0.038,0.003,0.46,1.0,False,0,0.5
CBPE.JK,1m,181.0,27.9,27.9,35.0,0.0112,0.032,0.0,0.5,1.0,False,0,0.5
MBTO.JK,1m,114.0,27.9,27.9,35.0,0.0088,0.025,0.005,0.51,1.0,False,0,0.5
IOTF.JK,1m,83.0,27.9,27.9,35.0,0.0,0.0,0.0,0.63,1.0,False,0,0.5
HEAL.JK,1m,1650.0,27.8,27.8,25.0,-0.003,0.0,0.0,0.61,1.0,False,0,0.5
KING.JK,1m,202.0,27.8,27.8,25.0,-0.0561,0.0,0.0,0.62,1.0,False,0,0.5
DMAS.JK,1m,139.0,27.8,27.8,35.0,-0.0071,0.0,0.0,0.61,1.0,False,0,0.5
HOKI.JK,1m,85.0,27.8,27.8,35.0,-0.023,0.0,0.0,0.62,1.0,False,0,0.5
GOOD.JK,1m,382.0,27.7,27.7,25.0,-0.0052,0.0,0.0,0.6,1.0,False,0,0.5
NFCX.JK,1m,1870.0,27.6,27.6,25.0,0.0054,0.022,0.003,0.49,1.0,False,0,0.5
SHID.JK,1m,900.0,27.6,27.6,25.0,0.0056,0.022,0.0,0.49,1.0,False,0,0.5
HRTA.JK,1m,695.0,27.6,27.6,25.0,0.0072,0.029,0.002,0.47,1.0,False,0,0.5
KBLM.JK,1m,324.0,27.6,27.6,25.0,0.0,0.0,0.0,0.58,1.0,False,0,0.5
FITT.JK,1m,222.0,27.6,27.6,25.0,-0.0672,0.0,0.004,0.58,1.0,False,0,0.5
SOLA.JK,1m,173.0,27.6,27.6,35.0,0.0117,0.033,0.001,0.46,1.0,False,0,0.5
AEGS.JK,1m,53.0,27.6,27.6,35.0,0.0,0.0,0.0,0.59,1.0,False,0,0.5
BRPT.JK,1m,2320.0,27.5,27.5,25.0,-0.0169,0.0,0.0,0.58,1.0,False,0,0.5
PTSP.JK,1m,1010.0,27.5,27.5,25.0,0.0202,0.081,0.003,0.25,1.0,False,0,0.5
RGAS.JK,1m,113.0,27.5,27.5,35.0,0.018,0.051,0.0,0.37,1.0,False,0,0.5
MPXL.JK,1m,106.0,27.5,27.5,35.0,-0.0093,0.0,0.0,0.58,1.0,False,0,0.5
CMRY.JK,1m,4920.0,27.4,27.4,25.0,-0.012,0.0,0.001,0.56,1.0,False,0,0.5
BDMN.JK,1m,2550.0,27.4,27.4,25.0,-0.0116,0.0,0.0,0.56,1.0,False,0,0.5
MMLP.JK,1m,535.0,27.4,27.4,25.0,-0.0093,0.0,0.0,0.56,1.0,False,0,0.5
CFIN.JK,1m,322.0,27.4,27.4,25.0,0.0,0.0,0.0,0.56,1.0,False,0,0.5
NINE.JK,1m,180.0,27.4,27.4,35.0,0.0056,0.016,0.0,0.5,1.0,False,0,0.5
ACST.JK,1m,88.0,27.4,27.4,35.0,-0.033,0.0,0.0,0.56,1.0,False,0,0.5
FOLK.JK,1m,81.0,27.4,27.4,35.0,-0.0241,0.0,0.0,0.56,1.0,False,0,0.5
IFSH.JK,1m,755.0,27.3,27.3,25.0,-0.0321,0.0,0.0,0.55,1.0,False,0,0.5
IMAS.JK,1m,1080.0,27.2,27.2,25.0,0.0141,0.056,0.004,0.3,1.0,False,0,0.5
PDPP.JK,1m,505.0,27.2,27.2,25.0,0.01,0.04,0.004,0.37,1.0,False,0,0.5
IMJS.JK,1m,266.0,27.2,27.2,25.0,-0.0148,0.0,0.004,0.53,1.0,False,0,0.5
MRAT.JK,1m,252.0,27.2,27.2,25.0,0.0,0.0,0.0,0.54,1.0,False,0,0.5
DPNS.JK,1m,238.0,27.2,27.2,25.0,-0.0325,0.0,0.0,0.53,1.0,False,0,0.5
MOLI.JK,1m,210.0,27.2,27.2,25.0,0.0194,0.078,0.006,0.2,1.0,False,0,0.5
SSIA.JK,1m,2420.0,27.1,27.1,25.0,-0.0163,0.0,0.0,0.53,1.0,False,0,0.5
YUPI.JK,1m,1705.0,27.1,27.1,25.0,-0.0058,0.0,0.0,0.53,1.0,False,0,0.5
AMAG.JK,1m,360.0,27.1,27.1,25.0,0.0056,0.022,0.0,0.44,1.0,False,0,0.5
TRIM.JK,1m,356.0,27.1,27.1,25.0,-0.0111,0.0,0.0,0.52,1.0,False,0,0.5
CPIN.JK,1m,4480.0,27.0,27.0,25.0,0.0,0.0,0.0,0.52,1.0,False,0,0.5
NSSS.JK,1m,424.0,27.0,27.0,25.0,-0.0185,0.0,0.0,0.51,1.0,False,0,0.5
FMII.JK,1m,376.0,27.0,27.0,25.0,-0.0309,0.0,0.0,0.51,1.0,False,0,0.5
AXIO.JK,1m,126.0,27.0,27.0,35.0,-0.0233,0.0,0.0,0.51,1.0,False,0,0.5
PAMG.JK,1m,78.0,27.0,27.0,35.0,-0.0127,0.0,0.0,0.51,1.0,False,0,0.5
WIFI.JK,1m,2710.0,26.9,26.9,25.0,-0.0073,0.0,0.001,0.5,1.0,False,0,0.5
YOII.JK,1m,97.0,26.9,26.9,35.0,0.0,0.0,0.002,0.49,1.0,False,0,0.5
BBLD.JK,1m,915.0,26.8,26.8,25.0,0.011,0.044,0.006,0.29,1.0,False,0,0.5
ENRG.JK,1m,550.0,26.8,26.8,25.0,-0.0179,0.0,0.002,0.48,1.0,False,0,0.5
MORA.JK,1m,390.0,26.8,26.8,25.0,0.0,0.0,0.0,0.49,1.0,False,0,0.5
SGER.JK,1m,334.0,26.8,26.8,25.0,-0.0118,0.0,0.0,0.48,1.0,False,0,0.5
SCMA.JK,1m,240.0,26.8,26.8,25.0,0.0,0.0,0.0,0.48,1.0,False,0,0.5
AMIN.JK,1m,175.0,26.8,26.8,35.0,-0.0278,0.0,0.001,0.48,1.0,False,0,0.5
VICO.JK,1m,172.0,26.8,26.8,35.0,-0.0115,0.0,0.0,0.49,1.0,False,0,0.5
JAWA.JK,1m,147.0,26.8,26.8,35.0,-0.0068,0.0,0.0,0.49,1.0,False,0,0.5
MDLN.JK,1m,57.0,26.8,26.8,35.0,0.0,0.0,0.0,0.49,1.0,False,0,0.5
FORU.JK,1m,1370.0,26.7,26.7,25.0,-0.0179,0.0,0.0,0.47,1.0,False,0,0.5
TOBA.JK,1m,1070.0,26.7,26.7,25.0,-0.0531,0.0,0.0,0.47,1.0,False,0,0.5
MNCN.JK,1m,264.0,26.7,26.7,25.0,-0.0149,0.0,0.0,0.48,1.0,False,0,0.5
AYAM.JK,1m,171.0,26.7,26.7,35.0,0.0118,0.034,0.002,0.33,1.0,False,0,0.5
LPKR.JK,1m,91.0,26.7,26.7,35.0,0.0,0.0,0.002,0.47,1.0,False,0,0.5
FIRE.JK,1m,75.0,26.7,26.7,35.0,0.0,0.0,0.0,0.48,1.0,False,0,0.5
ADES.JK,1m,14075.0,26.6,26.6,20.0,-0.036,0.0,0.0,0.46,1.0,False,0,0.5
MSIN.JK,1m,488.0,26.6,26.6,25.0,-0.0041,0.0,0.001,0.46,1.0,False,0,0.5
SKLT.JK,1m,189.0,26.6,26.6,35.0,0.0,0.0,0.0,0.46,1.0,False,0,0.5
BOAT.JK,1m,109.0,26.6,26.6,35.0,-0.0354,0.0,0.0,0.47,1.0,False,0,0.5
AGRS.JK,1m,66.0,26.6,26.6,35.0,-0.0294,0.0,0.0,0.46,1.0,False,0,0.5
LOPI.JK,1m,57.0,26.6,26.6,35.0,-0.0339,0.0,0.0,0.46,1.0,False,0,0.5
BOLT.JK,1m,1090.0,26.5,26.5,25.0,-0.0046,0.0,0.0,0.45,1.0,False,0,0.5
EAST.JK,1m,95.0,26.5,26.5,35.0,0.0,0.0,0.002,0.45,1.0,False,0,0.5
UNTD.JK,1m,78.0,26.5,26.5,35.0,-0.0127,0.0,0.0,0.45,1.0,False,0,0.5
FILM.JK,1m,3770.0,26.4,26.4,25.0,0.0162,0.065,0.0,0.18,1.0,False,0,0.5
BATR.JK,1m,103.0,26.4,26.4,35.0,-0.0374,0.0,0.0,0.43,1.0,False,0,0.5
HUMI.JK,1m,66.0,26.4,26.4,35.0,-0.0149,0.0,0.0,0.44,1.0,False,0,0.5
NISP.JK,1m,1385.0,26.3,26.3,25.0,-0.0036,0.0,0.0,0.43,1.0,False,0,0.5
DAYA.JK,1m,1015.0,26.3,26.3,25.0,0.0,0.0,0.0,0.42,1.0,False,0,0.5
VERN.JK,1m,153.0,26.3,26.3,35.0,-0.0129,0.0,0.0,0.43,1.0,False,0,0.5
LMPI.JK,1m,139.0,26.3,26.3,35.0,-0.0071,0.0,0.0,0.43,1.0,False,0,0.5
GEMS.JK,1m,9200.0,26.2,26.2,20.0,-0.0108,0.0,0.0,0.41,1.0,False,0,0.5
MBAP.JK,1m,1650.0,26.2,26.2,25.0,-0.006,0.0,0.0,0.4,1.0,False,0,0.5
LIVE.JK,1m,187.0,26.2,26.2,35.0,0.0108,0.031,0.001,0.28,1.0,False,0,0.5
JIHD.JK,1m,650.0,26.1,26.1,25.0,-0.037,0.0,0.004,0.39,1.0,False,0,0.5
PTSN.JK,1m,266.0,26.1,26.1,25.0,-0.0221,0.0,0.0,0.4,1.0,False,0,0.5
BUKA.JK,1m,174.0,26.1,26.1,35.0,0.0058,0.017,0.001,0.33,1.0,False,0,0.5
APEX.JK,1m,125.0,26.1,26.1,35.0,-0.0079,0.0,0.0,0.4,1.0,False,0,0.5
GGRM.JK,1m,8675.0,26.0,26.0,20.0,-0.0057,0.0,0.0,0.38,1.0,False,0,0.5
LFLO.JK,1m,252.0,26.0,26.0,25.0,-0.0079,0.0,0.0,0.38,1.0,False,0,0.5
LMAX.JK,1m,74.0,26.0,26.0,35.0,-0.0133,0.0,0.0,0.39,1.0,False,0,0.5
BBKP.JK,1m,62.0,26.0,26.0,35.0,-0.0159,0.0,0.0,0.39,1.0,False,0,0.5
PTPP.JK,1m,410.0,25.9,25.9,25.0,-0.0049,0.0,0.0,0.37,1.0,False,0,0.5
WOMF.JK,1m,342.0,25.9,25.9,25.0,0.0,0.0,0.002,0.37,1.0,False,0,0.5
BMSR.JK,1m,248.0,25.9,25.9,25.0,0.0,0.0,0.0,0.38,1.0,False,0,0.5
BIPI.JK,1m,90.0,25.9,25.9,35.0,0.0112,0.032,0.0,0.25,1.0,False,0,0.5
ISEA.JK,1m,84.0,25.9,25.9,35.0,-0.0118,0.0,0.0,0.37,1.0,False,0,0.5
ABMM.JK,1m,3000.0,25.8,25.8,25.0,0.0,0.0,0.0,0.36,1.0,False,0,0.5
NOBU.JK,1m,550.0,25.8,25.8,25.0,-0.009,0.0,0.002,0.35,1.0,False,0,0.5
BLOG.JK,1m,500.0,25.7,25.7,25.0,-0.0196,0.0,0.0,0.34,1.0,False,0,0.5
DWGL.JK,1m,230.0,25.7,25.7,25.0,0.0,0.0,0.002,0.34,1.0,False,0,0.5
SEMA.JK,1m,90.0,25.7,25.7,35.0,-0.0323,0.0,0.0,0.35,1.0,False,0,0.5
DKFT.JK,1m,835.0,25.6,25.6,25.0,-0.006,0.0,0.003,0.32,1.0,False,0,0.5
INDS.JK,1m,224.0,25.5,25.5,25.0,-0.0261,0.0,0.0,0.33,1.0,False,0,0.5
IPOL.JK,1m,133.0,25.5,25.5,35.0,0.0,0.0,0.0,0.32,1.0,False,0,0.5
ADMG.JK,1m,125.0,25.5,25.5,35.0,-0.0157,0.0,0.001,0.32,1.0,False,0,0.5
MGRO.JK,1m,725.0,25.4,25.4,25.0,0.0069,0.028,0.004,0.18,1.0,False,0,0.5
WGSH.JK,1m,175.0,25.4,25.4,35.0,-0.0113,0.0,0.0,0.3,1.0,False,0,0.5
AGII.JK,1m,910.0,25.3,25.3,25.0,0.0,0.0,0.0,0.29,1.0,False,0,0.5
DEWI.JK,1m,105.0,25.3,25.3,35.0,0.0096,0.027,0.0,0.18,1.0,False,0,0.5
MSKY.JK,1m,78.0,25.3,25.3,35.0,-0.025,0.0,0.002,0.28,1.0,False,0,0.5
MPPA.JK,1m,71.0,25.3,25.3,35.0,0.0,0.0,0.0,0.29,1.0,False,0,0.5
PUDP.JK,1m,214.0,25.2,25.2,25.0,0.0,0.0,0.0,0.28,1.0,False,0,0.5
EPMT.JK,1m,2300.0,25.1,25.1,25.0,-0.0043,0.0,0.0,0.27,1.0,False,0,0.5
PART.JK,1m,135.0,25.1,25.1,35.0,-0.0146,0.0,0.0,0.27,1.0,False,0,0.5
SURE.JK,1m,3420.0,25.0,25.0,25.0,0.0059,0.024,0.0,0.16,1.0,False,0,0.5
BANK.JK,1m,845.0,25.0,25.0,25.0,0.006,0.024,0.002,0.16,1.0,False,0,0.5
OASA.JK,1m,191.0,25.0,25.0,35.0,-0.0354,0.0,0.0,0.25,1.0,False,0,0.5
SULI.JK,1m,104.0,25.0,25.0,35.0,0.0,0.0,0.0,0.26,1.0,False,0,0.5
SMDM.JK,1m,910.0,24.9,24.9,25.0,0.0,0.0,0.001,0.24,1.0,False,0,0.5
ARCI.JK,1m,680.0,24.8,24.8,25.0,-0.049,0.0,0.0,0.23,1.0,False,0,0.5
RSCH.JK,1m,386.0,24.8,24.8,25.0,0.0,0.0,0.0,0.22,1.0,False,0,0.5
AVIA.JK,1m,426.0,24.7,24.7,25.0,-0.0139,0.0,0.0,0.21,1.0,False,0,0.5
AWAN.JK,1m,258.0,24.6,24.6,25.0,-0.0227,0.0,0.0,0.2,1.0,False,0,0.5
KBLV.JK,1m,102.0,24.6,24.6,35.0,-0.0097,0.0,0.0,0.2,1.0,False,0,0.5
DSFI.JK,1m,84.0,24.5,24.5,35.0,-0.0118,0.0,0.0,0.19,1.0,False,0,0.5
BBSS.JK,1m,260.0,24.3,24.3,25.0,-0.0226,0.0,0.0,0.16,1.0,False,0,0.5
BULL.JK,1m,170.0,24.3,24.3,35.0,-0.0503,0.0,0.001,0.16,1.0,False,0,0.5
PTIS.JK,1m,398.0,24.1,24.1,25.0,-0.01,0.0,0.0,0.13,1.0,False,0,0.5
CENT.JK,1m,100.0,24.1,24.1,35.0,-0.0099,0.0,0.0,0.14,1.0,False,0,0.5
BABP.JK,1m,53.0,24.1,24.1,35.0,-0.0185,0.0,0.0,0.13,1.0,False,0,0.5
IRSX.JK,1m,116.0,23.1,23.1,35.0,0.0,0.0,0.0,0.0,1.0,False,0,0.5
CEKA.JK,1m,2580.0,19.1,19.1,25.0,-0.0077,0.0,0.002,1.88,0.0,False,0,0.5
INDR.JK,1m,2640.0,15.4,15.4,25.0,-0.033,0.0,0.0,1.24,0.0,False,0,0.5
SFAN.JK,1m,1910.0,14.2,14.2,25.0,0.0,0.0,0.0,1.01,0.0,False,0,0.5
