ticker,status,file,rows_before,rows_after,min_dt,max_dt,na_total,expected_per_day,last_day_coverage_pct,has_last_day
AADI.JK,OK,emiten/cache_1m/AADI.JK.csv,2877,2877,2025-08-11 09:00:00+07:00,2025-08-19 15:50:00+07:00,6252,411,77.37,True
AALI.JK,OK,emiten/cache_1m/AALI.JK.csv,2877,2877,2025-08-11 09:00:00+07:00,2025-08-19 15:50:00+07:00,9324,411,68.37,True
ABDA.JK,OK,emiten/cache_1m/ABDA.JK.csv,2877,2877,2025-08-11 09:00:00+07:00,2025-08-19 15:50:00+07:00,17262,411,0.0,False
ABMM.JK,OK,emiten/cache_1m/ABMM.JK.csv,2877,2877,2025-08-11 09:00:00+07:00,2025-08-19 15:50:00+07:00,11574,411,55.96,True
ACES.JK,OK,emiten/cache_1m/ACES.JK.csv,2877,2877,2025-08-11 09:00:00+07:00,2025-08-19 15:50:00+07:00,6318,411,77.62,True
ACRO.JK,OK,emiten/cache_1m/ACRO.JK.csv,2877,2877,2025-08-11 09:00:00+07:00,2025-08-19 15:50:00+07:00,9000,411,51.82,True
ACST.JK,OK,emiten/cache_1m/ACST.JK.csv,2877,2877,2025-08-11 09:00:00+07:00,2025-08-19 15:50:00+07:00,13494,411,28.95,True
ADCP.JK,OK,emiten/cache_1m/ADCP.JK.csv,2877,2877,2025-08-11 09:00:00+07:00,2025-08-19 15:50:00+07:00,10398,411,51.82,True
ADES.JK,OK,emiten/cache_1m/ADES.JK.csv,2877,2877,2025-08-11 09:00:00+07:00,2025-08-19 15:50:00+07:00,14664,411,18.98,True
ADHI.JK,OK,emiten/cache_1m/ADHI.JK.csv,2877,2877,2025-08-11 09:00:00+07:00,2025-08-19 15:50:00+07:00,6618,411,67.88,True
ADMF.JK,OK,emiten/cache_1m/ADMF.JK.csv,2877,2877,2025-08-11 09:00:00+07:00,2025-08-19 15:50:00+07:00,15966,411,10.46,True
ADMG.JK,OK,emiten/cache_1m/ADMG.JK.csv,2877,2877,2025-08-11 09:00:00+07:00,2025-08-19 15:50:00+07:00,15000,411,28.95,True
ADMR.JK,OK,emiten/cache_1m/ADMR.JK.csv,2877,2877,2025-08-11 09:00:00+07:00,2025-08-19 15:50:00+07:00,6480,411,74.21,True
ADRO.JK,OK,emiten/cache_1m/ADRO.JK.csv,2877,2877,2025-08-11 09:00:00+07:00,2025-08-19 15:50:00+07:00,6114,411,77.62,True
AEGS.JK,OK,emiten/cache_1m/AEGS.JK.csv,2877,2877,2025-08-11 09:00:00+07:00,2025-08-19 15:50:00+07:00,10920,411,32.85,True
AGAR.JK,OK,emiten/cache_1m/AGAR.JK.csv,2877,2877,2025-08-11 09:00:00+07:00,2025-08-19 15:50:00+07:00,16296,411,5.35,True
AGII.JK,OK,emiten/cache_1m/AGII.JK.csv,2877,2877,2025-08-11 09:00:00+07:00,2025-08-19 15:50:00+07:00,15156,411,17.03,True
AGRO.JK,OK,emiten/cache_1m/AGRO.JK.csv,2877,2877,2025-08-11 09:00:00+07:00,2025-08-19 15:50:00+07:00,7122,411,65.45,True
AGRS.JK,OK,emiten/cache_1m/AGRS.JK.csv,2877,2877,2025-08-11 09:00:00+07:00,2025-08-19 15:50:00+07:00,12048,411,46.96,True
AHAP.JK,OK,emiten/cache_1m/AHAP.JK.csv,2877,2877,2025-08-11 09:00:00+07:00,2025-08-19 15:50:00+07:00,11724,411,33.82,True
AIMS.JK,OK,emiten/cache_1m/AIMS.JK.csv,2877,2877,2025-08-11 09:00:00+07:00,2025-08-19 15:50:00+07:00,16440,411,29.44,True
AISA.JK,OK,emiten/cache_1m/AISA.JK.csv,2877,2877,2025-08-11 09:00:00+07:00,2025-08-19 15:50:00+07:00,12648,411,53.77,True
AKPI.JK,OK,emiten/cache_1m/AKPI.JK.csv,2877,2877,2025-08-11 09:00:00+07:00,2025-08-19 15:50:00+07:00,16956,411,2.92,True
AKRA.JK,OK,emiten/cache_1m/AKRA.JK.csv,2877,2877,2025-08-11 09:00:00+07:00,2025-08-19 15:50:00+07:00,6408,411,74.94,True
AKSI.JK,OK,emiten/cache_1m/AKSI.JK.csv,2877,2877,2025-08-11 09:00:00+07:00,2025-08-19 15:50:00+07:00,16092,411,8.03,True
ALDO.JK,OK,emiten/cache_1m/ALDO.JK.csv,2877,2877,2025-08-11 09:00:00+07:00,2025-08-19 15:50:00+07:00,16536,411,19.71,True
ALII.JK,OK,emiten/cache_1m/ALII.JK.csv,2877,2877,2025-08-11 09:00:00+07:00,2025-08-19 15:50:00+07:00,15666,411,9.0,True
ALKA.JK,OK,emiten/cache_1m/ALKA.JK.csv,2877,2877,2025-08-11 09:00:00+07:00,2025-08-19 15:50:00+07:00,16116,411,20.19,True
AMAG.JK,OK,emiten/cache_1m/AMAG.JK.csv,2877,2877,2025-08-11 09:00:00+07:00,2025-08-19 15:50:00+07:00,16776,411,4.62,True
AMAN.JK,OK,emiten/cache_1m/AMAN.JK.csv,2877,2877,2025-08-11 09:00:00+07:00,2025-08-19 15:50:00+07:00,13860,411,43.07,True
AMAR.JK,OK,emiten/cache_1m/AMAR.JK.csv,2877,2877,2025-08-11 09:00:00+07:00,2025-08-19 15:50:00+07:00,11838,411,44.04,True
AMFG.JK,OK,emiten/cache_1m/AMFG.JK.csv,2877,2877,2025-08-11 09:00:00+07:00,2025-08-19 15:50:00+07:00,15774,411,12.9,True
AMIN.JK,OK,emiten/cache_1m/AMIN.JK.csv,2877,2877,2025-08-11 09:00:00+07:00,2025-08-19 15:50:00+07:00,15954,411,8.52,True
AMMN.JK,OK,emiten/cache_1m/AMMN.JK.csv,2877,2877,2025-08-11 09:00:00+07:00,2025-08-19 15:50:00+07:00,6114,411,77.62,True
AMMS.JK,OK,emiten/cache_1m/AMMS.JK.csv,2877,2877,2025-08-11 09:00:00+07:00,2025-08-19 15:50:00+07:00,11610,411,45.74,True
AMOR.JK,OK,emiten/cache_1m/AMOR.JK.csv,2877,2877,2025-08-11 09:00:00+07:00,2025-08-19 15:50:00+07:00,15834,411,30.9,True
AMRT.JK,OK,emiten/cache_1m/AMRT.JK.csv,2877,2877,2025-08-11 09:00:00+07:00,2025-08-19 15:50:00+07:00,6600,411,75.43,True
ANJT.JK,OK,emiten/cache_1m/ANJT.JK.csv,2877,2877,2025-08-11 09:00:00+07:00,2025-08-19 15:50:00+07:00,15336,411,15.82,True
ANTM.JK,OK,emiten/cache_1m/ANTM.JK.csv,2877,2877,2025-08-11 09:00:00+07:00,2025-08-19 15:50:00+07:00,6120,411,77.62,True
APEX.JK,OK,emiten/cache_1m/APEX.JK.csv,2877,2877,2025-08-11 09:00:00+07:00,2025-08-19 15:50:00+07:00,9120,411,49.88,True
APIC.JK,OK,emiten/cache_1m/APIC.JK.csv,2877,2877,2025-08-11 09:00:00+07:00,2025-08-19 15:50:00+07:00,14724,411,26.52,True
APII.JK,OK,emiten/cache_1m/APII.JK.csv,2877,2877,2025-08-11 09:00:00+07:00,2025-08-19 15:50:00+07:00,16614,411,2.68,True
APLI.JK,OK,emiten/cache_1m/APLI.JK.csv,2877,2877,2025-08-11 09:00:00+07:00,2025-08-19 15:50:00+07:00,16428,411,24.09,True
APLN.JK,OK,emiten/cache_1m/APLN.JK.csv,2877,2877,2025-08-11 09:00:00+07:00,2025-08-19 15:50:00+07:00,9594,411,41.61,True
ARCI.JK,OK,emiten/cache_1m/ARCI.JK.csv,2877,2877,2025-08-11 09:00:00+07:00,2025-08-19 15:50:00+07:00,6642,411,72.99,True
AREA.JK,OK,emiten/cache_1m/AREA.JK.csv,2877,2877,2025-08-11 09:00:00+07:00,2025-08-19 15:50:00+07:00,12294,411,43.31,True
ARGO.JK,OK,emiten/cache_1m/ARGO.JK.csv,2877,2877,2025-08-11 09:00:00+07:00,2025-08-19 15:50:00+07:00,13272,411,56.69,True
ARII.JK,OK,emiten/cache_1m/ARII.JK.csv,2877,2877,2025-08-11 09:00:00+07:00,2025-08-19 15:50:00+07:00,15762,411,9.25,True
ARKO.JK,OK,emiten/cache_1m/ARKO.JK.csv,2877,2877,2025-08-11 09:00:00+07:00,2025-08-19 15:50:00+07:00,13758,411,41.85,True
ARNA.JK,OK,emiten/cache_1m/ARNA.JK.csv,2877,2877,2025-08-11 09:00:00+07:00,2025-08-19 15:50:00+07:00,12966,411,30.41,True
ARTA.JK,OK,emiten/cache_1m/ARTA.JK.csv,2877,2877,2025-08-11 09:00:00+07:00,2025-08-19 15:50:00+07:00,15048,411,11.68,True
ARTO.JK,OK,emiten/cache_1m/ARTO.JK.csv,2877,2877,2025-08-11 09:00:00+07:00,2025-08-19 15:50:00+07:00,6294,411,72.51,True
ASBI.JK,OK,emiten/cache_1m/ASBI.JK.csv,2877,2877,2025-08-11 09:00:00+07:00,2025-08-19 15:50:00+07:00,16392,411,13.87,True
ASDM.JK,OK,emiten/cache_1m/ASDM.JK.csv,2877,2877,2025-08-11 09:00:00+07:00,2025-08-19 15:50:00+07:00,16536,411,3.65,True
ASGR.JK,OK,emiten/cache_1m/ASGR.JK.csv,2877,2877,2025-08-11 09:00:00+07:00,2025-08-19 15:50:00+07:00,14040,411,34.55,True
ASII.JK,OK,emiten/cache_1m/ASII.JK.csv,2877,2877,2025-08-11 09:00:00+07:00,2025-08-19 15:50:00+07:00,6174,411,77.62,True
ASJT.JK,OK,emiten/cache_1m/ASJT.JK.csv,2877,2877,2025-08-11 09:00:00+07:00,2025-08-19 15:50:00+07:00,16974,411,3.16,True
ASLC.JK,OK,emiten/cache_1m/ASLC.JK.csv,2877,2877,2025-08-11 09:00:00+07:00,2025-08-19 15:50:00+07:00,10320,411,77.62,True
ASLI.JK,OK,emiten/cache_1m/ASLI.JK.csv,2877,2877,2025-08-11 09:00:00+07:00,2025-08-19 15:50:00+07:00,17262,411,0.0,False
ASPI.JK,OK,emiten/cache_1m/ASPI.JK.csv,2877,2877,2025-08-11 09:00:00+07:00,2025-08-19 15:50:00+07:00,12414,411,45.5,True
ASPR.JK,OK,emiten/cache_1m/ASPR.JK.csv,2877,2877,2025-08-11 09:00:00+07:00,2025-08-19 15:50:00+07:00,8808,411,58.39,True
ASRI.JK,OK,emiten/cache_1m/ASRI.JK.csv,2877,2877,2025-08-11 09:00:00+07:00,2025-08-19 15:50:00+07:00,7212,411,68.37,True
ASRM.JK,OK,emiten/cache_1m/ASRM.JK.csv,2877,2877,2025-08-11 09:00:00+07:00,2025-08-19 15:50:00+07:00,16944,411,1.22,True
ASSA.JK,OK,emiten/cache_1m/ASSA.JK.csv,2877,2877,2025-08-11 09:00:00+07:00,2025-08-19 15:50:00+07:00,7752,411,63.75,True
ATIC.JK,OK,emiten/cache_1m/ATIC.JK.csv,2877,2877,2025-08-11 09:00:00+07:00,2025-08-19 15:50:00+07:00,14910,411,34.79,True
ATLA.JK,OK,emiten/cache_1m/ATLA.JK.csv,2877,2877,2025-08-11 09:00:00+07:00,2025-08-19 15:50:00+07:00,9288,411,76.64,True
AUTO.JK,OK,emiten/cache_1m/AUTO.JK.csv,2877,2877,2025-08-11 09:00:00+07:00,2025-08-19 15:50:00+07:00,8874,411,66.42,True
AVIA.JK,OK,emiten/cache_1m/AVIA.JK.csv,2877,2877,2025-08-11 09:00:00+07:00,2025-08-19 15:50:00+07:00,9624,411,49.39,True
AWAN.JK,OK,emiten/cache_1m/AWAN.JK.csv,2877,2877,2025-08-11 09:00:00+07:00,2025-08-19 15:50:00+07:00,13866,411,22.63,True
AXIO.JK,OK,emiten/cache_1m/AXIO.JK.csv,2877,2877,2025-08-11 09:00:00+07:00,2025-08-19 15:50:00+07:00,12186,411,28.95,True
AYAM.JK,OK,emiten/cache_1m/AYAM.JK.csv,2877,2877,2025-08-11 09:00:00+07:00,2025-08-19 15:50:00+07:00,12438,411,49.15,True
AYLS.JK,OK,emiten/cache_1m/AYLS.JK.csv,2877,2877,2025-08-11 09:00:00+07:00,2025-08-19 15:50:00+07:00,12480,411,35.77,True
BABP.JK,OK,emiten/cache_1m/BABP.JK.csv,2877,2877,2025-08-11 09:00:00+07:00,2025-08-19 15:50:00+07:00,11370,411,37.47,True
BABY.JK,OK,emiten/cache_1m/BABY.JK.csv,2877,2877,2025-08-11 09:00:00+07:00,2025-08-19 15:50:00+07:00,15060,411,18.98,True
BACA.JK,OK,emiten/cache_1m/BACA.JK.csv,2877,2877,2025-08-11 09:00:00+07:00,2025-08-19 15:50:00+07:00,15432,411,10.46,True
BAIK.JK,OK,emiten/cache_1m/BAIK.JK.csv,2877,2877,2025-08-11 09:00:00+07:00,2025-08-19 15:50:00+07:00,13680,411,44.53,True
BAJA.JK,OK,emiten/cache_1m/BAJA.JK.csv,2877,2877,2025-08-11 09:00:00+07:00,2025-08-19 15:50:00+07:00,11934,411,44.77,True
BALI.JK,OK,emiten/cache_1m/BALI.JK.csv,2877,2877,2025-08-11 09:00:00+07:00,2025-08-19 15:50:00+07:00,16290,411,27.25,True
BANK.JK,OK,emiten/cache_1m/BANK.JK.csv,2877,2877,2025-08-11 09:00:00+07:00,2025-08-19 15:50:00+07:00,12966,411,30.9,True
BAPA.JK,OK,emiten/cache_1m/BAPA.JK.csv,2877,2877,2025-08-11 09:00:00+07:00,2025-08-19 15:50:00+07:00,12402,411,41.36,True
BATA.JK,OK,emiten/cache_1m/BATA.JK.csv,2877,2877,2025-08-11 09:00:00+07:00,2025-08-19 15:50:00+07:00,17100,411,2.92,True
BATR.JK,OK,emiten/cache_1m/BATR.JK.csv,2877,2877,2025-08-11 09:00:00+07:00,2025-08-19 15:50:00+07:00,12264,411,42.09,True
BAYU.JK,OK,emiten/cache_1m/BAYU.JK.csv,2877,2877,2025-08-11 09:00:00+07:00,2025-08-19 15:50:00+07:00,15594,411,17.76,True
BBCA.JK,OK,emiten/cache_1m/BBCA.JK.csv,2877,2877,2025-08-11 09:00:00+07:00,2025-08-19 15:50:00+07:00,6114,411,77.62,True
BBHI.JK,OK,emiten/cache_1m/BBHI.JK.csv,2877,2877,2025-08-11 09:00:00+07:00,2025-08-19 15:50:00+07:00,8982,411,56.69,True
BBKP.JK,OK,emiten/cache_1m/BBKP.JK.csv,2877,2877,2025-08-11 09:00:00+07:00,2025-08-19 15:50:00+07:00,7968,411,63.99,True
BBLD.JK,OK,emiten/cache_1m/BBLD.JK.csv,2877,2877,2025-08-11 09:00:00+07:00,2025-08-19 15:50:00+07:00,15540,411,40.63,True
BBMD.JK,OK,emiten/cache_1m/BBMD.JK.csv,2877,2877,2025-08-11 09:00:00+07:00,2025-08-19 15:50:00+07:00,17172,411,1.7,True
BBNI.JK,OK,emiten/cache_1m/BBNI.JK.csv,2877,2877,2025-08-11 09:00:00+07:00,2025-08-19 15:50:00+07:00,6126,411,77.37,True
BBRI.JK,OK,emiten/cache_1m/BBRI.JK.csv,2877,2877,2025-08-11 09:00:00+07:00,2025-08-19 15:50:00+07:00,6114,411,77.62,True
BBRM.JK,OK,emiten/cache_1m/BBRM.JK.csv,2877,2877,2025-08-11 09:00:00+07:00,2025-08-19 15:50:00+07:00,13920,411,38.69,True
BBSI.JK,OK,emiten/cache_1m/BBSI.JK.csv,2877,2877,2025-08-11 09:00:00+07:00,2025-08-19 15:50:00+07:00,16986,411,0.97,True
BBSS.JK,OK,emiten/cache_1m/BBSS.JK.csv,2877,2877,2025-08-11 09:00:00+07:00,2025-08-19 15:50:00+07:00,16026,411,21.17,True
BBTN.JK,OK,emiten/cache_1m/BBTN.JK.csv,2877,2877,2025-08-11 09:00:00+07:00,2025-08-19 15:50:00+07:00,6342,411,74.45,True
BBYB.JK,OK,emiten/cache_1m/BBYB.JK.csv,2877,2877,2025-08-11 09:00:00+07:00,2025-08-19 15:50:00+07:00,6228,411,76.4,True
BCAP.JK,OK,emiten/cache_1m/BCAP.JK.csv,2877,2877,2025-08-11 09:00:00+07:00,2025-08-19 15:50:00+07:00,7866,411,69.34,True
BCIP.JK,OK,emiten/cache_1m/BCIP.JK.csv,2877,2877,2025-08-11 09:00:00+07:00,2025-08-19 15:50:00+07:00,13692,411,26.03,True
BDKR.JK,OK,emiten/cache_1m/BDKR.JK.csv,2877,2877,2025-08-11 09:00:00+07:00,2025-08-19 15:50:00+07:00,12312,411,36.25,True
BDMN.JK,OK,emiten/cache_1m/BDMN.JK.csv,2877,2877,2025-08-11 09:00:00+07:00,2025-08-19 15:50:00+07:00,12114,411,28.47,True
BEEF.JK,OK,emiten/cache_1m/BEEF.JK.csv,2877,2877,2025-08-11 09:00:00+07:00,2025-08-19 15:50:00+07:00,8982,411,35.52,True
BEER.JK,OK,emiten/cache_1m/BEER.JK.csv,2877,2877,2025-08-11 09:00:00+07:00,2025-08-19 15:50:00+07:00,13242,411,54.5,True
BELI.JK,OK,emiten/cache_1m/BELI.JK.csv,2877,2877,2025-08-11 09:00:00+07:00,2025-08-19 15:50:00+07:00,16140,411,8.52,True
BELL.JK,OK,emiten/cache_1m/BELL.JK.csv,2877,2877,2025-08-11 09:00:00+07:00,2025-08-19 15:50:00+07:00,9636,411,64.72,True
BESS.JK,OK,emiten/cache_1m/BESS.JK.csv,2877,2877,2025-08-11 09:00:00+07:00,2025-08-19 15:50:00+07:00,15918,411,6.33,True
BEST.JK,OK,emiten/cache_1m/BEST.JK.csv,2877,2877,2025-08-11 09:00:00+07:00,2025-08-19 15:50:00+07:00,13080,411,45.74,True
BFIN.JK,OK,emiten/cache_1m/BFIN.JK.csv,2877,2877,2025-08-11 09:00:00+07:00,2025-08-19 15:50:00+07:00,8394,411,45.5,True
BGTG.JK,OK,emiten/cache_1m/BGTG.JK.csv,2877,2877,2025-08-11 09:00:00+07:00,2025-08-19 15:50:00+07:00,9552,411,62.53,True
BHAT.JK,OK,emiten/cache_1m/BHAT.JK.csv,2877,2877,2025-08-11 09:00:00+07:00,2025-08-19 15:50:00+07:00,15894,411,22.38,True
BIKE.JK,OK,emiten/cache_1m/BIKE.JK.csv,2877,2877,2025-08-11 09:00:00+07:00,2025-08-19 15:50:00+07:00,10884,411,46.23,True
BINA.JK,OK,emiten/cache_1m/BINA.JK.csv,2877,2877,2025-08-11 09:00:00+07:00,2025-08-19 15:50:00+07:00,16968,411,1.95,True
BINO.JK,OK,emiten/cache_1m/BINO.JK.csv,2877,2877,2025-08-11 09:00:00+07:00,2025-08-19 15:50:00+07:00,14658,411,29.2,True
BIPI.JK,OK,emiten/cache_1m/BIPI.JK.csv,2877,2877,2025-08-11 09:00:00+07:00,2025-08-19 15:50:00+07:00,8844,411,61.07,True
BIRD.JK,OK,emiten/cache_1m/BIRD.JK.csv,2877,2877,2025-08-11 09:00:00+07:00,2025-08-19 15:50:00+07:00,11442,411,49.39,True
BISI.JK,OK,emiten/cache_1m/BISI.JK.csv,2877,2877,2025-08-11 09:00:00+07:00,2025-08-19 15:50:00+07:00,15336,411,9.73,True
BJBR.JK,OK,emiten/cache_1m/BJBR.JK.csv,2877,2877,2025-08-11 09:00:00+07:00,2025-08-19 15:50:00+07:00,9264,411,55.23,True
BJTM.JK,OK,emiten/cache_1m/BJTM.JK.csv,2877,2877,2025-08-11 09:00:00+07:00,2025-08-19 15:50:00+07:00,8352,411,66.91,True
BKSL.JK,OK,emiten/cache_1m/BKSL.JK.csv,2877,2877,2025-08-11 09:00:00+07:00,2025-08-19 15:50:00+07:00,6258,411,77.37,True
BKSW.JK,OK,emiten/cache_1m/BKSW.JK.csv,2877,2877,2025-08-11 09:00:00+07:00,2025-08-19 15:50:00+07:00,13146,411,34.55,True
BLES.JK,OK,emiten/cache_1m/BLES.JK.csv,2877,2877,2025-08-11 09:00:00+07:00,2025-08-19 15:50:00+07:00,12510,411,43.31,True
BLOG.JK,OK,emiten/cache_1m/BLOG.JK.csv,2877,2877,2025-08-11 09:00:00+07:00,2025-08-19 15:50:00+07:00,7998,411,58.88,True
BLTZ.JK,OK,emiten/cache_1m/BLTZ.JK.csv,2877,2877,2025-08-11 09:00:00+07:00,2025-08-19 15:50:00+07:00,17124,411,4.62,True
BLUE.JK,OK,emiten/cache_1m/BLUE.JK.csv,2877,2877,2025-08-11 09:00:00+07:00,2025-08-19 15:50:00+07:00,16278,411,6.33,True
BMAS.JK,OK,emiten/cache_1m/BMAS.JK.csv,2877,2877,2025-08-11 09:00:00+07:00,2025-08-19 15:50:00+07:00,16482,411,29.68,True
BMHS.JK,OK,emiten/cache_1m/BMHS.JK.csv,2877,2877,2025-08-11 09:00:00+07:00,2025-08-19 15:50:00+07:00,13446,411,16.79,True
BMRI.JK,OK,emiten/cache_1m/BMRI.JK.csv,2877,2877,2025-08-11 09:00:00+07:00,2025-08-19 15:50:00+07:00,6114,411,77.62,True
BMSR.JK,OK,emiten/cache_1m/BMSR.JK.csv,2877,2877,2025-08-11 09:00:00+07:00,2025-08-19 15:50:00+07:00,16524,411,11.68,True
BMTR.JK,OK,emiten/cache_1m/BMTR.JK.csv,2877,2877,2025-08-11 09:00:00+07:00,2025-08-19 15:50:00+07:00,8646,411,57.66,True
BNBA.JK,OK,emiten/cache_1m/BNBA.JK.csv,2877,2877,2025-08-11 09:00:00+07:00,2025-08-19 15:50:00+07:00,14988,411,8.76,True
BNGA.JK,OK,emiten/cache_1m/BNGA.JK.csv,2877,2877,2025-08-11 09:00:00+07:00,2025-08-19 15:50:00+07:00,8604,411,60.58,True
BNII.JK,OK,emiten/cache_1m/BNII.JK.csv,2877,2877,2025-08-11 09:00:00+07:00,2025-08-19 15:50:00+07:00,13770,411,27.25,True
BNLI.JK,OK,emiten/cache_1m/BNLI.JK.csv,2877,2877,2025-08-11 09:00:00+07:00,2025-08-19 15:50:00+07:00,15750,411,12.41,True
BOAT.JK,OK,emiten/cache_1m/BOAT.JK.csv,2877,2877,2025-08-11 09:00:00+07:00,2025-08-19 15:50:00+07:00,10818,411,39.42,True
BOBA.JK,OK,emiten/cache_1m/BOBA.JK.csv,2877,2877,2025-08-11 09:00:00+07:00,2025-08-19 15:50:00+07:00,15606,411,15.82,True
BOGA.JK,OK,emiten/cache_1m/BOGA.JK.csv,2877,2877,2025-08-11 09:00:00+07:00,2025-08-19 15:50:00+07:00,16224,411,3.65,True
BOLA.JK,OK,emiten/cache_1m/BOLA.JK.csv,2877,2877,2025-08-11 09:00:00+07:00,2025-08-19 15:50:00+07:00,14538,411,18.25,True
BOLT.JK,OK,emiten/cache_1m/BOLT.JK.csv,2877,2877,2025-08-11 09:00:00+07:00,2025-08-19 15:50:00+07:00,16686,411,5.11,True
BPFI.JK,OK,emiten/cache_1m/BPFI.JK.csv,2877,2877,2025-08-11 09:00:00+07:00,2025-08-19 15:50:00+07:00,16680,411,3.65,True
BPII.JK,OK,emiten/cache_1m/BPII.JK.csv,2877,2877,2025-08-11 09:00:00+07:00,2025-08-19 15:50:00+07:00,16962,411,2.92,True
BPTR.JK,OK,emiten/cache_1m/BPTR.JK.csv,2877,2877,2025-08-11 09:00:00+07:00,2025-08-19 15:50:00+07:00,15378,411,19.46,True
BRAM.JK,OK,emiten/cache_1m/BRAM.JK.csv,2877,2877,2025-08-11 09:00:00+07:00,2025-08-19 15:50:00+07:00,16716,411,8.03,True
BREN.JK,OK,emiten/cache_1m/BREN.JK.csv,2877,2877,2025-08-11 09:00:00+07:00,2025-08-19 15:50:00+07:00,6120,411,77.62,True
BRIS.JK,OK,emiten/cache_1m/BRIS.JK.csv,2877,2877,2025-08-11 09:00:00+07:00,2025-08-19 15:50:00+07:00,6258,411,77.37,True
BRMS.JK,OK,emiten/cache_1m/BRMS.JK.csv,2877,2877,2025-08-11 09:00:00+07:00,2025-08-19 15:50:00+07:00,6126,411,77.62,True
BRNA.JK,OK,emiten/cache_1m/BRNA.JK.csv,2877,2877,2025-08-11 09:00:00+07:00,2025-08-19 15:50:00+07:00,11976,411,46.23,True
BRPT.JK,OK,emiten/cache_1m/BRPT.JK.csv,2877,2877,2025-08-11 09:00:00+07:00,2025-08-19 15:50:00+07:00,6120,411,77.62,True
BRRC.JK,OK,emiten/cache_1m/BRRC.JK.csv,2877,2877,2025-08-11 09:00:00+07:00,2025-08-19 15:50:00+07:00,7062,411,69.59,True
BSBK.JK,OK,emiten/cache_1m/BSBK.JK.csv,2877,2877,2025-08-11 09:00:00+07:00,2025-08-19 15:50:00+07:00,9414,411,40.39,True
BSDE.JK,OK,emiten/cache_1m/BSDE.JK.csv,2877,2877,2025-08-11 09:00:00+07:00,2025-08-19 15:50:00+07:00,7110,411,72.02,True
BSIM.JK,OK,emiten/cache_1m/BSIM.JK.csv,2877,2877,2025-08-11 09:00:00+07:00,2025-08-19 15:50:00+07:00,16152,411,11.92,True
BSML.JK,OK,emiten/cache_1m/BSML.JK.csv,2877,2877,2025-08-11 09:00:00+07:00,2025-08-19 15:50:00+07:00,12690,411,43.55,True
BSSR.JK,OK,emiten/cache_1m/BSSR.JK.csv,2877,2877,2025-08-11 09:00:00+07:00,2025-08-19 15:50:00+07:00,11742,411,37.47,True
BSWD.JK,OK,emiten/cache_1m/BSWD.JK.csv,2877,2877,2025-08-11 09:00:00+07:00,2025-08-19 15:50:00+07:00,17262,411,0.0,False
BTON.JK,OK,emiten/cache_1m/BTON.JK.csv,2877,2877,2025-08-11 09:00:00+07:00,2025-08-19 15:50:00+07:00,17076,411,1.46,True
BTPN.JK,OK,emiten/cache_1m/BTPN.JK.csv,2877,2877,2025-08-11 09:00:00+07:00,2025-08-19 15:50:00+07:00,16494,411,1.95,True
BTPS.JK,OK,emiten/cache_1m/BTPS.JK.csv,2877,2877,2025-08-11 09:00:00+07:00,2025-08-19 15:50:00+07:00,6642,411,68.86,True
BUAH.JK,OK,emiten/cache_1m/BUAH.JK.csv,2877,2877,2025-08-11 09:00:00+07:00,2025-08-19 15:50:00+07:00,14658,411,14.6,True
BUDI.JK,OK,emiten/cache_1m/BUDI.JK.csv,2877,2877,2025-08-11 09:00:00+07:00,2025-08-19 15:50:00+07:00,16698,411,3.89,True
BUKA.JK,OK,emiten/cache_1m/BUKA.JK.csv,2877,2877,2025-08-11 09:00:00+07:00,2025-08-19 15:50:00+07:00,6516,411,77.13,True
BUKK.JK,OK,emiten/cache_1m/BUKK.JK.csv,2877,2877,2025-08-11 09:00:00+07:00,2025-08-19 15:50:00+07:00,16212,411,27.98,True
BULL.JK,OK,emiten/cache_1m/BULL.JK.csv,2877,2877,2025-08-11 09:00:00+07:00,2025-08-19 15:50:00+07:00,6954,411,65.69,True
BUMI.JK,OK,emiten/cache_1m/BUMI.JK.csv,2877,2877,2025-08-11 09:00:00+07:00,2025-08-19 15:50:00+07:00,6126,411,77.62,True
BUVA.JK,OK,emiten/cache_1m/BUVA.JK.csv,2877,2877,2025-08-11 09:00:00+07:00,2025-08-19 15:50:00+07:00,17148,411,0.97,True
BVIC.JK,OK,emiten/cache_1m/BVIC.JK.csv,2877,2877,2025-08-11 09:00:00+07:00,2025-08-19 15:50:00+07:00,11406,411,52.8,True
BWPT.JK,OK,emiten/cache_1m/BWPT.JK.csv,2877,2877,2025-08-11 09:00:00+07:00,2025-08-19 15:50:00+07:00,6234,411,76.89,True
BYAN.JK,OK,emiten/cache_1m/BYAN.JK.csv,2877,2877,2025-08-11 09:00:00+07:00,2025-08-19 15:50:00+07:00,16032,411,3.65,True
CAKK.JK,OK,emiten/cache_1m/CAKK.JK.csv,2877,2877,2025-08-11 09:00:00+07:00,2025-08-19 15:50:00+07:00,16608,411,8.76,True
CAMP.JK,OK,emiten/cache_1m/CAMP.JK.csv,2877,2877,2025-08-11 09:00:00+07:00,2025-08-19 15:50:00+07:00,14286,411,25.55,True
CARE.JK,OK,emiten/cache_1m/CARE.JK.csv,2877,2877,2025-08-11 09:00:00+07:00,2025-08-19 15:50:00+07:00,13434,411,31.14,True
CARS.JK,OK,emiten/cache_1m/CARS.JK.csv,2877,2877,2025-08-11 09:00:00+07:00,2025-08-19 15:50:00+07:00,11154,411,38.69,True
CASA.JK,OK,emiten/cache_1m/CASA.JK.csv,2877,2877,2025-08-11 09:00:00+07:00,2025-08-19 15:50:00+07:00,14946,411,20.19,True
CASH.JK,OK,emiten/cache_1m/CASH.JK.csv,2877,2877,2025-08-11 09:00:00+07:00,2025-08-19 15:50:00+07:00,14526,411,21.41,True
CASS.JK,OK,emiten/cache_1m/CASS.JK.csv,2877,2877,2025-08-11 09:00:00+07:00,2025-08-19 15:50:00+07:00,14946,411,23.36,True
CBDK.JK,OK,emiten/cache_1m/CBDK.JK.csv,2877,2877,2025-08-11 09:00:00+07:00,2025-08-19 15:50:00+07:00,7590,411,68.37,True
CBPE.JK,OK,emiten/cache_1m/CBPE.JK.csv,2877,2877,2025-08-11 09:00:00+07:00,2025-08-19 15:50:00+07:00,16242,411,6.81,True
CBRE.JK,OK,emiten/cache_1m/CBRE.JK.csv,2877,2877,2025-08-11 09:00:00+07:00,2025-08-19 15:50:00+07:00,17262,411,0.0,False
CBUT.JK,OK,emiten/cache_1m/CBUT.JK.csv,2877,2877,2025-08-11 09:00:00+07:00,2025-08-19 15:50:00+07:00,15780,411,6.81,True
CCSI.JK,OK,emiten/cache_1m/CCSI.JK.csv,2877,2877,2025-08-11 09:00:00+07:00,2025-08-19 15:50:00+07:00,15726,411,12.9,True
CDIA.JK,OK,emiten/cache_1m/CDIA.JK.csv,2877,2877,2025-08-11 09:00:00+07:00,2025-08-19 15:50:00+07:00,6114,411,77.62,True
CEKA.JK,OK,emiten/cache_1m/CEKA.JK.csv,2877,2877,2025-08-11 09:00:00+07:00,2025-08-19 15:50:00+07:00,16506,411,6.81,True
CENT.JK,OK,emiten/cache_1m/CENT.JK.csv,2877,2877,2025-08-11 09:00:00+07:00,2025-08-19 15:50:00+07:00,11064,411,43.55,True
CFIN.JK,OK,emiten/cache_1m/CFIN.JK.csv,2877,2877,2025-08-11 09:00:00+07:00,2025-08-19 15:50:00+07:00,13128,411,29.2,True
CGAS.JK,OK,emiten/cache_1m/CGAS.JK.csv,2877,2877,2025-08-11 09:00:00+07:00,2025-08-19 15:50:00+07:00,9036,411,46.23,True
CHEK.JK,OK,emiten/cache_1m/CHEK.JK.csv,2877,2877,2025-08-11 09:00:00+07:00,2025-08-19 15:50:00+07:00,7824,411,70.32,True
CHEM.JK,OK,emiten/cache_1m/CHEM.JK.csv,2877,2877,2025-08-11 09:00:00+07:00,2025-08-19 15:50:00+07:00,8274,411,71.29,True
CHIP.JK,OK,emiten/cache_1m/CHIP.JK.csv,2877,2877,2025-08-11 09:00:00+07:00,2025-08-19 15:50:00+07:00,14718,411,25.06,True
CINT.JK,OK,emiten/cache_1m/CINT.JK.csv,2877,2877,2025-08-11 09:00:00+07:00,2025-08-19 15:50:00+07:00,14652,411,14.84,True
CITA.JK,OK,emiten/cache_1m/CITA.JK.csv,2877,2877,2025-08-11 09:00:00+07:00,2025-08-19 15:50:00+07:00,14520,411,36.98,True
CITY.JK,OK,emiten/cache_1m/CITY.JK.csv,2877,2877,2025-08-11 09:00:00+07:00,2025-08-19 15:50:00+07:00,9252,411,54.5,True
CLAY.JK,OK,emiten/cache_1m/CLAY.JK.csv,2877,2877,2025-08-11 09:00:00+07:00,2025-08-19 15:50:00+07:00,15162,411,23.36,True
CLEO.JK,OK,emiten/cache_1m/CLEO.JK.csv,2877,2877,2025-08-11 09:00:00+07:00,2025-08-19 15:50:00+07:00,7680,411,64.96,True
CLPI.JK,OK,emiten/cache_1m/CLPI.JK.csv,2877,2877,2025-08-11 09:00:00+07:00,2025-08-19 15:50:00+07:00,15702,411,9.25,True
CMNP.JK,OK,emiten/cache_1m/CMNP.JK.csv,2877,2877,2025-08-11 09:00:00+07:00,2025-08-19 15:50:00+07:00,15120,411,16.55,True
CMNT.JK,OK,emiten/cache_1m/CMNT.JK.csv,2877,2877,2025-08-11 09:00:00+07:00,2025-08-19 15:50:00+07:00,11136,411,43.31,True
CMPP.JK,OK,emiten/cache_1m/CMPP.JK.csv,2877,2877,2025-08-11 09:00:00+07:00,2025-08-19 15:50:00+07:00,17010,411,6.08,True
CMRY.JK,OK,emiten/cache_1m/CMRY.JK.csv,2877,2877,2025-08-11 09:00:00+07:00,2025-08-19 15:50:00+07:00,11712,411,53.53,True
CNKO.JK,OK,emiten/cache_1m/CNKO.JK.csv,2877,2877,2025-08-11 09:00:00+07:00,2025-08-19 15:50:00+07:00,17124,411,0.97,True
CNMA.JK,OK,emiten/cache_1m/CNMA.JK.csv,2877,2877,2025-08-11 09:00:00+07:00,2025-08-19 15:50:00+07:00,8574,411,55.47,True
COCO.JK,OK,emiten/cache_1m/COCO.JK.csv,2877,2877,2025-08-11 09:00:00+07:00,2025-08-19 15:50:00+07:00,17262,411,0.0,False
COIN.JK,OK,emiten/cache_1m/COIN.JK.csv,2877,2877,2025-08-11 09:00:00+07:00,2025-08-19 15:50:00+07:00,6114,411,77.86,True
CPIN.JK,OK,emiten/cache_1m/CPIN.JK.csv,2877,2877,2025-08-11 09:00:00+07:00,2025-08-19 15:50:00+07:00,6252,411,75.67,True
CPRO.JK,OK,emiten/cache_1m/CPRO.JK.csv,2877,2877,2025-08-11 09:00:00+07:00,2025-08-19 15:50:00+07:00,11826,411,37.96,True
CRAB.JK,OK,emiten/cache_1m/CRAB.JK.csv,2877,2877,2025-08-11 09:00:00+07:00,2025-08-19 15:50:00+07:00,15774,411,10.46,True
CRSN.JK,OK,emiten/cache_1m/CRSN.JK.csv,2877,2877,2025-08-11 09:00:00+07:00,2025-08-19 15:50:00+07:00,11814,411,34.06,True
CSAP.JK,OK,emiten/cache_1m/CSAP.JK.csv,2877,2877,2025-08-11 09:00:00+07:00,2025-08-19 15:50:00+07:00,15198,411,41.12,True
CSIS.JK,OK,emiten/cache_1m/CSIS.JK.csv,2877,2877,2025-08-11 09:00:00+07:00,2025-08-19 15:50:00+07:00,10608,411,76.16,True
CSMI.JK,OK,emiten/cache_1m/CSMI.JK.csv,2877,2877,2025-08-11 09:00:00+07:00,2025-08-19 15:50:00+07:00,14274,411,0.0,False
CSRA.JK,OK,emiten/cache_1m/CSRA.JK.csv,2877,2877,2025-08-11 09:00:00+07:00,2025-08-19 15:50:00+07:00,12420,411,35.04,True
CTBN.JK,OK,emiten/cache_1m/CTBN.JK.csv,2877,2877,2025-08-11 09:00:00+07:00,2025-08-19 15:50:00+07:00,16956,411,8.03,True
CTRA.JK,OK,emiten/cache_1m/CTRA.JK.csv,2877,2877,2025-08-11 09:00:00+07:00,2025-08-19 15:50:00+07:00,6264,411,75.18,True
CUAN.JK,OK,emiten/cache_1m/CUAN.JK.csv,2877,2877,2025-08-11 09:00:00+07:00,2025-08-19 15:50:00+07:00,6114,411,77.62,True
CYBR.JK,OK,emiten/cache_1m/CYBR.JK.csv,2877,2877,2025-08-11 09:00:00+07:00,2025-08-19 15:50:00+07:00,7944,411,51.82,True
DAAZ.JK,OK,emiten/cache_1m/DAAZ.JK.csv,2877,2877,2025-08-11 09:00:00+07:00,2025-08-19 15:50:00+07:00,13572,411,21.41,True
DART.JK,OK,emiten/cache_1m/DART.JK.csv,2877,2877,2025-08-11 09:00:00+07:00,2025-08-19 15:50:00+07:00,16086,411,18.25,True
DATA.JK,OK,emiten/cache_1m/DATA.JK.csv,2877,2877,2025-08-11 09:00:00+07:00,2025-08-19 15:50:00+07:00,8190,411,55.96,True
DAYA.JK,OK,emiten/cache_1m/DAYA.JK.csv,2877,2877,2025-08-11 09:00:00+07:00,2025-08-19 15:50:00+07:00,16518,411,4.14,True
DCII.JK,OK,emiten/cache_1m/DCII.JK.csv,2877,2877,2025-08-11 09:00:00+07:00,2025-08-19 15:50:00+07:00,15630,411,25.79,True
DEPO.JK,OK,emiten/cache_1m/DEPO.JK.csv,2877,2877,2025-08-11 09:00:00+07:00,2025-08-19 15:50:00+07:00,16026,411,9.49,True
DEWA.JK,OK,emiten/cache_1m/DEWA.JK.csv,2877,2877,2025-08-11 09:00:00+07:00,2025-08-19 15:50:00+07:00,6174,411,76.64,True
DEWI.JK,OK,emiten/cache_1m/DEWI.JK.csv,2877,2877,2025-08-11 09:00:00+07:00,2025-08-19 15:50:00+07:00,6288,411,77.13,True
DFAM.JK,OK,emiten/cache_1m/DFAM.JK.csv,2877,2877,2025-08-11 09:00:00+07:00,2025-08-19 15:50:00+07:00,15930,411,7.79,True
DGIK.JK,OK,emiten/cache_1m/DGIK.JK.csv,2877,2877,2025-08-11 09:00:00+07:00,2025-08-19 15:50:00+07:00,12366,411,35.52,True
DGNS.JK,OK,emiten/cache_1m/DGNS.JK.csv,2877,2877,2025-08-11 09:00:00+07:00,2025-08-19 15:50:00+07:00,15570,411,18.25,True
DGWG.JK,OK,emiten/cache_1m/DGWG.JK.csv,2877,2877,2025-08-11 09:00:00+07:00,2025-08-19 15:50:00+07:00,12186,411,44.04,True
DILD.JK,OK,emiten/cache_1m/DILD.JK.csv,2877,2877,2025-08-11 09:00:00+07:00,2025-08-19 15:50:00+07:00,10152,411,43.8,True
DIVA.JK,OK,emiten/cache_1m/DIVA.JK.csv,2877,2877,2025-08-11 09:00:00+07:00,2025-08-19 15:50:00+07:00,13938,411,17.52,True
DKFT.JK,OK,emiten/cache_1m/DKFT.JK.csv,2877,2877,2025-08-11 09:00:00+07:00,2025-08-19 15:50:00+07:00,6630,411,75.18,True
DKHH.JK,OK,emiten/cache_1m/DKHH.JK.csv,2877,2877,2025-08-11 09:00:00+07:00,2025-08-19 15:50:00+07:00,6378,411,77.37,True
DLTA.JK,OK,emiten/cache_1m/DLTA.JK.csv,2877,2877,2025-08-11 09:00:00+07:00,2025-08-19 15:50:00+07:00,15474,411,18.0,True
DMAS.JK,OK,emiten/cache_1m/DMAS.JK.csv,2877,2877,2025-08-11 09:00:00+07:00,2025-08-19 15:50:00+07:00,6726,411,76.89,True
DMMX.JK,OK,emiten/cache_1m/DMMX.JK.csv,2877,2877,2025-08-11 09:00:00+07:00,2025-08-19 15:50:00+07:00,13062,411,33.58,True
DMND.JK,OK,emiten/cache_1m/DMND.JK.csv,2877,2877,2025-08-11 09:00:00+07:00,2025-08-19 15:50:00+07:00,15432,411,34.31,True
DNAR.JK,OK,emiten/cache_1m/DNAR.JK.csv,2877,2877,2025-08-11 09:00:00+07:00,2025-08-19 15:50:00+07:00,11274,411,32.12,True
DNET.JK,OK,emiten/cache_1m/DNET.JK.csv,2877,2877,2025-08-11 09:00:00+07:00,2025-08-19 15:50:00+07:00,15978,411,19.46,True
DOID.JK,OK,emiten/cache_1m/DOID.JK.csv,2877,2877,2025-08-11 09:00:00+07:00,2025-08-19 15:50:00+07:00,10026,411,46.23,True
DOOH.JK,OK,emiten/cache_1m/DOOH.JK.csv,2877,2877,2025-08-11 09:00:00+07:00,2025-08-19 15:50:00+07:00,6546,411,75.18,True
DOSS.JK,OK,emiten/cache_1m/DOSS.JK.csv,2877,2877,2025-08-11 09:00:00+07:00,2025-08-19 15:50:00+07:00,14046,411,21.41,True
DPNS.JK,OK,emiten/cache_1m/DPNS.JK.csv,2877,2877,2025-08-11 09:00:00+07:00,2025-08-19 15:50:00+07:00,15834,411,24.82,True
DPUM.JK,OK,emiten/cache_1m/DPUM.JK.csv,2877,2877,2025-08-11 09:00:00+07:00,2025-08-19 15:50:00+07:00,10818,411,62.77,True
DRMA.JK,OK,emiten/cache_1m/DRMA.JK.csv,2877,2877,2025-08-11 09:00:00+07:00,2025-08-19 15:50:00+07:00,14418,411,22.63,True
DSFI.JK,OK,emiten/cache_1m/DSFI.JK.csv,2877,2877,2025-08-11 09:00:00+07:00,2025-08-19 15:50:00+07:00,8442,411,57.42,True
DSNG.JK,OK,emiten/cache_1m/DSNG.JK.csv,2877,2877,2025-08-11 09:00:00+07:00,2025-08-19 15:50:00+07:00,6990,411,77.13,True
DSSA.JK,OK,emiten/cache_1m/DSSA.JK.csv,2877,2877,2025-08-11 09:00:00+07:00,2025-08-19 15:50:00+07:00,6258,411,77.13,True
DUTI.JK,OK,emiten/cache_1m/DUTI.JK.csv,2877,2877,2025-08-11 09:00:00+07:00,2025-08-19 15:50:00+07:00,17166,411,0.97,True
DVLA.JK,OK,emiten/cache_1m/DVLA.JK.csv,2877,2877,2025-08-11 09:00:00+07:00,2025-08-19 15:50:00+07:00,16470,411,2.92,True
DWGL.JK,OK,emiten/cache_1m/DWGL.JK.csv,2877,2877,2025-08-11 09:00:00+07:00,2025-08-19 15:50:00+07:00,15666,411,11.44,True
DYAN.JK,OK,emiten/cache_1m/DYAN.JK.csv,2877,2877,2025-08-11 09:00:00+07:00,2025-08-19 15:50:00+07:00,14862,411,34.55,True
EAST.JK,OK,emiten/cache_1m/EAST.JK.csv,2877,2877,2025-08-11 09:00:00+07:00,2025-08-19 15:50:00+07:00,12864,411,30.17,True
ECII.JK,OK,emiten/cache_1m/ECII.JK.csv,2877,2877,2025-08-11 09:00:00+07:00,2025-08-19 15:50:00+07:00,15114,411,9.98,True
EDGE.JK,OK,emiten/cache_1m/EDGE.JK.csv,2877,2877,2025-08-11 09:00:00+07:00,2025-08-19 15:50:00+07:00,15228,411,17.52,True
EKAD.JK,OK,emiten/cache_1m/EKAD.JK.csv,2877,2877,2025-08-11 09:00:00+07:00,2025-08-19 15:50:00+07:00,16044,411,6.81,True
ELIT.JK,OK,emiten/cache_1m/ELIT.JK.csv,2877,2877,2025-08-11 09:00:00+07:00,2025-08-19 15:50:00+07:00,8598,411,60.58,True
ELPI.JK,OK,emiten/cache_1m/ELPI.JK.csv,2877,2877,2025-08-11 09:00:00+07:00,2025-08-19 15:50:00+07:00,15342,411,18.25,True
ELSA.JK,OK,emiten/cache_1m/ELSA.JK.csv,2877,2877,2025-08-11 09:00:00+07:00,2025-08-19 15:50:00+07:00,7374,411,76.4,True
EMDE.JK,OK,emiten/cache_1m/EMDE.JK.csv,2877,2877,2025-08-11 09:00:00+07:00,2025-08-19 15:50:00+07:00,13734,411,73.97,True
EMTK.JK,OK,emiten/cache_1m/EMTK.JK.csv,2877,2877,2025-08-11 09:00:00+07:00,2025-08-19 15:50:00+07:00,6120,411,77.86,True
ENAK.JK,OK,emiten/cache_1m/ENAK.JK.csv,2877,2877,2025-08-11 09:00:00+07:00,2025-08-19 15:50:00+07:00,16440,411,4.87,True
ENRG.JK,OK,emiten/cache_1m/ENRG.JK.csv,2877,2877,2025-08-11 09:00:00+07:00,2025-08-19 15:50:00+07:00,6162,411,77.62,True
EPMT.JK,OK,emiten/cache_1m/EPMT.JK.csv,2877,2877,2025-08-11 09:00:00+07:00,2025-08-19 15:50:00+07:00,16674,411,4.62,True
ERAA.JK,OK,emiten/cache_1m/ERAA.JK.csv,2877,2877,2025-08-11 09:00:00+07:00,2025-08-19 15:50:00+07:00,6234,411,74.45,True
ERAL.JK,OK,emiten/cache_1m/ERAL.JK.csv,2877,2877,2025-08-11 09:00:00+07:00,2025-08-19 15:50:00+07:00,9438,411,60.83,True
ERTX.JK,OK,emiten/cache_1m/ERTX.JK.csv,2877,2877,2025-08-11 09:00:00+07:00,2025-08-19 15:50:00+07:00,14436,411,31.14,True
ESSA.JK,OK,emiten/cache_1m/ESSA.JK.csv,2877,2877,2025-08-11 09:00:00+07:00,2025-08-19 15:50:00+07:00,7236,411,69.59,True
ESTA.JK,OK,emiten/cache_1m/ESTA.JK.csv,2877,2877,2025-08-11 09:00:00+07:00,2025-08-19 15:50:00+07:00,15762,411,10.71,True
EURO.JK,OK,emiten/cache_1m/EURO.JK.csv,2877,2877,2025-08-11 09:00:00+07:00,2025-08-19 15:50:00+07:00,15456,411,9.49,True
EXCL.JK,OK,emiten/cache_1m/EXCL.JK.csv,2877,2877,2025-08-11 09:00:00+07:00,2025-08-19 15:50:00+07:00,6510,411,76.16,True
FAPA.JK,OK,emiten/cache_1m/FAPA.JK.csv,2877,2877,2025-08-11 09:00:00+07:00,2025-08-19 15:50:00+07:00,16992,411,1.7,True
FAST.JK,OK,emiten/cache_1m/FAST.JK.csv,2877,2877,2025-08-11 09:00:00+07:00,2025-08-19 15:50:00+07:00,13296,411,23.11,True
FILM.JK,OK,emiten/cache_1m/FILM.JK.csv,2877,2877,2025-08-11 09:00:00+07:00,2025-08-19 15:50:00+07:00,8814,411,70.32,True
FIMP.JK,OK,emiten/cache_1m/FIMP.JK.csv,2877,2877,2025-08-11 09:00:00+07:00,2025-08-19 15:50:00+07:00,17226,411,0.0,False
FIRE.JK,OK,emiten/cache_1m/FIRE.JK.csv,2877,2877,2025-08-11 09:00:00+07:00,2025-08-19 15:50:00+07:00,12384,411,33.09,True
FITT.JK,OK,emiten/cache_1m/FITT.JK.csv,2877,2877,2025-08-11 09:00:00+07:00,2025-08-19 15:50:00+07:00,11508,411,32.12,True
FLMC.JK,OK,emiten/cache_1m/FLMC.JK.csv,2877,2877,2025-08-11 09:00:00+07:00,2025-08-19 15:50:00+07:00,15576,411,8.52,True
FMII.JK,OK,emiten/cache_1m/FMII.JK.csv,2877,2877,2025-08-11 09:00:00+07:00,2025-08-19 15:50:00+07:00,15984,411,6.33,True
FOLK.JK,OK,emiten/cache_1m/FOLK.JK.csv,2877,2877,2025-08-11 09:00:00+07:00,2025-08-19 15:50:00+07:00,15672,411,9.98,True
FOOD.JK,OK,emiten/cache_1m/FOOD.JK.csv,2877,2877,2025-08-11 09:00:00+07:00,2025-08-19 15:50:00+07:00,16992,411,7.79,True
FORE.JK,OK,emiten/cache_1m/FORE.JK.csv,2877,2877,2025-08-11 09:00:00+07:00,2025-08-19 15:50:00+07:00,7686,411,63.75,True
FORU.JK,OK,emiten/cache_1m/FORU.JK.csv,2877,2877,2025-08-11 09:00:00+07:00,2025-08-19 15:50:00+07:00,11874,411,37.96,True
FPNI.JK,OK,emiten/cache_1m/FPNI.JK.csv,2877,2877,2025-08-11 09:00:00+07:00,2025-08-19 15:50:00+07:00,15054,411,17.76,True
FUJI.JK,OK,emiten/cache_1m/FUJI.JK.csv,2877,2877,2025-08-11 09:00:00+07:00,2025-08-19 15:50:00+07:00,16554,411,7.3,True
FUTR.JK,OK,emiten/cache_1m/FUTR.JK.csv,2877,2877,2025-08-11 09:00:00+07:00,2025-08-19 15:50:00+07:00,9630,411,6.33,True
FWCT.JK,OK,emiten/cache_1m/FWCT.JK.csv,2877,2877,2025-08-11 09:00:00+07:00,2025-08-19 15:50:00+07:00,13788,411,24.57,True
GDST.JK,OK,emiten/cache_1m/GDST.JK.csv,2877,2877,2025-08-11 09:00:00+07:00,2025-08-19 15:50:00+07:00,12972,411,26.28,True
GDYR.JK,OK,emiten/cache_1m/GDYR.JK.csv,2877,2877,2025-08-11 09:00:00+07:00,2025-08-19 15:50:00+07:00,17058,411,1.22,True
GEMA.JK,OK,emiten/cache_1m/GEMA.JK.csv,2877,2877,2025-08-11 09:00:00+07:00,2025-08-19 15:50:00+07:00,9072,411,69.34,True
GEMS.JK,OK,emiten/cache_1m/GEMS.JK.csv,2877,2877,2025-08-11 09:00:00+07:00,2025-08-19 15:50:00+07:00,12756,411,27.01,True
GGRM.JK,OK,emiten/cache_1m/GGRM.JK.csv,2877,2877,2025-08-11 09:00:00+07:00,2025-08-19 15:50:00+07:00,11826,411,50.61,True
GHON.JK,OK,emiten/cache_1m/GHON.JK.csv,2877,2877,2025-08-11 09:00:00+07:00,2025-08-19 15:50:00+07:00,16806,411,4.14,True
GIAA.JK,OK,emiten/cache_1m/GIAA.JK.csv,2877,2877,2025-08-11 09:00:00+07:00,2025-08-19 15:50:00+07:00,17124,411,0.97,True
GJTL.JK,OK,emiten/cache_1m/GJTL.JK.csv,2877,2877,2025-08-11 09:00:00+07:00,2025-08-19 15:50:00+07:00,9390,411,63.75,True
GLOB.JK,OK,emiten/cache_1m/GLOB.JK.csv,2877,2877,2025-08-11 09:00:00+07:00,2025-08-19 15:50:00+07:00,17202,411,0.73,True
GLVA.JK,OK,emiten/cache_1m/GLVA.JK.csv,2877,2877,2025-08-11 09:00:00+07:00,2025-08-19 15:50:00+07:00,16968,411,1.46,True
GMFI.JK,OK,emiten/cache_1m/GMFI.JK.csv,2877,2877,2025-08-11 09:00:00+07:00,2025-08-19 15:50:00+07:00,17124,411,0.97,True
GMTD.JK,OK,emiten/cache_1m/GMTD.JK.csv,2877,2877,2025-08-11 09:00:00+07:00,2025-08-19 15:50:00+07:00,16944,411,4.14,True
GOLD.JK,OK,emiten/cache_1m/GOLD.JK.csv,2877,2877,2025-08-11 09:00:00+07:00,2025-08-19 15:50:00+07:00,16356,411,3.65,True
GOLF.JK,OK,emiten/cache_1m/GOLF.JK.csv,2877,2877,2025-08-11 09:00:00+07:00,2025-08-19 15:50:00+07:00,15582,411,9.0,True
GOOD.JK,OK,emiten/cache_1m/GOOD.JK.csv,2877,2877,2025-08-11 09:00:00+07:00,2025-08-19 15:50:00+07:00,15072,411,14.11,True
GOTO.JK,OK,emiten/cache_1m/GOTO.JK.csv,2877,2877,2025-08-11 09:00:00+07:00,2025-08-19 15:50:00+07:00,6108,411,77.62,True
GPRA.JK,OK,emiten/cache_1m/GPRA.JK.csv,2877,2877,2025-08-11 09:00:00+07:00,2025-08-19 15:50:00+07:00,9060,411,64.72,True
GPSO.JK,OK,emiten/cache_1m/GPSO.JK.csv,2877,2877,2025-08-11 09:00:00+07:00,2025-08-19 15:50:00+07:00,14046,411,15.82,True
GRIA.JK,OK,emiten/cache_1m/GRIA.JK.csv,2877,2877,2025-08-11 09:00:00+07:00,2025-08-19 15:50:00+07:00,15150,411,18.25,True
GRPH.JK,OK,emiten/cache_1m/GRPH.JK.csv,2877,2877,2025-08-11 09:00:00+07:00,2025-08-19 15:50:00+07:00,9258,411,75.43,True
GSMF.JK,OK,emiten/cache_1m/GSMF.JK.csv,2877,2877,2025-08-11 09:00:00+07:00,2025-08-19 15:50:00+07:00,12858,411,71.78,True
GTBO.JK,OK,emiten/cache_1m/GTBO.JK.csv,2877,2877,2025-08-11 09:00:00+07:00,2025-08-19 15:50:00+07:00,15432,411,13.38,True
GTRA.JK,OK,emiten/cache_1m/GTRA.JK.csv,2877,2877,2025-08-11 09:00:00+07:00,2025-08-19 15:50:00+07:00,15756,411,15.09,True
GULA.JK,OK,emiten/cache_1m/GULA.JK.csv,2877,2877,2025-08-11 09:00:00+07:00,2025-08-19 15:50:00+07:00,15750,411,15.57,True
GUNA.JK,OK,emiten/cache_1m/GUNA.JK.csv,2877,2877,2025-08-11 09:00:00+07:00,2025-08-19 15:50:00+07:00,15228,411,18.0,True
GWSA.JK,OK,emiten/cache_1m/GWSA.JK.csv,2877,2877,2025-08-11 09:00:00+07:00,2025-08-19 15:50:00+07:00,14820,411,11.68,True
GZCO.JK,OK,emiten/cache_1m/GZCO.JK.csv,2877,2877,2025-08-11 09:00:00+07:00,2025-08-19 15:50:00+07:00,8076,411,68.86,True
HAIS.JK,OK,emiten/cache_1m/HAIS.JK.csv,2877,2877,2025-08-11 09:00:00+07:00,2025-08-19 15:50:00+07:00,14610,411,18.49,True
HAJJ.JK,OK,emiten/cache_1m/HAJJ.JK.csv,2877,2877,2025-08-11 09:00:00+07:00,2025-08-19 15:50:00+07:00,13974,411,30.66,True
HALO.JK,OK,emiten/cache_1m/HALO.JK.csv,2877,2877,2025-08-11 09:00:00+07:00,2025-08-19 15:50:00+07:00,12240,411,30.9,True
HATM.JK,OK,emiten/cache_1m/HATM.JK.csv,2877,2877,2025-08-11 09:00:00+07:00,2025-08-19 15:50:00+07:00,14586,411,14.84,True
HBAT.JK,OK,emiten/cache_1m/HBAT.JK.csv,2877,2877,2025-08-11 09:00:00+07:00,2025-08-19 15:50:00+07:00,15396,411,13.14,True
HDFA.JK,OK,emiten/cache_1m/HDFA.JK.csv,2877,2877,2025-08-11 09:00:00+07:00,2025-08-19 15:50:00+07:00,16626,411,4.62,True
HEAL.JK,OK,emiten/cache_1m/HEAL.JK.csv,2877,2877,2025-08-11 09:00:00+07:00,2025-08-19 15:50:00+07:00,7284,411,76.16,True
HELI.JK,OK,emiten/cache_1m/HELI.JK.csv,2877,2877,2025-08-11 09:00:00+07:00,2025-08-19 15:50:00+07:00,16224,411,5.35,True
HERO.JK,OK,emiten/cache_1m/HERO.JK.csv,2877,2877,2025-08-11 09:00:00+07:00,2025-08-19 15:50:00+07:00,15738,411,30.17,True
HEXA.JK,OK,emiten/cache_1m/HEXA.JK.csv,2877,2877,2025-08-11 09:00:00+07:00,2025-08-19 15:50:00+07:00,12066,411,38.93,True
HGII.JK,OK,emiten/cache_1m/HGII.JK.csv,2877,2877,2025-08-11 09:00:00+07:00,2025-08-19 15:50:00+07:00,12480,411,35.28,True
HILL.JK,OK,emiten/cache_1m/HILL.JK.csv,2877,2877,2025-08-11 09:00:00+07:00,2025-08-19 15:50:00+07:00,13572,411,26.76,True
HMSP.JK,OK,emiten/cache_1m/HMSP.JK.csv,2877,2877,2025-08-11 09:00:00+07:00,2025-08-19 15:50:00+07:00,8334,411,67.15,True
HOKI.JK,OK,emiten/cache_1m/HOKI.JK.csv,2877,2877,2025-08-11 09:00:00+07:00,2025-08-19 15:50:00+07:00,11400,411,38.69,True
HOMI.JK,OK,emiten/cache_1m/HOMI.JK.csv,2877,2877,2025-08-11 09:00:00+07:00,2025-08-19 15:50:00+07:00,16050,411,25.79,True
HOPE.JK,OK,emiten/cache_1m/HOPE.JK.csv,2877,2877,2025-08-11 09:00:00+07:00,2025-08-19 15:50:00+07:00,17262,411,0.0,False
HRTA.JK,OK,emiten/cache_1m/HRTA.JK.csv,2877,2877,2025-08-11 09:00:00+07:00,2025-08-19 15:50:00+07:00,7866,411,66.42,True
HRUM.JK,OK,emiten/cache_1m/HRUM.JK.csv,2877,2877,2025-08-11 09:00:00+07:00,2025-08-19 15:50:00+07:00,7158,411,64.72,True
HUMI.JK,OK,emiten/cache_1m/HUMI.JK.csv,2877,2877,2025-08-11 09:00:00+07:00,2025-08-19 15:50:00+07:00,7212,411,69.59,True
HYGN.JK,OK,emiten/cache_1m/HYGN.JK.csv,2877,2877,2025-08-11 09:00:00+07:00,2025-08-19 15:50:00+07:00,15384,411,18.49,True
IATA.JK,OK,emiten/cache_1m/IATA.JK.csv,2877,2877,2025-08-11 09:00:00+07:00,2025-08-19 15:50:00+07:00,17100,411,1.95,True
IBST.JK,OK,emiten/cache_1m/IBST.JK.csv,2877,2877,2025-08-11 09:00:00+07:00,2025-08-19 15:50:00+07:00,16908,411,2.19,True
ICBP.JK,OK,emiten/cache_1m/ICBP.JK.csv,2877,2877,2025-08-11 09:00:00+07:00,2025-08-19 15:50:00+07:00,6396,411,72.51,True
IDEA.JK,OK,emiten/cache_1m/IDEA.JK.csv,2877,2877,2025-08-11 09:00:00+07:00,2025-08-19 15:50:00+07:00,13860,411,18.49,True
IDPR.JK,OK,emiten/cache_1m/IDPR.JK.csv,2877,2877,2025-08-11 09:00:00+07:00,2025-08-19 15:50:00+07:00,13884,411,31.87,True
IFII.JK,OK,emiten/cache_1m/IFII.JK.csv,2877,2877,2025-08-11 09:00:00+07:00,2025-08-19 15:50:00+07:00,16002,411,8.03,True
IFSH.JK,OK,emiten/cache_1m/IFSH.JK.csv,2877,2877,2025-08-11 09:00:00+07:00,2025-08-19 15:50:00+07:00,16926,411,2.19,True
IGAR.JK,OK,emiten/cache_1m/IGAR.JK.csv,2877,2877,2025-08-11 09:00:00+07:00,2025-08-19 15:50:00+07:00,17046,411,1.7,True
IKAN.JK,OK,emiten/cache_1m/IKAN.JK.csv,2877,2877,2025-08-11 09:00:00+07:00,2025-08-19 15:50:00+07:00,6120,411,77.37,True
IKBI.JK,OK,emiten/cache_1m/IKBI.JK.csv,2877,2877,2025-08-11 09:00:00+07:00,2025-08-19 15:50:00+07:00,14478,411,49.88,True
IKPM.JK,OK,emiten/cache_1m/IKPM.JK.csv,2877,2877,2025-08-11 09:00:00+07:00,2025-08-19 15:50:00+07:00,16464,411,5.11,True
IMAS.JK,OK,emiten/cache_1m/IMAS.JK.csv,2877,2877,2025-08-11 09:00:00+07:00,2025-08-19 15:50:00+07:00,13776,411,24.33,True
IMJS.JK,OK,emiten/cache_1m/IMJS.JK.csv,2877,2877,2025-08-11 09:00:00+07:00,2025-08-19 15:50:00+07:00,9186,411,61.07,True
IMPC.JK,OK,emiten/cache_1m/IMPC.JK.csv,2877,2877,2025-08-11 09:00:00+07:00,2025-08-19 15:50:00+07:00,16182,411,0.0,False
INAI.JK,OK,emiten/cache_1m/INAI.JK.csv,2877,2877,2025-08-11 09:00:00+07:00,2025-08-19 15:50:00+07:00,16110,411,5.84,True
INCI.JK,OK,emiten/cache_1m/INCI.JK.csv,2877,2877,2025-08-11 09:00:00+07:00,2025-08-19 15:50:00+07:00,16350,411,24.82,True
INCO.JK,OK,emiten/cache_1m/INCO.JK.csv,2877,2877,2025-08-11 09:00:00+07:00,2025-08-19 15:50:00+07:00,6420,411,77.62,True
INDF.JK,OK,emiten/cache_1m/INDF.JK.csv,2877,2877,2025-08-11 09:00:00+07:00,2025-08-19 15:50:00+07:00,6672,411,74.45,True
INDO.JK,OK,emiten/cache_1m/INDO.JK.csv,2877,2877,2025-08-11 09:00:00+07:00,2025-08-19 15:50:00+07:00,13968,411,18.0,True
INDR.JK,OK,emiten/cache_1m/INDR.JK.csv,2877,2877,2025-08-11 09:00:00+07:00,2025-08-19 15:50:00+07:00,15636,411,8.76,True
INDS.JK,OK,emiten/cache_1m/INDS.JK.csv,2877,2877,2025-08-11 09:00:00+07:00,2025-08-19 15:50:00+07:00,15648,411,8.03,True
INDX.JK,OK,emiten/cache_1m/INDX.JK.csv,2877,2877,2025-08-11 09:00:00+07:00,2025-08-19 15:50:00+07:00,9294,411,42.58,True
INDY.JK,OK,emiten/cache_1m/INDY.JK.csv,2877,2877,2025-08-11 09:00:00+07:00,2025-08-19 15:50:00+07:00,8976,411,61.31,True
INET.JK,OK,emiten/cache_1m/INET.JK.csv,2877,2877,2025-08-11 09:00:00+07:00,2025-08-19 15:50:00+07:00,6150,411,77.37,True
INKP.JK,OK,emiten/cache_1m/INKP.JK.csv,2877,2877,2025-08-11 09:00:00+07:00,2025-08-19 15:50:00+07:00,6198,411,76.4,True
INOV.JK,OK,emiten/cache_1m/INOV.JK.csv,2877,2877,2025-08-11 09:00:00+07:00,2025-08-19 15:50:00+07:00,15810,411,7.06,True
INPC.JK,OK,emiten/cache_1m/INPC.JK.csv,2877,2877,2025-08-11 09:00:00+07:00,2025-08-19 15:50:00+07:00,9480,411,41.61,True
INPP.JK,OK,emiten/cache_1m/INPP.JK.csv,2877,2877,2025-08-11 09:00:00+07:00,2025-08-19 15:50:00+07:00,16014,411,41.12,True
INPS.JK,OK,emiten/cache_1m/INPS.JK.csv,2877,2877,2025-08-11 09:00:00+07:00,2025-08-19 15:50:00+07:00,16884,411,0.97,True
INRU.JK,OK,emiten/cache_1m/INRU.JK.csv,2877,2877,2025-08-11 09:00:00+07:00,2025-08-19 15:50:00+07:00,13128,411,13.14,True
INTD.JK,OK,emiten/cache_1m/INTD.JK.csv,2877,2877,2025-08-11 09:00:00+07:00,2025-08-19 15:50:00+07:00,16722,411,2.92,True
INTP.JK,OK,emiten/cache_1m/INTP.JK.csv,2877,2877,2025-08-11 09:00:00+07:00,2025-08-19 15:50:00+07:00,8688,411,59.85,True
IOTF.JK,OK,emiten/cache_1m/IOTF.JK.csv,2877,2877,2025-08-11 09:00:00+07:00,2025-08-19 15:50:00+07:00,6438,411,77.62,True
IPAC.JK,OK,emiten/cache_1m/IPAC.JK.csv,2877,2877,2025-08-11 09:00:00+07:00,2025-08-19 15:50:00+07:00,16452,411,8.03,True
IPCC.JK,OK,emiten/cache_1m/IPCC.JK.csv,2877,2877,2025-08-11 09:00:00+07:00,2025-08-19 15:50:00+07:00,11286,411,38.44,True
IPCM.JK,OK,emiten/cache_1m/IPCM.JK.csv,2877,2877,2025-08-11 09:00:00+07:00,2025-08-19 15:50:00+07:00,13830,411,21.17,True
IPOL.JK,OK,emiten/cache_1m/IPOL.JK.csv,2877,2877,2025-08-11 09:00:00+07:00,2025-08-19 15:50:00+07:00,16740,411,5.84,True
IRRA.JK,OK,emiten/cache_1m/IRRA.JK.csv,2877,2877,2025-08-11 09:00:00+07:00,2025-08-19 15:50:00+07:00,14280,411,18.25,True
IRSX.JK,OK,emiten/cache_1m/IRSX.JK.csv,2877,2877,2025-08-11 09:00:00+07:00,2025-08-19 15:50:00+07:00,17262,411,0.0,False
ISAT.JK,OK,emiten/cache_1m/ISAT.JK.csv,2877,2877,2025-08-11 09:00:00+07:00,2025-08-19 15:50:00+07:00,7224,411,74.94,True
ISEA.JK,OK,emiten/cache_1m/ISEA.JK.csv,2877,2877,2025-08-11 09:00:00+07:00,2025-08-19 15:50:00+07:00,10272,411,41.85,True
ISSP.JK,OK,emiten/cache_1m/ISSP.JK.csv,2877,2877,2025-08-11 09:00:00+07:00,2025-08-19 15:50:00+07:00,11118,411,36.74,True
ITIC.JK,OK,emiten/cache_1m/ITIC.JK.csv,2877,2877,2025-08-11 09:00:00+07:00,2025-08-19 15:50:00+07:00,15582,411,21.65,True
ITMA.JK,OK,emiten/cache_1m/ITMA.JK.csv,2877,2877,2025-08-11 09:00:00+07:00,2025-08-19 15:50:00+07:00,14004,411,29.93,True
ITMG.JK,OK,emiten/cache_1m/ITMG.JK.csv,2877,2877,2025-08-11 09:00:00+07:00,2025-08-19 15:50:00+07:00,6210,411,77.62,True
JARR.JK,OK,emiten/cache_1m/JARR.JK.csv,2877,2877,2025-08-11 09:00:00+07:00,2025-08-19 15:50:00+07:00,6822,411,72.75,True
JAST.JK,OK,emiten/cache_1m/JAST.JK.csv,2877,2877,2025-08-11 09:00:00+07:00,2025-08-19 15:50:00+07:00,8490,411,69.83,True
JATI.JK,OK,emiten/cache_1m/JATI.JK.csv,2877,2877,2025-08-11 09:00:00+07:00,2025-08-19 15:50:00+07:00,9042,411,62.53,True
JAWA.JK,OK,emiten/cache_1m/JAWA.JK.csv,2877,2877,2025-08-11 09:00:00+07:00,2025-08-19 15:50:00+07:00,13278,411,22.14,True
JAYA.JK,OK,emiten/cache_1m/JAYA.JK.csv,2877,2877,2025-08-11 09:00:00+07:00,2025-08-19 15:50:00+07:00,15204,411,18.25,True
JECC.JK,OK,emiten/cache_1m/JECC.JK.csv,2877,2877,2025-08-11 09:00:00+07:00,2025-08-19 15:50:00+07:00,16542,411,3.89,True
JIHD.JK,OK,emiten/cache_1m/JIHD.JK.csv,2877,2877,2025-08-11 09:00:00+07:00,2025-08-19 15:50:00+07:00,10716,411,39.66,True
JKON.JK,OK,emiten/cache_1m/JKON.JK.csv,2877,2877,2025-08-11 09:00:00+07:00,2025-08-19 15:50:00+07:00,7218,411,67.88,True
JMAS.JK,OK,emiten/cache_1m/JMAS.JK.csv,2877,2877,2025-08-11 09:00:00+07:00,2025-08-19 15:50:00+07:00,13452,411,22.87,True
JPFA.JK,OK,emiten/cache_1m/JPFA.JK.csv,2877,2877,2025-08-11 09:00:00+07:00,2025-08-19 15:50:00+07:00,6402,411,75.67,True
JRPT.JK,OK,emiten/cache_1m/JRPT.JK.csv,2877,2877,2025-08-11 09:00:00+07:00,2025-08-19 15:50:00+07:00,16470,411,3.65,True
JSMR.JK,OK,emiten/cache_1m/JSMR.JK.csv,2877,2877,2025-08-11 09:00:00+07:00,2025-08-19 15:50:00+07:00,7506,411,70.32,True
JSPT.JK,OK,emiten/cache_1m/JSPT.JK.csv,2877,2877,2025-08-11 09:00:00+07:00,2025-08-19 15:50:00+07:00,15408,411,7.54,True
JTPE.JK,OK,emiten/cache_1m/JTPE.JK.csv,2877,2877,2025-08-11 09:00:00+07:00,2025-08-19 15:50:00+07:00,12972,411,57.42,True
KAEF.JK,OK,emiten/cache_1m/KAEF.JK.csv,2877,2877,2025-08-11 09:00:00+07:00,2025-08-19 15:50:00+07:00,13344,411,35.52,True
KAQI.JK,OK,emiten/cache_1m/KAQI.JK.csv,2877,2877,2025-08-11 09:00:00+07:00,2025-08-19 15:50:00+07:00,9378,411,76.64,True
KARW.JK,OK,emiten/cache_1m/KARW.JK.csv,2877,2877,2025-08-11 09:00:00+07:00,2025-08-19 15:50:00+07:00,17124,411,0.97,True
KBLI.JK,OK,emiten/cache_1m/KBLI.JK.csv,2877,2877,2025-08-11 09:00:00+07:00,2025-08-19 15:50:00+07:00,16596,411,2.43,True
KBLM.JK,OK,emiten/cache_1m/KBLM.JK.csv,2877,2877,2025-08-11 09:00:00+07:00,2025-08-19 15:50:00+07:00,14838,411,42.58,True
KBLV.JK,OK,emiten/cache_1m/KBLV.JK.csv,2877,2877,2025-08-11 09:00:00+07:00,2025-08-19 15:50:00+07:00,6726,411,75.18,True
KDSI.JK,OK,emiten/cache_1m/KDSI.JK.csv,2877,2877,2025-08-11 09:00:00+07:00,2025-08-19 15:50:00+07:00,16626,411,5.35,True
KDTN.JK,OK,emiten/cache_1m/KDTN.JK.csv,2877,2877,2025-08-11 09:00:00+07:00,2025-08-19 15:50:00+07:00,16902,411,2.43,True
KEEN.JK,OK,emiten/cache_1m/KEEN.JK.csv,2877,2877,2025-08-11 09:00:00+07:00,2025-08-19 15:50:00+07:00,13800,411,35.52,True
KEJU.JK,OK,emiten/cache_1m/KEJU.JK.csv,2877,2877,2025-08-11 09:00:00+07:00,2025-08-19 15:50:00+07:00,8568,411,43.55,True
KETR.JK,OK,emiten/cache_1m/KETR.JK.csv,2877,2877,2025-08-11 09:00:00+07:00,2025-08-19 15:50:00+07:00,12732,411,49.15,True
KICI.JK,OK,emiten/cache_1m/KICI.JK.csv,2877,2877,2025-08-11 09:00:00+07:00,2025-08-19 15:50:00+07:00,15780,411,12.9,True
KIJA.JK,OK,emiten/cache_1m/KIJA.JK.csv,2877,2877,2025-08-11 09:00:00+07:00,2025-08-19 15:50:00+07:00,8952,411,67.64,True
KING.JK,OK,emiten/cache_1m/KING.JK.csv,2877,2877,2025-08-11 09:00:00+07:00,2025-08-19 15:50:00+07:00,16314,411,4.62,True
KINO.JK,OK,emiten/cache_1m/KINO.JK.csv,2877,2877,2025-08-11 09:00:00+07:00,2025-08-19 15:50:00+07:00,16332,411,19.46,True
KIOS.JK,OK,emiten/cache_1m/KIOS.JK.csv,2877,2877,2025-08-11 09:00:00+07:00,2025-08-19 15:50:00+07:00,8100,411,73.24,True
KJEN.JK,OK,emiten/cache_1m/KJEN.JK.csv,2877,2877,2025-08-11 09:00:00+07:00,2025-08-19 15:50:00+07:00,13602,411,39.42,True
KKGI.JK,OK,emiten/cache_1m/KKGI.JK.csv,2877,2877,2025-08-11 09:00:00+07:00,2025-08-19 15:50:00+07:00,11154,411,41.61,True
KLAS.JK,OK,emiten/cache_1m/KLAS.JK.csv,2877,2877,2025-08-11 09:00:00+07:00,2025-08-19 15:50:00+07:00,14202,411,20.19,True
KLBF.JK,OK,emiten/cache_1m/KLBF.JK.csv,2877,2877,2025-08-11 09:00:00+07:00,2025-08-19 15:50:00+07:00,6270,411,76.16,True
KLIN.JK,OK,emiten/cache_1m/KLIN.JK.csv,2877,2877,2025-08-11 09:00:00+07:00,2025-08-19 15:50:00+07:00,15816,411,6.08,True
KMDS.JK,OK,emiten/cache_1m/KMDS.JK.csv,2877,2877,2025-08-11 09:00:00+07:00,2025-08-19 15:50:00+07:00,15498,411,9.49,True
KMTR.JK,OK,emiten/cache_1m/KMTR.JK.csv,2877,2877,2025-08-11 09:00:00+07:00,2025-08-19 15:50:00+07:00,15612,411,7.79,True
KOBX.JK,OK,emiten/cache_1m/KOBX.JK.csv,2877,2877,2025-08-11 09:00:00+07:00,2025-08-19 15:50:00+07:00,15204,411,12.17,True
KOCI.JK,OK,emiten/cache_1m/KOCI.JK.csv,2877,2877,2025-08-11 09:00:00+07:00,2025-08-19 15:50:00+07:00,9396,411,35.52,True
KOIN.JK,OK,emiten/cache_1m/KOIN.JK.csv,2877,2877,2025-08-11 09:00:00+07:00,2025-08-19 15:50:00+07:00,17184,411,0.49,True
KOKA.JK,OK,emiten/cache_1m/KOKA.JK.csv,2877,2877,2025-08-11 09:00:00+07:00,2025-08-19 15:50:00+07:00,10314,411,41.36,True
KONI.JK,OK,emiten/cache_1m/KONI.JK.csv,2877,2877,2025-08-11 09:00:00+07:00,2025-08-19 15:50:00+07:00,16578,411,8.52,True
KOPI.JK,OK,emiten/cache_1m/KOPI.JK.csv,2877,2877,2025-08-11 09:00:00+07:00,2025-08-19 15:50:00+07:00,15486,411,12.17,True
KPIG.JK,OK,emiten/cache_1m/KPIG.JK.csv,2877,2877,2025-08-11 09:00:00+07:00,2025-08-19 15:50:00+07:00,6144,411,77.62,True
KRAS.JK,OK,emiten/cache_1m/KRAS.JK.csv,2877,2877,2025-08-11 09:00:00+07:00,2025-08-19 15:50:00+07:00,8214,411,74.7,True
KRYA.JK,OK,emiten/cache_1m/KRYA.JK.csv,2877,2877,2025-08-11 09:00:00+07:00,2025-08-19 15:50:00+07:00,6678,411,69.34,True
KSIX.JK,OK,emiten/cache_1m/KSIX.JK.csv,2877,2877,2025-08-11 09:00:00+07:00,2025-08-19 15:50:00+07:00,14280,411,18.98,True
KUAS.JK,OK,emiten/cache_1m/KUAS.JK.csv,2877,2877,2025-08-11 09:00:00+07:00,2025-08-19 15:50:00+07:00,7854,411,68.13,True
LABS.JK,OK,emiten/cache_1m/LABS.JK.csv,2877,2877,2025-08-11 09:00:00+07:00,2025-08-19 15:50:00+07:00,15534,411,15.33,True
LAJU.JK,OK,emiten/cache_1m/LAJU.JK.csv,2877,2877,2025-08-11 09:00:00+07:00,2025-08-19 15:50:00+07:00,9768,411,56.2,True
LAPD.JK,OK,emiten/cache_1m/LAPD.JK.csv,2877,2877,2025-08-11 09:00:00+07:00,2025-08-19 15:50:00+07:00,16728,411,17.03,True
LCKM.JK,OK,emiten/cache_1m/LCKM.JK.csv,2877,2877,2025-08-11 09:00:00+07:00,2025-08-19 15:50:00+07:00,16722,411,6.33,True
LEAD.JK,OK,emiten/cache_1m/LEAD.JK.csv,2877,2877,2025-08-11 09:00:00+07:00,2025-08-19 15:50:00+07:00,11988,411,56.69,True
LFLO.JK,OK,emiten/cache_1m/LFLO.JK.csv,2877,2877,2025-08-11 09:00:00+07:00,2025-08-19 15:50:00+07:00,16380,411,6.08,True
LIFE.JK,OK,emiten/cache_1m/LIFE.JK.csv,2877,2877,2025-08-11 09:00:00+07:00,2025-08-19 15:50:00+07:00,14724,411,11.68,True
LINK.JK,OK,emiten/cache_1m/LINK.JK.csv,2877,2877,2025-08-11 09:00:00+07:00,2025-08-19 15:50:00+07:00,17130,411,1.95,True
LION.JK,OK,emiten/cache_1m/LION.JK.csv,2877,2877,2025-08-11 09:00:00+07:00,2025-08-19 15:50:00+07:00,16386,411,17.76,True
LIVE.JK,OK,emiten/cache_1m/LIVE.JK.csv,2877,2877,2025-08-11 09:00:00+07:00,2025-08-19 15:50:00+07:00,14046,411,13.38,True
LMAX.JK,OK,emiten/cache_1m/LMAX.JK.csv,2877,2877,2025-08-11 09:00:00+07:00,2025-08-19 15:50:00+07:00,13644,411,37.23,True
LMPI.JK,OK,emiten/cache_1m/LMPI.JK.csv,2877,2877,2025-08-11 09:00:00+07:00,2025-08-19 15:50:00+07:00,16404,411,6.08,True
LOPI.JK,OK,emiten/cache_1m/LOPI.JK.csv,2877,2877,2025-08-11 09:00:00+07:00,2025-08-19 15:50:00+07:00,10410,411,48.91,True
LPCK.JK,OK,emiten/cache_1m/LPCK.JK.csv,2877,2877,2025-08-11 09:00:00+07:00,2025-08-19 15:50:00+07:00,14424,411,37.96,True
LPGI.JK,OK,emiten/cache_1m/LPGI.JK.csv,2877,2877,2025-08-11 09:00:00+07:00,2025-08-19 15:50:00+07:00,15648,411,13.14,True
LPIN.JK,OK,emiten/cache_1m/LPIN.JK.csv,2877,2877,2025-08-11 09:00:00+07:00,2025-08-19 15:50:00+07:00,15840,411,14.36,True
LPKR.JK,OK,emiten/cache_1m/LPKR.JK.csv,2877,2877,2025-08-11 09:00:00+07:00,2025-08-19 15:50:00+07:00,8538,411,52.07,True
LPLI.JK,OK,emiten/cache_1m/LPLI.JK.csv,2877,2877,2025-08-11 09:00:00+07:00,2025-08-19 15:50:00+07:00,16356,411,16.55,True
LPPF.JK,OK,emiten/cache_1m/LPPF.JK.csv,2877,2877,2025-08-11 09:00:00+07:00,2025-08-19 15:50:00+07:00,9864,411,47.93,True
LPPS.JK,OK,emiten/cache_1m/LPPS.JK.csv,2877,2877,2025-08-11 09:00:00+07:00,2025-08-19 15:50:00+07:00,9846,411,76.89,True
LRNA.JK,OK,emiten/cache_1m/LRNA.JK.csv,2877,2877,2025-08-11 09:00:00+07:00,2025-08-19 15:50:00+07:00,15624,411,16.06,True
LSIP.JK,OK,emiten/cache_1m/LSIP.JK.csv,2877,2877,2025-08-11 09:00:00+07:00,2025-08-19 15:50:00+07:00,7248,411,68.37,True
LTLS.JK,OK,emiten/cache_1m/LTLS.JK.csv,2877,2877,2025-08-11 09:00:00+07:00,2025-08-19 15:50:00+07:00,15474,411,18.0,True
LUCK.JK,OK,emiten/cache_1m/LUCK.JK.csv,2877,2877,2025-08-11 09:00:00+07:00,2025-08-19 15:50:00+07:00,11352,411,29.68,True
LUCY.JK,OK,emiten/cache_1m/LUCY.JK.csv,2877,2877,2025-08-11 09:00:00+07:00,2025-08-19 15:50:00+07:00,16212,411,9.49,True
MAHA.JK,OK,emiten/cache_1m/MAHA.JK.csv,2877,2877,2025-08-11 09:00:00+07:00,2025-08-19 15:50:00+07:00,13860,411,18.98,True
MAIN.JK,OK,emiten/cache_1m/MAIN.JK.csv,2877,2877,2025-08-11 09:00:00+07:00,2025-08-19 15:50:00+07:00,11202,411,42.09,True
MAPA.JK,OK,emiten/cache_1m/MAPA.JK.csv,2877,2877,2025-08-11 09:00:00+07:00,2025-08-19 15:50:00+07:00,6918,411,68.13,True
MAPB.JK,OK,emiten/cache_1m/MAPB.JK.csv,2877,2877,2025-08-11 09:00:00+07:00,2025-08-19 15:50:00+07:00,16848,411,0.97,True
MAPI.JK,OK,emiten/cache_1m/MAPI.JK.csv,2877,2877,2025-08-11 09:00:00+07:00,2025-08-19 15:50:00+07:00,7008,411,76.64,True
MARK.JK,OK,emiten/cache_1m/MARK.JK.csv,2877,2877,2025-08-11 09:00:00+07:00,2025-08-19 15:50:00+07:00,9186,411,60.1,True
MASB.JK,OK,emiten/cache_1m/MASB.JK.csv,2877,2877,2025-08-11 09:00:00+07:00,2025-08-19 15:50:00+07:00,17016,411,1.22,True
MAXI.JK,OK,emiten/cache_1m/MAXI.JK.csv,2877,2877,2025-08-11 09:00:00+07:00,2025-08-19 15:50:00+07:00,10746,411,53.77,True
MAYA.JK,OK,emiten/cache_1m/MAYA.JK.csv,2877,2877,2025-08-11 09:00:00+07:00,2025-08-19 15:50:00+07:00,10860,411,73.97,True
MBAP.JK,OK,emiten/cache_1m/MBAP.JK.csv,2877,2877,2025-08-11 09:00:00+07:00,2025-08-19 15:50:00+07:00,15174,411,14.36,True
MBMA.JK,OK,emiten/cache_1m/MBMA.JK.csv,2877,2877,2025-08-11 09:00:00+07:00,2025-08-19 15:50:00+07:00,6138,411,77.62,True
MBSS.JK,OK,emiten/cache_1m/MBSS.JK.csv,2877,2877,2025-08-11 09:00:00+07:00,2025-08-19 15:50:00+07:00,13662,411,24.82,True
MBTO.JK,OK,emiten/cache_1m/MBTO.JK.csv,2877,2877,2025-08-11 09:00:00+07:00,2025-08-19 15:50:00+07:00,10008,411,49.15,True
MCAS.JK,OK,emiten/cache_1m/MCAS.JK.csv,2877,2877,2025-08-11 09:00:00+07:00,2025-08-19 15:50:00+07:00,15372,411,17.76,True
MCOL.JK,OK,emiten/cache_1m/MCOL.JK.csv,2877,2877,2025-08-11 09:00:00+07:00,2025-08-19 15:50:00+07:00,16158,411,17.27,True
MCOR.JK,OK,emiten/cache_1m/MCOR.JK.csv,2877,2877,2025-08-11 09:00:00+07:00,2025-08-19 15:50:00+07:00,12858,411,37.23,True
MDIY.JK,OK,emiten/cache_1m/MDIY.JK.csv,2877,2877,2025-08-11 09:00:00+07:00,2025-08-19 15:50:00+07:00,14256,411,30.9,True
MDKA.JK,OK,emiten/cache_1m/MDKA.JK.csv,2877,2877,2025-08-11 09:00:00+07:00,2025-08-19 15:50:00+07:00,6144,411,77.62,True
MDKI.JK,OK,emiten/cache_1m/MDKI.JK.csv,2877,2877,2025-08-11 09:00:00+07:00,2025-08-19 15:50:00+07:00,16152,411,7.06,True
MDLA.JK,OK,emiten/cache_1m/MDLA.JK.csv,2877,2877,2025-08-11 09:00:00+07:00,2025-08-19 15:50:00+07:00,9894,411,41.12,True
MDLN.JK,OK,emiten/cache_1m/MDLN.JK.csv,2877,2877,2025-08-11 09:00:00+07:00,2025-08-19 15:50:00+07:00,7962,411,65.94,True
MEDC.JK,OK,emiten/cache_1m/MEDC.JK.csv,2877,2877,2025-08-11 09:00:00+07:00,2025-08-19 15:50:00+07:00,6990,411,67.88,True
MEDS.JK,OK,emiten/cache_1m/MEDS.JK.csv,2877,2877,2025-08-11 09:00:00+07:00,2025-08-19 15:50:00+07:00,11022,411,59.85,True
MEGA.JK,OK,emiten/cache_1m/MEGA.JK.csv,2877,2877,2025-08-11 09:00:00+07:00,2025-08-19 15:50:00+07:00,16260,411,25.79,True
MERI.JK,OK,emiten/cache_1m/MERI.JK.csv,2877,2877,2025-08-11 09:00:00+07:00,2025-08-19 15:50:00+07:00,8016,411,62.53,True
MERK.JK,OK,emiten/cache_1m/MERK.JK.csv,2877,2877,2025-08-11 09:00:00+07:00,2025-08-19 15:50:00+07:00,15798,411,26.28,True
MFIN.JK,OK,emiten/cache_1m/MFIN.JK.csv,2877,2877,2025-08-11 09:00:00+07:00,2025-08-19 15:50:00+07:00,15072,411,31.63,True
MGLV.JK,OK,emiten/cache_1m/MGLV.JK.csv,2877,2877,2025-08-11 09:00:00+07:00,2025-08-19 15:50:00+07:00,14502,411,27.74,True
MGRO.JK,OK,emiten/cache_1m/MGRO.JK.csv,2877,2877,2025-08-11 09:00:00+07:00,2025-08-19 15:50:00+07:00,15324,411,18.49,True
MHKI.JK,OK,emiten/cache_1m/MHKI.JK.csv,2877,2877,2025-08-11 09:00:00+07:00,2025-08-19 15:50:00+07:00,15210,411,17.03,True
MICE.JK,OK,emiten/cache_1m/MICE.JK.csv,2877,2877,2025-08-11 09:00:00+07:00,2025-08-19 15:50:00+07:00,14886,411,33.09,True
MIDI.JK,OK,emiten/cache_1m/MIDI.JK.csv,2877,2877,2025-08-11 09:00:00+07:00,2025-08-19 15:50:00+07:00,8544,411,53.28,True
MIKA.JK,OK,emiten/cache_1m/MIKA.JK.csv,2877,2877,2025-08-11 09:00:00+07:00,2025-08-19 15:50:00+07:00,9192,411,48.42,True
MINA.JK,OK,emiten/cache_1m/MINA.JK.csv,2877,2877,2025-08-11 09:00:00+07:00,2025-08-19 15:50:00+07:00,17262,411,0.0,False
MINE.JK,OK,emiten/cache_1m/MINE.JK.csv,2877,2877,2025-08-11 09:00:00+07:00,2025-08-19 15:50:00+07:00,10608,411,64.72,True
MITI.JK,OK,emiten/cache_1m/MITI.JK.csv,2877,2877,2025-08-11 09:00:00+07:00,2025-08-19 15:50:00+07:00,16074,411,11.92,True
MKAP.JK,OK,emiten/cache_1m/MKAP.JK.csv,2877,2877,2025-08-11 09:00:00+07:00,2025-08-19 15:50:00+07:00,16020,411,8.76,True
MKPI.JK,OK,emiten/cache_1m/MKPI.JK.csv,2877,2877,2025-08-11 09:00:00+07:00,2025-08-19 15:50:00+07:00,16146,411,22.14,True
MKTR.JK,OK,emiten/cache_1m/MKTR.JK.csv,2877,2877,2025-08-11 09:00:00+07:00,2025-08-19 15:50:00+07:00,15498,411,14.6,True
MLBI.JK,OK,emiten/cache_1m/MLBI.JK.csv,2877,2877,2025-08-11 09:00:00+07:00,2025-08-19 15:50:00+07:00,14868,411,24.57,True
MLIA.JK,OK,emiten/cache_1m/MLIA.JK.csv,2877,2877,2025-08-11 09:00:00+07:00,2025-08-19 15:50:00+07:00,14190,411,32.36,True
MLPL.JK,OK,emiten/cache_1m/MLPL.JK.csv,2877,2877,2025-08-11 09:00:00+07:00,2025-08-19 15:50:00+07:00,6294,411,77.62,True
MLPT.JK,OK,emiten/cache_1m/MLPT.JK.csv,2877,2877,2025-08-11 09:00:00+07:00,2025-08-19 15:50:00+07:00,13554,411,50.61,True
MMIX.JK,OK,emiten/cache_1m/MMIX.JK.csv,2877,2877,2025-08-11 09:00:00+07:00,2025-08-19 15:50:00+07:00,12054,411,38.2,True
MMLP.JK,OK,emiten/cache_1m/MMLP.JK.csv,2877,2877,2025-08-11 09:00:00+07:00,2025-08-19 15:50:00+07:00,10740,411,62.04,True
MNCN.JK,OK,emiten/cache_1m/MNCN.JK.csv,2877,2877,2025-08-11 09:00:00+07:00,2025-08-19 15:50:00+07:00,10074,411,57.91,True
MOLI.JK,OK,emiten/cache_1m/MOLI.JK.csv,2877,2877,2025-08-11 09:00:00+07:00,2025-08-19 15:50:00+07:00,15876,411,9.25,True
MORA.JK,OK,emiten/cache_1m/MORA.JK.csv,2877,2877,2025-08-11 09:00:00+07:00,2025-08-19 15:50:00+07:00,15738,411,27.25,True
MPIX.JK,OK,emiten/cache_1m/MPIX.JK.csv,2877,2877,2025-08-11 09:00:00+07:00,2025-08-19 15:50:00+07:00,11910,411,76.64,True
MPMX.JK,OK,emiten/cache_1m/MPMX.JK.csv,2877,2877,2025-08-11 09:00:00+07:00,2025-08-19 15:50:00+07:00,9936,411,55.96,True
MPOW.JK,OK,emiten/cache_1m/MPOW.JK.csv,2877,2877,2025-08-11 09:00:00+07:00,2025-08-19 15:50:00+07:00,13002,411,16.55,True
MPPA.JK,OK,emiten/cache_1m/MPPA.JK.csv,2877,2877,2025-08-11 09:00:00+07:00,2025-08-19 15:50:00+07:00,6888,411,72.51,True
MPRO.JK,OK,emiten/cache_1m/MPRO.JK.csv,2877,2877,2025-08-11 09:00:00+07:00,2025-08-19 15:50:00+07:00,15708,411,11.68,True
MPXL.JK,OK,emiten/cache_1m/MPXL.JK.csv,2877,2877,2025-08-11 09:00:00+07:00,2025-08-19 15:50:00+07:00,14136,411,22.87,True
MRAT.JK,OK,emiten/cache_1m/MRAT.JK.csv,2877,2877,2025-08-11 09:00:00+07:00,2025-08-19 15:50:00+07:00,16128,411,14.36,True
MREI.JK,OK,emiten/cache_1m/MREI.JK.csv,2877,2877,2025-08-11 09:00:00+07:00,2025-08-19 15:50:00+07:00,16500,411,4.62,True
MSIN.JK,OK,emiten/cache_1m/MSIN.JK.csv,2877,2877,2025-08-11 09:00:00+07:00,2025-08-19 15:50:00+07:00,9342,411,55.47,True
MSJA.JK,OK,emiten/cache_1m/MSJA.JK.csv,2877,2877,2025-08-11 09:00:00+07:00,2025-08-19 15:50:00+07:00,16140,411,8.03,True
MSKY.JK,OK,emiten/cache_1m/MSKY.JK.csv,2877,2877,2025-08-11 09:00:00+07:00,2025-08-19 15:50:00+07:00,8742,411,58.15,True
MSTI.JK,OK,emiten/cache_1m/MSTI.JK.csv,2877,2877,2025-08-11 09:00:00+07:00,2025-08-19 15:50:00+07:00,11628,411,29.44,True
MTDL.JK,OK,emiten/cache_1m/MTDL.JK.csv,2877,2877,2025-08-11 09:00:00+07:00,2025-08-19 15:50:00+07:00,12114,411,46.47,True
MTEL.JK,OK,emiten/cache_1m/MTEL.JK.csv,2877,2877,2025-08-11 09:00:00+07:00,2025-08-19 15:50:00+07:00,7866,411,52.8,True
MTLA.JK,OK,emiten/cache_1m/MTLA.JK.csv,2877,2877,2025-08-11 09:00:00+07:00,2025-08-19 15:50:00+07:00,16962,411,1.95,True
MTMH.JK,OK,emiten/cache_1m/MTMH.JK.csv,2877,2877,2025-08-11 09:00:00+07:00,2025-08-19 15:50:00+07:00,16374,411,3.41,True
MTWI.JK,OK,emiten/cache_1m/MTWI.JK.csv,2877,2877,2025-08-11 09:00:00+07:00,2025-08-19 15:50:00+07:00,13590,411,40.39,True
MUTU.JK,OK,emiten/cache_1m/MUTU.JK.csv,2877,2877,2025-08-11 09:00:00+07:00,2025-08-19 15:50:00+07:00,15630,411,7.3,True
MYOH.JK,OK,emiten/cache_1m/MYOH.JK.csv,2877,2877,2025-08-11 09:00:00+07:00,2025-08-19 15:50:00+07:00,16902,411,9.25,True
MYOR.JK,OK,emiten/cache_1m/MYOR.JK.csv,2877,2877,2025-08-11 09:00:00+07:00,2025-08-19 15:50:00+07:00,7992,411,64.72,True
NAIK.JK,OK,emiten/cache_1m/NAIK.JK.csv,2877,2877,2025-08-11 09:00:00+07:00,2025-08-19 15:50:00+07:00,8304,411,76.89,True
NASI.JK,OK,emiten/cache_1m/NASI.JK.csv,2877,2877,2025-08-11 09:00:00+07:00,2025-08-19 15:50:00+07:00,11898,411,38.93,True
NATO.JK,OK,emiten/cache_1m/NATO.JK.csv,2877,2877,2025-08-11 09:00:00+07:00,2025-08-19 15:50:00+07:00,15312,411,19.46,True
NAYZ.JK,OK,emiten/cache_1m/NAYZ.JK.csv,2877,2877,2025-08-11 09:00:00+07:00,2025-08-19 15:50:00+07:00,12078,411,29.68,True
NCKL.JK,OK,emiten/cache_1m/NCKL.JK.csv,2877,2877,2025-08-11 09:00:00+07:00,2025-08-19 15:50:00+07:00,6174,411,77.13,True
NELY.JK,OK,emiten/cache_1m/NELY.JK.csv,2877,2877,2025-08-11 09:00:00+07:00,2025-08-19 15:50:00+07:00,14256,411,17.03,True
NEST.JK,OK,emiten/cache_1m/NEST.JK.csv,2877,2877,2025-08-11 09:00:00+07:00,2025-08-19 15:50:00+07:00,11046,411,43.8,True
NETV.JK,OK,emiten/cache_1m/NETV.JK.csv,2877,2877,2025-08-11 09:00:00+07:00,2025-08-19 15:50:00+07:00,12702,411,40.88,True
NFCX.JK,OK,emiten/cache_1m/NFCX.JK.csv,2877,2877,2025-08-11 09:00:00+07:00,2025-08-19 15:50:00+07:00,15900,411,10.71,True
NICE.JK,OK,emiten/cache_1m/NICE.JK.csv,2877,2877,2025-08-11 09:00:00+07:00,2025-08-19 15:50:00+07:00,10668,411,45.5,True
NICK.JK,OK,emiten/cache_1m/NICK.JK.csv,2877,2877,2025-08-11 09:00:00+07:00,2025-08-19 15:50:00+07:00,16290,411,7.3,True
NICL.JK,OK,emiten/cache_1m/NICL.JK.csv,2877,2877,2025-08-11 09:00:00+07:00,2025-08-19 15:50:00+07:00,7710,411,66.67,True
NIKL.JK,OK,emiten/cache_1m/NIKL.JK.csv,2877,2877,2025-08-11 09:00:00+07:00,2025-08-19 15:50:00+07:00,15276,411,14.11,True
NINE.JK,OK,emiten/cache_1m/NINE.JK.csv,2877,2877,2025-08-11 09:00:00+07:00,2025-08-19 15:50:00+07:00,6876,411,60.34,True
NIRO.JK,OK,emiten/cache_1m/NIRO.JK.csv,2877,2877,2025-08-11 09:00:00+07:00,2025-08-19 15:50:00+07:00,16722,411,6.57,True
NISP.JK,OK,emiten/cache_1m/NISP.JK.csv,2877,2877,2025-08-11 09:00:00+07:00,2025-08-19 15:50:00+07:00,9192,411,61.56,True
NOBU.JK,OK,emiten/cache_1m/NOBU.JK.csv,2877,2877,2025-08-11 09:00:00+07:00,2025-08-19 15:50:00+07:00,10920,411,37.47,True
NPGF.JK,OK,emiten/cache_1m/NPGF.JK.csv,2877,2877,2025-08-11 09:00:00+07:00,2025-08-19 15:50:00+07:00,11736,411,28.47,True
NRCA.JK,OK,emiten/cache_1m/NRCA.JK.csv,2877,2877,2025-08-11 09:00:00+07:00,2025-08-19 15:50:00+07:00,7020,411,64.96,True
NSSS.JK,OK,emiten/cache_1m/NSSS.JK.csv,2877,2877,2025-08-11 09:00:00+07:00,2025-08-19 15:50:00+07:00,11322,411,41.36,True
NTBK.JK,OK,emiten/cache_1m/NTBK.JK.csv,2877,2877,2025-08-11 09:00:00+07:00,2025-08-19 15:50:00+07:00,10302,411,75.43,True
NZIA.JK,OK,emiten/cache_1m/NZIA.JK.csv,2877,2877,2025-08-11 09:00:00+07:00,2025-08-19 15:50:00+07:00,11112,411,26.03,True
OASA.JK,OK,emiten/cache_1m/OASA.JK.csv,2877,2877,2025-08-11 09:00:00+07:00,2025-08-19 15:50:00+07:00,8676,411,69.34,True
OBAT.JK,OK,emiten/cache_1m/OBAT.JK.csv,2877,2877,2025-08-11 09:00:00+07:00,2025-08-19 15:50:00+07:00,10830,411,67.88,True
OBMD.JK,OK,emiten/cache_1m/OBMD.JK.csv,2877,2877,2025-08-11 09:00:00+07:00,2025-08-19 15:50:00+07:00,16086,411,6.81,True
OILS.JK,OK,emiten/cache_1m/OILS.JK.csv,2877,2877,2025-08-11 09:00:00+07:00,2025-08-19 15:50:00+07:00,9702,411,39.9,True
OKAS.JK,OK,emiten/cache_1m/OKAS.JK.csv,2877,2877,2025-08-11 09:00:00+07:00,2025-08-19 15:50:00+07:00,10326,411,42.58,True
OMED.JK,OK,emiten/cache_1m/OMED.JK.csv,2877,2877,2025-08-11 09:00:00+07:00,2025-08-19 15:50:00+07:00,14250,411,27.01,True
OMRE.JK,OK,emiten/cache_1m/OMRE.JK.csv,2877,2877,2025-08-11 09:00:00+07:00,2025-08-19 15:50:00+07:00,17256,411,0.24,True
OPMS.JK,OK,emiten/cache_1m/OPMS.JK.csv,2877,2877,2025-08-11 09:00:00+07:00,2025-08-19 15:50:00+07:00,10428,411,40.88,True
PACK.JK,OK,emiten/cache_1m/PACK.JK.csv,2877,2877,2025-08-11 09:00:00+07:00,2025-08-19 15:50:00+07:00,9066,411,61.31,True
PADI.JK,OK,emiten/cache_1m/PADI.JK.csv,2877,2877,2025-08-11 09:00:00+07:00,2025-08-19 15:50:00+07:00,17124,411,0.97,True
PALM.JK,OK,emiten/cache_1m/PALM.JK.csv,2877,2877,2025-08-11 09:00:00+07:00,2025-08-19 15:50:00+07:00,15558,411,14.11,True
PAMG.JK,OK,emiten/cache_1m/PAMG.JK.csv,2877,2877,2025-08-11 09:00:00+07:00,2025-08-19 15:50:00+07:00,8202,411,59.85,True
PANI.JK,OK,emiten/cache_1m/PANI.JK.csv,2877,2877,2025-08-11 09:00:00+07:00,2025-08-19 15:50:00+07:00,6180,411,77.62,True
PANR.JK,OK,emiten/cache_1m/PANR.JK.csv,2877,2877,2025-08-11 09:00:00+07:00,2025-08-19 15:50:00+07:00,9630,411,67.15,True
PART.JK,OK,emiten/cache_1m/PART.JK.csv,2877,2877,2025-08-11 09:00:00+07:00,2025-08-19 15:50:00+07:00,12042,411,59.37,True
PBID.JK,OK,emiten/cache_1m/PBID.JK.csv,2877,2877,2025-08-11 09:00:00+07:00,2025-08-19 15:50:00+07:00,14712,411,17.03,True
PBSA.JK,OK,emiten/cache_1m/PBSA.JK.csv,2877,2877,2025-08-11 09:00:00+07:00,2025-08-19 15:50:00+07:00,10920,411,68.61,True
PDES.JK,OK,emiten/cache_1m/PDES.JK.csv,2877,2877,2025-08-11 09:00:00+07:00,2025-08-19 15:50:00+07:00,16710,411,2.19,True
PDPP.JK,OK,emiten/cache_1m/PDPP.JK.csv,2877,2877,2025-08-11 09:00:00+07:00,2025-08-19 15:50:00+07:00,15588,411,10.46,True
PEGE.JK,OK,emiten/cache_1m/PEGE.JK.csv,2877,2877,2025-08-11 09:00:00+07:00,2025-08-19 15:50:00+07:00,15210,411,17.27,True
PEHA.JK,OK,emiten/cache_1m/PEHA.JK.csv,2877,2877,2025-08-11 09:00:00+07:00,2025-08-19 15:50:00+07:00,16338,411,6.08,True
PEVE.JK,OK,emiten/cache_1m/PEVE.JK.csv,2877,2877,2025-08-11 09:00:00+07:00,2025-08-19 15:50:00+07:00,14496,411,32.6,True
PGAS.JK,OK,emiten/cache_1m/PGAS.JK.csv,2877,2877,2025-08-11 09:00:00+07:00,2025-08-19 15:50:00+07:00,6246,411,77.13,True
PGEO.JK,OK,emiten/cache_1m/PGEO.JK.csv,2877,2877,2025-08-11 09:00:00+07:00,2025-08-19 15:50:00+07:00,6120,411,77.62,True
PGLI.JK,OK,emiten/cache_1m/PGLI.JK.csv,2877,2877,2025-08-11 09:00:00+07:00,2025-08-19 15:50:00+07:00,15786,411,18.25,True
PGUN.JK,OK,emiten/cache_1m/PGUN.JK.csv,2877,2877,2025-08-11 09:00:00+07:00,2025-08-19 15:50:00+07:00,17220,411,0.97,True
PICO.JK,OK,emiten/cache_1m/PICO.JK.csv,2877,2877,2025-08-11 09:00:00+07:00,2025-08-19 15:50:00+07:00,15714,411,11.19,True
PIPA.JK,OK,emiten/cache_1m/PIPA.JK.csv,2877,2877,2025-08-11 09:00:00+07:00,2025-08-19 15:50:00+07:00,17124,411,0.97,True
PJAA.JK,OK,emiten/cache_1m/PJAA.JK.csv,2877,2877,2025-08-11 09:00:00+07:00,2025-08-19 15:50:00+07:00,15846,411,18.49,True
PKPK.JK,OK,emiten/cache_1m/PKPK.JK.csv,2877,2877,2025-08-11 09:00:00+07:00,2025-08-19 15:50:00+07:00,16290,411,5.84,True
PMJS.JK,OK,emiten/cache_1m/PMJS.JK.csv,2877,2877,2025-08-11 09:00:00+07:00,2025-08-19 15:50:00+07:00,16368,411,5.11,True
PMMP.JK,OK,emiten/cache_1m/PMMP.JK.csv,2877,2877,2025-08-11 09:00:00+07:00,2025-08-19 15:50:00+07:00,17262,411,0.0,False
PMUI.JK,OK,emiten/cache_1m/PMUI.JK.csv,2877,2877,2025-08-11 09:00:00+07:00,2025-08-19 15:50:00+07:00,10104,411,38.93,True
PNBN.JK,OK,emiten/cache_1m/PNBN.JK.csv,2877,2877,2025-08-11 09:00:00+07:00,2025-08-19 15:50:00+07:00,9912,411,50.85,True
PNBS.JK,OK,emiten/cache_1m/PNBS.JK.csv,2877,2877,2025-08-11 09:00:00+07:00,2025-08-19 15:50:00+07:00,10644,411,61.8,True
PNGO.JK,OK,emiten/cache_1m/PNGO.JK.csv,2877,2877,2025-08-11 09:00:00+07:00,2025-08-19 15:50:00+07:00,15036,411,9.25,True
PNIN.JK,OK,emiten/cache_1m/PNIN.JK.csv,2877,2877,2025-08-11 09:00:00+07:00,2025-08-19 15:50:00+07:00,16002,411,10.71,True
PNLF.JK,OK,emiten/cache_1m/PNLF.JK.csv,2877,2877,2025-08-11 09:00:00+07:00,2025-08-19 15:50:00+07:00,6894,411,74.94,True
PNSE.JK,OK,emiten/cache_1m/PNSE.JK.csv,2877,2877,2025-08-11 09:00:00+07:00,2025-08-19 15:50:00+07:00,14718,411,14.36,True
POLI.JK,OK,emiten/cache_1m/POLI.JK.csv,2877,2877,2025-08-11 09:00:00+07:00,2025-08-19 15:50:00+07:00,16536,411,7.54,True
PORT.JK,OK,emiten/cache_1m/PORT.JK.csv,2877,2877,2025-08-11 09:00:00+07:00,2025-08-19 15:50:00+07:00,16554,411,7.54,True
POWR.JK,OK,emiten/cache_1m/POWR.JK.csv,2877,2877,2025-08-11 09:00:00+07:00,2025-08-19 15:50:00+07:00,10482,411,50.36,True
PPGL.JK,OK,emiten/cache_1m/PPGL.JK.csv,2877,2877,2025-08-11 09:00:00+07:00,2025-08-19 15:50:00+07:00,12774,411,40.39,True
PPRE.JK,OK,emiten/cache_1m/PPRE.JK.csv,2877,2877,2025-08-11 09:00:00+07:00,2025-08-19 15:50:00+07:00,7614,411,75.43,True
PPRI.JK,OK,emiten/cache_1m/PPRI.JK.csv,2877,2877,2025-08-11 09:00:00+07:00,2025-08-19 15:50:00+07:00,7494,411,53.77,True
PRAY.JK,OK,emiten/cache_1m/PRAY.JK.csv,2877,2877,2025-08-11 09:00:00+07:00,2025-08-19 15:50:00+07:00,16932,411,1.46,True
PRDA.JK,OK,emiten/cache_1m/PRDA.JK.csv,2877,2877,2025-08-11 09:00:00+07:00,2025-08-19 15:50:00+07:00,14616,411,11.68,True
PRIM.JK,OK,emiten/cache_1m/PRIM.JK.csv,2877,2877,2025-08-11 09:00:00+07:00,2025-08-19 15:50:00+07:00,12918,411,28.95,True
PSAB.JK,OK,emiten/cache_1m/PSAB.JK.csv,2877,2877,2025-08-11 09:00:00+07:00,2025-08-19 15:50:00+07:00,6630,411,77.62,True
PSAT.JK,OK,emiten/cache_1m/PSAT.JK.csv,2877,2877,2025-08-11 09:00:00+07:00,2025-08-19 15:50:00+07:00,8826,411,62.04,True
PSDN.JK,OK,emiten/cache_1m/PSDN.JK.csv,2877,2877,2025-08-11 09:00:00+07:00,2025-08-19 15:50:00+07:00,15186,411,27.49,True
PSGO.JK,OK,emiten/cache_1m/PSGO.JK.csv,2877,2877,2025-08-11 09:00:00+07:00,2025-08-19 15:50:00+07:00,14328,411,27.01,True
PSKT.JK,OK,emiten/cache_1m/PSKT.JK.csv,2877,2877,2025-08-11 09:00:00+07:00,2025-08-19 15:50:00+07:00,17124,411,0.97,True
PSSI.JK,OK,emiten/cache_1m/PSSI.JK.csv,2877,2877,2025-08-11 09:00:00+07:00,2025-08-19 15:50:00+07:00,15192,411,19.95,True
PTBA.JK,OK,emiten/cache_1m/PTBA.JK.csv,2877,2877,2025-08-11 09:00:00+07:00,2025-08-19 15:50:00+07:00,6264,411,77.13,True
PTIS.JK,OK,emiten/cache_1m/PTIS.JK.csv,2877,2877,2025-08-11 09:00:00+07:00,2025-08-19 15:50:00+07:00,16602,411,5.11,True
PTMP.JK,OK,emiten/cache_1m/PTMP.JK.csv,2877,2877,2025-08-11 09:00:00+07:00,2025-08-19 15:50:00+07:00,8040,411,65.69,True
PTPP.JK,OK,emiten/cache_1m/PTPP.JK.csv,2877,2877,2025-08-11 09:00:00+07:00,2025-08-19 15:50:00+07:00,7440,411,62.53,True
PTPS.JK,OK,emiten/cache_1m/PTPS.JK.csv,2877,2877,2025-08-11 09:00:00+07:00,2025-08-19 15:50:00+07:00,6810,411,73.97,True
PTPW.JK,OK,emiten/cache_1m/PTPW.JK.csv,2877,2877,2025-08-11 09:00:00+07:00,2025-08-19 15:50:00+07:00,17070,411,1.46,True
PTRO.JK,OK,emiten/cache_1m/PTRO.JK.csv,2877,2877,2025-08-11 09:00:00+07:00,2025-08-19 15:50:00+07:00,6144,411,76.89,True
PTSN.JK,OK,emiten/cache_1m/PTSN.JK.csv,2877,2877,2025-08-11 09:00:00+07:00,2025-08-19 15:50:00+07:00,14598,411,22.14,True
PTSP.JK,OK,emiten/cache_1m/PTSP.JK.csv,2877,2877,2025-08-11 09:00:00+07:00,2025-08-19 15:50:00+07:00,16554,411,4.62,True
PUDP.JK,OK,emiten/cache_1m/PUDP.JK.csv,2877,2877,2025-08-11 09:00:00+07:00,2025-08-19 15:50:00+07:00,16704,411,9.49,True
PURI.JK,OK,emiten/cache_1m/PURI.JK.csv,2877,2877,2025-08-11 09:00:00+07:00,2025-08-19 15:50:00+07:00,15480,411,32.12,True
PWON.JK,OK,emiten/cache_1m/PWON.JK.csv,2877,2877,2025-08-11 09:00:00+07:00,2025-08-19 15:50:00+07:00,6192,411,77.62,True
PYFA.JK,OK,emiten/cache_1m/PYFA.JK.csv,2877,2877,2025-08-11 09:00:00+07:00,2025-08-19 15:50:00+07:00,10968,411,65.94,True
PZZA.JK,OK,emiten/cache_1m/PZZA.JK.csv,2877,2877,2025-08-11 09:00:00+07:00,2025-08-19 15:50:00+07:00,12024,411,65.94,True
RAAM.JK,OK,emiten/cache_1m/RAAM.JK.csv,2877,2877,2025-08-11 09:00:00+07:00,2025-08-19 15:50:00+07:00,10902,411,40.39,True
RAJA.JK,OK,emiten/cache_1m/RAJA.JK.csv,2877,2877,2025-08-11 09:00:00+07:00,2025-08-19 15:50:00+07:00,6174,411,77.62,True
RALS.JK,OK,emiten/cache_1m/RALS.JK.csv,2877,2877,2025-08-11 09:00:00+07:00,2025-08-19 15:50:00+07:00,10974,411,37.96,True
RANC.JK,OK,emiten/cache_1m/RANC.JK.csv,2877,2877,2025-08-11 09:00:00+07:00,2025-08-19 15:50:00+07:00,16866,411,3.16,True
RATU.JK,OK,emiten/cache_1m/RATU.JK.csv,2877,2877,2025-08-11 09:00:00+07:00,2025-08-19 15:50:00+07:00,6294,411,76.89,True
RCCC.JK,OK,emiten/cache_1m/RCCC.JK.csv,2877,2877,2025-08-11 09:00:00+07:00,2025-08-19 15:50:00+07:00,14586,411,47.45,True
RDTX.JK,OK,emiten/cache_1m/RDTX.JK.csv,2877,2877,2025-08-11 09:00:00+07:00,2025-08-19 15:50:00+07:00,15498,411,8.27,True
RELI.JK,OK,emiten/cache_1m/RELI.JK.csv,2877,2877,2025-08-11 09:00:00+07:00,2025-08-19 15:50:00+07:00,15360,411,12.41,True
RGAS.JK,OK,emiten/cache_1m/RGAS.JK.csv,2877,2877,2025-08-11 09:00:00+07:00,2025-08-19 15:50:00+07:00,12696,411,34.06,True
RIGS.JK,OK,emiten/cache_1m/RIGS.JK.csv,2877,2877,2025-08-11 09:00:00+07:00,2025-08-19 15:50:00+07:00,16176,411,16.79,True
RISE.JK,OK,emiten/cache_1m/RISE.JK.csv,2877,2877,2025-08-11 09:00:00+07:00,2025-08-19 15:50:00+07:00,15546,411,14.6,True
RMKE.JK,OK,emiten/cache_1m/RMKE.JK.csv,2877,2877,2025-08-11 09:00:00+07:00,2025-08-19 15:50:00+07:00,13638,411,26.03,True
RMKO.JK,OK,emiten/cache_1m/RMKO.JK.csv,2877,2877,2025-08-11 09:00:00+07:00,2025-08-19 15:50:00+07:00,15660,411,8.27,True
ROCK.JK,OK,emiten/cache_1m/ROCK.JK.csv,2877,2877,2025-08-11 09:00:00+07:00,2025-08-19 15:50:00+07:00,17262,411,0.0,False
ROTI.JK,OK,emiten/cache_1m/ROTI.JK.csv,2877,2877,2025-08-11 09:00:00+07:00,2025-08-19 15:50:00+07:00,14274,411,39.42,True
RSCH.JK,OK,emiten/cache_1m/RSCH.JK.csv,2877,2877,2025-08-11 09:00:00+07:00,2025-08-19 15:50:00+07:00,15300,411,10.46,True
RUIS.JK,OK,emiten/cache_1m/RUIS.JK.csv,2877,2877,2025-08-11 09:00:00+07:00,2025-08-19 15:50:00+07:00,14184,411,32.36,True
RUNS.JK,OK,emiten/cache_1m/RUNS.JK.csv,2877,2877,2025-08-11 09:00:00+07:00,2025-08-19 15:50:00+07:00,14046,411,29.2,True
SAFE.JK,OK,emiten/cache_1m/SAFE.JK.csv,2877,2877,2025-08-11 09:00:00+07:00,2025-08-19 15:50:00+07:00,13848,411,28.95,True
SAME.JK,OK,emiten/cache_1m/SAME.JK.csv,2877,2877,2025-08-11 09:00:00+07:00,2025-08-19 15:50:00+07:00,13134,411,63.02,True
SAMF.JK,OK,emiten/cache_1m/SAMF.JK.csv,2877,2877,2025-08-11 09:00:00+07:00,2025-08-19 15:50:00+07:00,16158,411,13.38,True
SAPX.JK,OK,emiten/cache_1m/SAPX.JK.csv,2877,2877,2025-08-11 09:00:00+07:00,2025-08-19 15:50:00+07:00,14196,411,24.82,True
SATU.JK,OK,emiten/cache_1m/SATU.JK.csv,2877,2877,2025-08-11 09:00:00+07:00,2025-08-19 15:50:00+07:00,16038,411,6.81,True
SBMA.JK,OK,emiten/cache_1m/SBMA.JK.csv,2877,2877,2025-08-11 09:00:00+07:00,2025-08-19 15:50:00+07:00,14544,411,17.03,True
SCCO.JK,OK,emiten/cache_1m/SCCO.JK.csv,2877,2877,2025-08-11 09:00:00+07:00,2025-08-19 15:50:00+07:00,15708,411,12.17,True
SCMA.JK,OK,emiten/cache_1m/SCMA.JK.csv,2877,2877,2025-08-11 09:00:00+07:00,2025-08-19 15:50:00+07:00,6144,411,77.62,True
SCNP.JK,OK,emiten/cache_1m/SCNP.JK.csv,2877,2877,2025-08-11 09:00:00+07:00,2025-08-19 15:50:00+07:00,16248,411,8.76,True
SDPC.JK,OK,emiten/cache_1m/SDPC.JK.csv,2877,2877,2025-08-11 09:00:00+07:00,2025-08-19 15:50:00+07:00,16722,411,4.87,True
SDRA.JK,OK,emiten/cache_1m/SDRA.JK.csv,2877,2877,2025-08-11 09:00:00+07:00,2025-08-19 15:50:00+07:00,15642,411,14.11,True
SEMA.JK,OK,emiten/cache_1m/SEMA.JK.csv,2877,2877,2025-08-11 09:00:00+07:00,2025-08-19 15:50:00+07:00,15828,411,8.52,True
SFAN.JK,OK,emiten/cache_1m/SFAN.JK.csv,2877,2877,2025-08-11 09:00:00+07:00,2025-08-19 15:50:00+07:00,16686,411,7.06,True
SGER.JK,OK,emiten/cache_1m/SGER.JK.csv,2877,2877,2025-08-11 09:00:00+07:00,2025-08-19 15:50:00+07:00,8148,411,54.5,True
SGRO.JK,OK,emiten/cache_1m/SGRO.JK.csv,2877,2877,2025-08-11 09:00:00+07:00,2025-08-19 15:50:00+07:00,8736,411,73.97,True
SHID.JK,OK,emiten/cache_1m/SHID.JK.csv,2877,2877,2025-08-11 09:00:00+07:00,2025-08-19 15:50:00+07:00,15984,411,7.3,True
SHIP.JK,OK,emiten/cache_1m/SHIP.JK.csv,2877,2877,2025-08-11 09:00:00+07:00,2025-08-19 15:50:00+07:00,14748,411,33.33,True
SICO.JK,OK,emiten/cache_1m/SICO.JK.csv,2877,2877,2025-08-11 09:00:00+07:00,2025-08-19 15:50:00+07:00,13056,411,29.93,True
SIDO.JK,OK,emiten/cache_1m/SIDO.JK.csv,2877,2877,2025-08-11 09:00:00+07:00,2025-08-19 15:50:00+07:00,6306,411,76.89,True
SILO.JK,OK,emiten/cache_1m/SILO.JK.csv,2877,2877,2025-08-11 09:00:00+07:00,2025-08-19 15:50:00+07:00,11646,411,72.75,True
SIMP.JK,OK,emiten/cache_1m/SIMP.JK.csv,2877,2877,2025-08-11 09:00:00+07:00,2025-08-19 15:50:00+07:00,7230,411,75.43,True
SINI.JK,OK,emiten/cache_1m/SINI.JK.csv,2877,2877,2025-08-11 09:00:00+07:00,2025-08-19 15:50:00+07:00,16890,411,11.19,True
SIPD.JK,OK,emiten/cache_1m/SIPD.JK.csv,2877,2877,2025-08-11 09:00:00+07:00,2025-08-19 15:50:00+07:00,17208,411,0.97,True
SKBM.JK,OK,emiten/cache_1m/SKBM.JK.csv,2877,2877,2025-08-11 09:00:00+07:00,2025-08-19 15:50:00+07:00,15804,411,28.47,True
SKLT.JK,OK,emiten/cache_1m/SKLT.JK.csv,2877,2877,2025-08-11 09:00:00+07:00,2025-08-19 15:50:00+07:00,16236,411,18.25,True
SKRN.JK,OK,emiten/cache_1m/SKRN.JK.csv,2877,2877,2025-08-11 09:00:00+07:00,2025-08-19 15:50:00+07:00,14886,411,14.84,True
SLIS.JK,OK,emiten/cache_1m/SLIS.JK.csv,2877,2877,2025-08-11 09:00:00+07:00,2025-08-19 15:50:00+07:00,9504,411,71.78,True
SMAR.JK,OK,emiten/cache_1m/SMAR.JK.csv,2877,2877,2025-08-11 09:00:00+07:00,2025-08-19 15:50:00+07:00,12828,411,49.39,True
SMBR.JK,OK,emiten/cache_1m/SMBR.JK.csv,2877,2877,2025-08-11 09:00:00+07:00,2025-08-19 15:50:00+07:00,7752,411,63.5,True
SMDM.JK,OK,emiten/cache_1m/SMDM.JK.csv,2877,2877,2025-08-11 09:00:00+07:00,2025-08-19 15:50:00+07:00,12432,411,20.68,True
SMDR.JK,OK,emiten/cache_1m/SMDR.JK.csv,2877,2877,2025-08-11 09:00:00+07:00,2025-08-19 15:50:00+07:00,7422,411,67.88,True
SMGA.JK,OK,emiten/cache_1m/SMGA.JK.csv,2877,2877,2025-08-11 09:00:00+07:00,2025-08-19 15:50:00+07:00,6930,411,70.07,True
SMGR.JK,OK,emiten/cache_1m/SMGR.JK.csv,2877,2877,2025-08-11 09:00:00+07:00,2025-08-19 15:50:00+07:00,7128,411,68.61,True
SMIL.JK,OK,emiten/cache_1m/SMIL.JK.csv,2877,2877,2025-08-11 09:00:00+07:00,2025-08-19 15:50:00+07:00,7278,411,66.42,True
SMKL.JK,OK,emiten/cache_1m/SMKL.JK.csv,2877,2877,2025-08-11 09:00:00+07:00,2025-08-19 15:50:00+07:00,16728,411,4.62,True
SMKM.JK,OK,emiten/cache_1m/SMKM.JK.csv,2877,2877,2025-08-11 09:00:00+07:00,2025-08-19 15:50:00+07:00,12918,411,24.82,True
SMLE.JK,OK,emiten/cache_1m/SMLE.JK.csv,2877,2877,2025-08-11 09:00:00+07:00,2025-08-19 15:50:00+07:00,10596,411,62.53,True
SMMA.JK,OK,emiten/cache_1m/SMMA.JK.csv,2877,2877,2025-08-11 09:00:00+07:00,2025-08-19 15:50:00+07:00,13380,411,13.14,True
SMMT.JK,OK,emiten/cache_1m/SMMT.JK.csv,2877,2877,2025-08-11 09:00:00+07:00,2025-08-19 15:50:00+07:00,15990,411,8.03,True
SMRA.JK,OK,emiten/cache_1m/SMRA.JK.csv,2877,2877,2025-08-11 09:00:00+07:00,2025-08-19 15:50:00+07:00,6330,411,76.64,True
SMSM.JK,OK,emiten/cache_1m/SMSM.JK.csv,2877,2877,2025-08-11 09:00:00+07:00,2025-08-19 15:50:00+07:00,10344,411,53.77,True
SNLK.JK,OK,emiten/cache_1m/SNLK.JK.csv,2877,2877,2025-08-11 09:00:00+07:00,2025-08-19 15:50:00+07:00,15216,411,18.0,True
SOCI.JK,OK,emiten/cache_1m/SOCI.JK.csv,2877,2877,2025-08-11 09:00:00+07:00,2025-08-19 15:50:00+07:00,13938,411,37.47,True
SOHO.JK,OK,emiten/cache_1m/SOHO.JK.csv,2877,2877,2025-08-11 09:00:00+07:00,2025-08-19 15:50:00+07:00,16524,411,6.81,True
SOLA.JK,OK,emiten/cache_1m/SOLA.JK.csv,2877,2877,2025-08-11 09:00:00+07:00,2025-08-19 15:50:00+07:00,6144,411,77.62,True
SONA.JK,OK,emiten/cache_1m/SONA.JK.csv,2877,2877,2025-08-11 09:00:00+07:00,2025-08-19 15:50:00+07:00,14508,411,27.74,True
SOSS.JK,OK,emiten/cache_1m/SOSS.JK.csv,2877,2877,2025-08-11 09:00:00+07:00,2025-08-19 15:50:00+07:00,13686,411,22.87,True
SOTS.JK,OK,emiten/cache_1m/SOTS.JK.csv,2877,2877,2025-08-11 09:00:00+07:00,2025-08-19 15:50:00+07:00,16902,411,3.89,True
SOUL.JK,OK,emiten/cache_1m/SOUL.JK.csv,2877,2877,2025-08-11 09:00:00+07:00,2025-08-19 15:50:00+07:00,12024,411,41.36,True
SPMA.JK,OK,emiten/cache_1m/SPMA.JK.csv,2877,2877,2025-08-11 09:00:00+07:00,2025-08-19 15:50:00+07:00,15084,411,30.9,True
SPRE.JK,OK,emiten/cache_1m/SPRE.JK.csv,2877,2877,2025-08-11 09:00:00+07:00,2025-08-19 15:50:00+07:00,14400,411,21.65,True
SPTO.JK,OK,emiten/cache_1m/SPTO.JK.csv,2877,2877,2025-08-11 09:00:00+07:00,2025-08-19 15:50:00+07:00,13866,411,21.17,True
SRAJ.JK,OK,emiten/cache_1m/SRAJ.JK.csv,2877,2877,2025-08-11 09:00:00+07:00,2025-08-19 15:50:00+07:00,13668,411,36.74,True
SRSN.JK,OK,emiten/cache_1m/SRSN.JK.csv,2877,2877,2025-08-11 09:00:00+07:00,2025-08-19 15:50:00+07:00,12570,411,33.09,True
SRTG.JK,OK,emiten/cache_1m/SRTG.JK.csv,2877,2877,2025-08-11 09:00:00+07:00,2025-08-19 15:50:00+07:00,7296,411,57.66,True
SSIA.JK,OK,emiten/cache_1m/SSIA.JK.csv,2877,2877,2025-08-11 09:00:00+07:00,2025-08-19 15:50:00+07:00,6138,411,76.89,True
SSMS.JK,OK,emiten/cache_1m/SSMS.JK.csv,2877,2877,2025-08-11 09:00:00+07:00,2025-08-19 15:50:00+07:00,10356,411,62.29,True
SSTM.JK,OK,emiten/cache_1m/SSTM.JK.csv,2877,2877,2025-08-11 09:00:00+07:00,2025-08-19 15:50:00+07:00,15996,411,16.3,True
STAA.JK,OK,emiten/cache_1m/STAA.JK.csv,2877,2877,2025-08-11 09:00:00+07:00,2025-08-19 15:50:00+07:00,10620,411,48.18,True
STRK.JK,OK,emiten/cache_1m/STRK.JK.csv,2877,2877,2025-08-11 09:00:00+07:00,2025-08-19 15:50:00+07:00,9528,411,39.66,True
STTP.JK,OK,emiten/cache_1m/STTP.JK.csv,2877,2877,2025-08-11 09:00:00+07:00,2025-08-19 15:50:00+07:00,16350,411,19.71,True
SULI.JK,OK,emiten/cache_1m/SULI.JK.csv,2877,2877,2025-08-11 09:00:00+07:00,2025-08-19 15:50:00+07:00,15654,411,22.63,True
SUNI.JK,OK,emiten/cache_1m/SUNI.JK.csv,2877,2877,2025-08-11 09:00:00+07:00,2025-08-19 15:50:00+07:00,15306,411,13.63,True
SURE.JK,OK,emiten/cache_1m/SURE.JK.csv,2877,2877,2025-08-11 09:00:00+07:00,2025-08-19 15:50:00+07:00,14922,411,8.52,True
SURI.JK,OK,emiten/cache_1m/SURI.JK.csv,2877,2877,2025-08-11 09:00:00+07:00,2025-08-19 15:50:00+07:00,6162,411,77.62,True
SWID.JK,OK,emiten/cache_1m/SWID.JK.csv,2877,2877,2025-08-11 09:00:00+07:00,2025-08-19 15:50:00+07:00,10002,411,67.4,True
TALF.JK,OK,emiten/cache_1m/TALF.JK.csv,2877,2877,2025-08-11 09:00:00+07:00,2025-08-19 15:50:00+07:00,16944,411,4.14,True
TAPG.JK,OK,emiten/cache_1m/TAPG.JK.csv,2877,2877,2025-08-11 09:00:00+07:00,2025-08-19 15:50:00+07:00,6222,411,77.62,True
TAYS.JK,OK,emiten/cache_1m/TAYS.JK.csv,2877,2877,2025-08-11 09:00:00+07:00,2025-08-19 15:50:00+07:00,11424,411,26.03,True
TBIG.JK,OK,emiten/cache_1m/TBIG.JK.csv,2877,2877,2025-08-11 09:00:00+07:00,2025-08-19 15:50:00+07:00,14940,411,18.73,True
TBLA.JK,OK,emiten/cache_1m/TBLA.JK.csv,2877,2877,2025-08-11 09:00:00+07:00,2025-08-19 15:50:00+07:00,11412,411,46.96,True
TBMS.JK,OK,emiten/cache_1m/TBMS.JK.csv,2877,2877,2025-08-11 09:00:00+07:00,2025-08-19 15:50:00+07:00,15594,411,8.27,True
TCID.JK,OK,emiten/cache_1m/TCID.JK.csv,2877,2877,2025-08-11 09:00:00+07:00,2025-08-19 15:50:00+07:00,16722,411,10.22,True
TCPI.JK,OK,emiten/cache_1m/TCPI.JK.csv,2877,2877,2025-08-11 09:00:00+07:00,2025-08-19 15:50:00+07:00,13854,411,28.71,True
TEBE.JK,OK,emiten/cache_1m/TEBE.JK.csv,2877,2877,2025-08-11 09:00:00+07:00,2025-08-19 15:50:00+07:00,10134,411,51.09,True
TFAS.JK,OK,emiten/cache_1m/TFAS.JK.csv,2877,2877,2025-08-11 09:00:00+07:00,2025-08-19 15:50:00+07:00,15438,411,13.63,True
TFCO.JK,OK,emiten/cache_1m/TFCO.JK.csv,2877,2877,2025-08-11 09:00:00+07:00,2025-08-19 15:50:00+07:00,17262,411,0.0,False
TGKA.JK,OK,emiten/cache_1m/TGKA.JK.csv,2877,2877,2025-08-11 09:00:00+07:00,2025-08-19 15:50:00+07:00,17046,411,0.73,True
TGUK.JK,OK,emiten/cache_1m/TGUK.JK.csv,2877,2877,2025-08-11 09:00:00+07:00,2025-08-19 15:50:00+07:00,17262,411,0.0,False
TIFA.JK,OK,emiten/cache_1m/TIFA.JK.csv,2877,2877,2025-08-11 09:00:00+07:00,2025-08-19 15:50:00+07:00,14472,411,26.28,True
TINS.JK,OK,emiten/cache_1m/TINS.JK.csv,2877,2877,2025-08-11 09:00:00+07:00,2025-08-19 15:50:00+07:00,8334,411,55.72,True
TIRA.JK,OK,emiten/cache_1m/TIRA.JK.csv,2877,2877,2025-08-11 09:00:00+07:00,2025-08-19 15:50:00+07:00,15378,411,33.09,True
TKIM.JK,OK,emiten/cache_1m/TKIM.JK.csv,2877,2877,2025-08-11 09:00:00+07:00,2025-08-19 15:50:00+07:00,8664,411,41.36,True
TLDN.JK,OK,emiten/cache_1m/TLDN.JK.csv,2877,2877,2025-08-11 09:00:00+07:00,2025-08-19 15:50:00+07:00,13128,411,50.61,True
TLKM.JK,OK,emiten/cache_1m/TLKM.JK.csv,2877,2877,2025-08-11 09:00:00+07:00,2025-08-19 15:50:00+07:00,6126,411,77.62,True
TMAS.JK,OK,emiten/cache_1m/TMAS.JK.csv,2877,2877,2025-08-11 09:00:00+07:00,2025-08-19 15:50:00+07:00,12084,411,66.42,True
TMPO.JK,OK,emiten/cache_1m/TMPO.JK.csv,2877,2877,2025-08-11 09:00:00+07:00,2025-08-19 15:50:00+07:00,12960,411,42.09,True
TNCA.JK,OK,emiten/cache_1m/TNCA.JK.csv,2877,2877,2025-08-11 09:00:00+07:00,2025-08-19 15:50:00+07:00,9222,411,60.83,True
TOBA.JK,OK,emiten/cache_1m/TOBA.JK.csv,2877,2877,2025-08-11 09:00:00+07:00,2025-08-19 15:50:00+07:00,6168,411,77.37,True
TOOL.JK,OK,emiten/cache_1m/TOOL.JK.csv,2877,2877,2025-08-11 09:00:00+07:00,2025-08-19 15:50:00+07:00,11712,411,20.92,True
TOSK.JK,OK,emiten/cache_1m/TOSK.JK.csv,2877,2877,2025-08-11 09:00:00+07:00,2025-08-19 15:50:00+07:00,10290,411,76.16,True
TOTL.JK,OK,emiten/cache_1m/TOTL.JK.csv,2877,2877,2025-08-11 09:00:00+07:00,2025-08-19 15:50:00+07:00,12714,411,32.36,True
TOTO.JK,OK,emiten/cache_1m/TOTO.JK.csv,2877,2877,2025-08-11 09:00:00+07:00,2025-08-19 15:50:00+07:00,12948,411,25.3,True
TOWR.JK,OK,emiten/cache_1m/TOWR.JK.csv,2877,2877,2025-08-11 09:00:00+07:00,2025-08-19 15:50:00+07:00,6786,411,72.99,True
TPIA.JK,OK,emiten/cache_1m/TPIA.JK.csv,2877,2877,2025-08-11 09:00:00+07:00,2025-08-19 15:50:00+07:00,6402,411,76.64,True
TPMA.JK,OK,emiten/cache_1m/TPMA.JK.csv,2877,2877,2025-08-11 09:00:00+07:00,2025-08-19 15:50:00+07:00,9324,411,51.58,True
TRGU.JK,OK,emiten/cache_1m/TRGU.JK.csv,2877,2877,2025-08-11 09:00:00+07:00,2025-08-19 15:50:00+07:00,16728,411,2.68,True
TRIM.JK,OK,emiten/cache_1m/TRIM.JK.csv,2877,2877,2025-08-11 09:00:00+07:00,2025-08-19 15:50:00+07:00,16716,411,6.33,True
TRIN.JK,OK,emiten/cache_1m/TRIN.JK.csv,2877,2877,2025-08-11 09:00:00+07:00,2025-08-19 15:50:00+07:00,14826,411,35.77,True
TRIS.JK,OK,emiten/cache_1m/TRIS.JK.csv,2877,2877,2025-08-11 09:00:00+07:00,2025-08-19 15:50:00+07:00,16404,411,4.62,True
TRJA.JK,OK,emiten/cache_1m/TRJA.JK.csv,2877,2877,2025-08-11 09:00:00+07:00,2025-08-19 15:50:00+07:00,16170,411,7.79,True
TRON.JK,OK,emiten/cache_1m/TRON.JK.csv,2877,2877,2025-08-11 09:00:00+07:00,2025-08-19 15:50:00+07:00,12864,411,31.63,True
TRST.JK,OK,emiten/cache_1m/TRST.JK.csv,2877,2877,2025-08-11 09:00:00+07:00,2025-08-19 15:50:00+07:00,17058,411,0.24,True
TRUK.JK,OK,emiten/cache_1m/TRUK.JK.csv,2877,2877,2025-08-11 09:00:00+07:00,2025-08-19 15:50:00+07:00,15078,411,9.49,True
TRUS.JK,OK,emiten/cache_1m/TRUS.JK.csv,2877,2877,2025-08-11 09:00:00+07:00,2025-08-19 15:50:00+07:00,16152,411,7.54,True
TSPC.JK,OK,emiten/cache_1m/TSPC.JK.csv,2877,2877,2025-08-11 09:00:00+07:00,2025-08-19 15:50:00+07:00,12024,411,46.72,True
TUGU.JK,OK,emiten/cache_1m/TUGU.JK.csv,2877,2877,2025-08-11 09:00:00+07:00,2025-08-19 15:50:00+07:00,11850,411,33.33,True
TYRE.JK,OK,emiten/cache_1m/TYRE.JK.csv,2877,2877,2025-08-11 09:00:00+07:00,2025-08-19 15:50:00+07:00,16422,411,6.33,True
UANG.JK,OK,emiten/cache_1m/UANG.JK.csv,2877,2877,2025-08-11 09:00:00+07:00,2025-08-19 15:50:00+07:00,14040,411,0.0,False
UCID.JK,OK,emiten/cache_1m/UCID.JK.csv,2877,2877,2025-08-11 09:00:00+07:00,2025-08-19 15:50:00+07:00,13872,411,66.42,True
UDNG.JK,OK,emiten/cache_1m/UDNG.JK.csv,2877,2877,2025-08-11 09:00:00+07:00,2025-08-19 15:50:00+07:00,14130,411,0.0,False
UFOE.JK,OK,emiten/cache_1m/UFOE.JK.csv,2877,2877,2025-08-11 09:00:00+07:00,2025-08-19 15:50:00+07:00,15432,411,13.63,True
ULTJ.JK,OK,emiten/cache_1m/ULTJ.JK.csv,2877,2877,2025-08-11 09:00:00+07:00,2025-08-19 15:50:00+07:00,9708,411,56.2,True
UNIC.JK,OK,emiten/cache_1m/UNIC.JK.csv,2877,2877,2025-08-11 09:00:00+07:00,2025-08-19 15:50:00+07:00,17016,411,1.22,True
UNIQ.JK,OK,emiten/cache_1m/UNIQ.JK.csv,2877,2877,2025-08-11 09:00:00+07:00,2025-08-19 15:50:00+07:00,11106,411,39.9,True
UNSP.JK,OK,emiten/cache_1m/UNSP.JK.csv,2877,2877,2025-08-11 09:00:00+07:00,2025-08-19 15:50:00+07:00,17112,411,2.19,True
UNTD.JK,OK,emiten/cache_1m/UNTD.JK.csv,2877,2877,2025-08-11 09:00:00+07:00,2025-08-19 15:50:00+07:00,11154,411,47.69,True
UNTR.JK,OK,emiten/cache_1m/UNTR.JK.csv,2877,2877,2025-08-11 09:00:00+07:00,2025-08-19 15:50:00+07:00,6756,411,77.62,True
UNVR.JK,OK,emiten/cache_1m/UNVR.JK.csv,2877,2877,2025-08-11 09:00:00+07:00,2025-08-19 15:50:00+07:00,6294,411,77.62,True
URBN.JK,OK,emiten/cache_1m/URBN.JK.csv,2877,2877,2025-08-11 09:00:00+07:00,2025-08-19 15:50:00+07:00,16626,411,10.22,True
UVCR.JK,OK,emiten/cache_1m/UVCR.JK.csv,2877,2877,2025-08-11 09:00:00+07:00,2025-08-19 15:50:00+07:00,14478,411,23.84,True
VAST.JK,OK,emiten/cache_1m/VAST.JK.csv,2877,2877,2025-08-11 09:00:00+07:00,2025-08-19 15:50:00+07:00,11502,411,37.47,True
VERN.JK,OK,emiten/cache_1m/VERN.JK.csv,2877,2877,2025-08-11 09:00:00+07:00,2025-08-19 15:50:00+07:00,14478,411,20.68,True
VICI.JK,OK,emiten/cache_1m/VICI.JK.csv,2877,2877,2025-08-11 09:00:00+07:00,2025-08-19 15:50:00+07:00,15396,411,34.79,True
VICO.JK,OK,emiten/cache_1m/VICO.JK.csv,2877,2877,2025-08-11 09:00:00+07:00,2025-08-19 15:50:00+07:00,14298,411,25.79,True
VINS.JK,OK,emiten/cache_1m/VINS.JK.csv,2877,2877,2025-08-11 09:00:00+07:00,2025-08-19 15:50:00+07:00,16554,411,2.43,True
VISI.JK,OK,emiten/cache_1m/VISI.JK.csv,2877,2877,2025-08-11 09:00:00+07:00,2025-08-19 15:50:00+07:00,14178,411,18.73,True
VKTR.JK,OK,emiten/cache_1m/VKTR.JK.csv,2877,2877,2025-08-11 09:00:00+07:00,2025-08-19 15:50:00+07:00,10584,411,65.45,True
VOKS.JK,OK,emiten/cache_1m/VOKS.JK.csv,2877,2877,2025-08-11 09:00:00+07:00,2025-08-19 15:50:00+07:00,16368,411,1.7,True
VRNA.JK,OK,emiten/cache_1m/VRNA.JK.csv,2877,2877,2025-08-11 09:00:00+07:00,2025-08-19 15:50:00+07:00,15132,411,27.74,True
VTNY.JK,OK,emiten/cache_1m/VTNY.JK.csv,2877,2877,2025-08-11 09:00:00+07:00,2025-08-19 15:50:00+07:00,10302,411,46.96,True
WAPO.JK,OK,emiten/cache_1m/WAPO.JK.csv,2877,2877,2025-08-11 09:00:00+07:00,2025-08-19 15:50:00+07:00,14544,411,31.39,True
WEGE.JK,OK,emiten/cache_1m/WEGE.JK.csv,2877,2877,2025-08-11 09:00:00+07:00,2025-08-19 15:50:00+07:00,7044,411,60.83,True
WEHA.JK,OK,emiten/cache_1m/WEHA.JK.csv,2877,2877,2025-08-11 09:00:00+07:00,2025-08-19 15:50:00+07:00,15330,411,9.49,True
WGSH.JK,OK,emiten/cache_1m/WGSH.JK.csv,2877,2877,2025-08-11 09:00:00+07:00,2025-08-19 15:50:00+07:00,15600,411,8.52,True
WIFI.JK,OK,emiten/cache_1m/WIFI.JK.csv,2877,2877,2025-08-11 09:00:00+07:00,2025-08-19 15:50:00+07:00,6120,411,77.62,True
WIIM.JK,OK,emiten/cache_1m/WIIM.JK.csv,2877,2877,2025-08-11 09:00:00+07:00,2025-08-19 15:50:00+07:00,14118,411,33.33,True
WINE.JK,OK,emiten/cache_1m/WINE.JK.csv,2877,2877,2025-08-11 09:00:00+07:00,2025-08-19 15:50:00+07:00,14940,411,27.74,True
WINS.JK,OK,emiten/cache_1m/WINS.JK.csv,2877,2877,2025-08-11 09:00:00+07:00,2025-08-19 15:50:00+07:00,11766,411,48.18,True
WIRG.JK,OK,emiten/cache_1m/WIRG.JK.csv,2877,2877,2025-08-11 09:00:00+07:00,2025-08-19 15:50:00+07:00,6162,411,77.62,True
WOMF.JK,OK,emiten/cache_1m/WOMF.JK.csv,2877,2877,2025-08-11 09:00:00+07:00,2025-08-19 15:50:00+07:00,16110,411,18.25,True
WOOD.JK,OK,emiten/cache_1m/WOOD.JK.csv,2877,2877,2025-08-11 09:00:00+07:00,2025-08-19 15:50:00+07:00,14058,411,32.36,True
WOWS.JK,OK,emiten/cache_1m/WOWS.JK.csv,2877,2877,2025-08-11 09:00:00+07:00,2025-08-19 15:50:00+07:00,17124,411,0.97,True
WTON.JK,OK,emiten/cache_1m/WTON.JK.csv,2877,2877,2025-08-11 09:00:00+07:00,2025-08-19 15:50:00+07:00,8658,411,38.69,True
YOII.JK,OK,emiten/cache_1m/YOII.JK.csv,2877,2877,2025-08-11 09:00:00+07:00,2025-08-19 15:50:00+07:00,12762,411,19.22,True
YPAS.JK,OK,emiten/cache_1m/YPAS.JK.csv,2877,2877,2025-08-11 09:00:00+07:00,2025-08-19 15:50:00+07:00,17220,411,0.24,True
YULE.JK,OK,emiten/cache_1m/YULE.JK.csv,2877,2877,2025-08-11 09:00:00+07:00,2025-08-19 15:50:00+07:00,16992,411,9.73,True
YUPI.JK,OK,emiten/cache_1m/YUPI.JK.csv,2877,2877,2025-08-11 09:00:00+07:00,2025-08-19 15:50:00+07:00,15078,411,11.92,True
ZBRA.JK,OK,emiten/cache_1m/ZBRA.JK.csv,2877,2877,2025-08-11 09:00:00+07:00,2025-08-19 15:50:00+07:00,17262,411,0.0,False
ZONE.JK,OK,emiten/cache_1m/ZONE.JK.csv,2877,2877,2025-08-11 09:00:00+07:00,2025-08-19 15:50:00+07:00,16152,411,25.06,True
ZYRX.JK,OK,emiten/cache_1m/ZYRX.JK.csv,2877,2877,2025-08-11 09:00:00+07:00,2025-08-19 15:50:00+07:00,8706,411,67.4,True
