ticker,status,rows_base,rows_fresh,rows_out,min_out,max_out,error,merge_start,last_dt_before
AADI.JK,OK,121,118,121,2025-08-19 13:50:00+07:00,2025-08-19 15:50:00+07:00,,2025-08-19 13:50:00+07:00,2025-08-19 15:50:00+07:00
AALI.JK,OK,121,97,121,2025-08-19 13:50:00+07:00,2025-08-19 15:50:00+07:00,,2025-08-19 13:50:00+07:00,2025-08-19 15:50:00+07:00
ABDA.JK,EMPTY_YF,0,0,0,,,,,
ABMM.JK,OK,121,57,121,2025-08-19 13:50:00+07:00,2025-08-19 15:50:00+07:00,,2025-08-19 13:50:00+07:00,2025-08-19 15:50:00+07:00
ACES.JK,OK,121,119,121,2025-08-19 13:50:00+07:00,2025-08-19 15:50:00+07:00,,2025-08-19 13:50:00+07:00,2025-08-19 15:50:00+07:00
ACRO.JK,OK,121,90,121,2025-08-19 13:50:00+07:00,2025-08-19 15:50:00+07:00,,2025-08-19 13:50:00+07:00,2025-08-19 15:50:00+07:00
ACST.JK,OK,121,13,121,2025-08-19 13:50:00+07:00,2025-08-19 15:50:00+07:00,,2025-08-19 13:50:00+07:00,2025-08-19 15:50:00+07:00
ADCP.JK,OK,121,67,121,2025-08-19 13:50:00+07:00,2025-08-19 15:50:00+07:00,,2025-08-19 13:50:00+07:00,2025-08-19 15:50:00+07:00
ADES.JK,OK,121,27,121,2025-08-19 13:50:00+07:00,2025-08-19 15:50:00+07:00,,2025-08-19 13:50:00+07:00,2025-08-19 15:50:00+07:00
ADHI.JK,OK,121,93,121,2025-08-19 13:50:00+07:00,2025-08-19 15:50:00+07:00,,2025-08-19 13:50:00+07:00,2025-08-19 15:50:00+07:00
ADMF.JK,OK,121,11,121,2025-08-19 13:50:00+07:00,2025-08-19 15:50:00+07:00,,2025-08-19 13:50:00+07:00,2025-08-19 15:50:00+07:00
ADMG.JK,OK,121,11,121,2025-08-19 13:50:00+07:00,2025-08-19 15:50:00+07:00,,2025-08-19 13:50:00+07:00,2025-08-19 15:50:00+07:00
ADMR.JK,OK,121,115,121,2025-08-19 13:50:00+07:00,2025-08-19 15:50:00+07:00,,2025-08-19 13:50:00+07:00,2025-08-19 15:50:00+07:00
ADRO.JK,OK,121,119,121,2025-08-19 13:50:00+07:00,2025-08-19 15:50:00+07:00,,2025-08-19 13:50:00+07:00,2025-08-19 15:50:00+07:00
AEGS.JK,OK,121,41,121,2025-08-19 13:50:00+07:00,2025-08-19 15:50:00+07:00,,2025-08-19 13:50:00+07:00,2025-08-19 15:50:00+07:00
AGAR.JK,OK,121,10,121,2025-08-19 13:50:00+07:00,2025-08-19 15:50:00+07:00,,2025-08-19 13:50:00+07:00,2025-08-19 15:50:00+07:00
AGII.JK,OK,121,26,121,2025-08-19 13:50:00+07:00,2025-08-19 15:50:00+07:00,,2025-08-19 13:50:00+07:00,2025-08-19 15:50:00+07:00
AGRO.JK,OK,121,96,121,2025-08-19 13:50:00+07:00,2025-08-19 15:50:00+07:00,,2025-08-19 13:50:00+07:00,2025-08-19 15:50:00+07:00
AGRS.JK,OK,121,63,121,2025-08-19 13:50:00+07:00,2025-08-19 15:50:00+07:00,,2025-08-19 13:50:00+07:00,2025-08-19 15:50:00+07:00
AHAP.JK,OK,121,50,121,2025-08-19 13:50:00+07:00,2025-08-19 15:50:00+07:00,,2025-08-19 13:50:00+07:00,2025-08-19 15:50:00+07:00
AIMS.JK,OK,121,1,121,2025-08-19 13:50:00+07:00,2025-08-19 15:50:00+07:00,,2025-08-19 13:50:00+07:00,2025-08-19 15:50:00+07:00
AISA.JK,OK,121,85,121,2025-08-19 13:50:00+07:00,2025-08-19 15:50:00+07:00,,2025-08-19 13:50:00+07:00,2025-08-19 15:50:00+07:00
AKPI.JK,OK,121,4,121,2025-08-19 13:50:00+07:00,2025-08-19 15:50:00+07:00,,2025-08-19 13:50:00+07:00,2025-08-19 15:50:00+07:00
AKRA.JK,OK,121,118,121,2025-08-19 13:50:00+07:00,2025-08-19 15:50:00+07:00,,2025-08-19 13:50:00+07:00,2025-08-19 15:50:00+07:00
AKSI.JK,OK,121,24,121,2025-08-19 13:50:00+07:00,2025-08-19 15:50:00+07:00,,2025-08-19 13:50:00+07:00,2025-08-19 15:50:00+07:00
ALDO.JK,OK,121,5,121,2025-08-19 13:50:00+07:00,2025-08-19 15:50:00+07:00,,2025-08-19 13:50:00+07:00,2025-08-19 15:50:00+07:00
ALII.JK,OK,121,8,121,2025-08-19 13:50:00+07:00,2025-08-19 15:50:00+07:00,,2025-08-19 13:50:00+07:00,2025-08-19 15:50:00+07:00
ALKA.JK,OK,121,13,121,2025-08-19 13:50:00+07:00,2025-08-19 15:50:00+07:00,,2025-08-19 13:50:00+07:00,2025-08-19 15:50:00+07:00
AMAG.JK,OK,121,1,121,2025-08-19 13:50:00+07:00,2025-08-19 15:50:00+07:00,,2025-08-19 13:50:00+07:00,2025-08-19 15:50:00+07:00
AMAN.JK,OK,121,49,121,2025-08-19 13:50:00+07:00,2025-08-19 15:50:00+07:00,,2025-08-19 13:50:00+07:00,2025-08-19 15:50:00+07:00
AMAR.JK,OK,121,47,121,2025-08-19 13:50:00+07:00,2025-08-19 15:50:00+07:00,,2025-08-19 13:50:00+07:00,2025-08-19 15:50:00+07:00
AMFG.JK,OK,121,20,121,2025-08-19 13:50:00+07:00,2025-08-19 15:50:00+07:00,,2025-08-19 13:50:00+07:00,2025-08-19 15:50:00+07:00
AMIN.JK,OK,121,7,121,2025-08-19 13:50:00+07:00,2025-08-19 15:50:00+07:00,,2025-08-19 13:50:00+07:00,2025-08-19 15:50:00+07:00
AMMN.JK,OK,121,119,121,2025-08-19 13:50:00+07:00,2025-08-19 15:50:00+07:00,,2025-08-19 13:50:00+07:00,2025-08-19 15:50:00+07:00
AMMS.JK,OK,121,57,121,2025-08-19 13:50:00+07:00,2025-08-19 15:50:00+07:00,,2025-08-19 13:50:00+07:00,2025-08-19 15:50:00+07:00
AMOR.JK,OK,121,9,121,2025-08-19 13:50:00+07:00,2025-08-19 15:50:00+07:00,,2025-08-19 13:50:00+07:00,2025-08-19 15:50:00+07:00
AMRT.JK,OK,121,116,121,2025-08-19 13:50:00+07:00,2025-08-19 15:50:00+07:00,,2025-08-19 13:50:00+07:00,2025-08-19 15:50:00+07:00
ANJT.JK,OK,121,22,121,2025-08-19 13:50:00+07:00,2025-08-19 15:50:00+07:00,,2025-08-19 13:50:00+07:00,2025-08-19 15:50:00+07:00
ANTM.JK,OK,121,119,121,2025-08-19 13:50:00+07:00,2025-08-19 15:50:00+07:00,,2025-08-19 13:50:00+07:00,2025-08-19 15:50:00+07:00
APEX.JK,OK,121,65,121,2025-08-19 13:50:00+07:00,2025-08-19 15:50:00+07:00,,2025-08-19 13:50:00+07:00,2025-08-19 15:50:00+07:00
APIC.JK,OK,121,45,121,2025-08-19 13:50:00+07:00,2025-08-19 15:50:00+07:00,,2025-08-19 13:50:00+07:00,2025-08-19 15:50:00+07:00
APII.JK,OK,121,3,121,2025-08-19 13:50:00+07:00,2025-08-19 15:50:00+07:00,,2025-08-19 13:50:00+07:00,2025-08-19 15:50:00+07:00
APLI.JK,OK,121,13,121,2025-08-19 13:50:00+07:00,2025-08-19 15:50:00+07:00,,2025-08-19 13:50:00+07:00,2025-08-19 15:50:00+07:00
APLN.JK,OK,121,64,121,2025-08-19 13:50:00+07:00,2025-08-19 15:50:00+07:00,,2025-08-19 13:50:00+07:00,2025-08-19 15:50:00+07:00
ARCI.JK,OK,121,114,121,2025-08-19 13:50:00+07:00,2025-08-19 15:50:00+07:00,,2025-08-19 13:50:00+07:00,2025-08-19 15:50:00+07:00
AREA.JK,OK,121,58,121,2025-08-19 13:50:00+07:00,2025-08-19 15:50:00+07:00,,2025-08-19 13:50:00+07:00,2025-08-19 15:50:00+07:00
ARGO.JK,OK,121,62,121,2025-08-19 13:50:00+07:00,2025-08-19 15:50:00+07:00,,2025-08-19 13:50:00+07:00,2025-08-19 15:50:00+07:00
ARII.JK,OK,121,8,121,2025-08-19 13:50:00+07:00,2025-08-19 15:50:00+07:00,,2025-08-19 13:50:00+07:00,2025-08-19 15:50:00+07:00
ARKO.JK,OK,121,95,121,2025-08-19 13:50:00+07:00,2025-08-19 15:50:00+07:00,,2025-08-19 13:50:00+07:00,2025-08-19 15:50:00+07:00
ARNA.JK,OK,121,42,121,2025-08-19 13:50:00+07:00,2025-08-19 15:50:00+07:00,,2025-08-19 13:50:00+07:00,2025-08-19 15:50:00+07:00
ARTA.JK,OK,121,25,121,2025-08-19 13:50:00+07:00,2025-08-19 15:50:00+07:00,,2025-08-19 13:50:00+07:00,2025-08-19 15:50:00+07:00
ARTO.JK,OK,121,108,121,2025-08-19 13:50:00+07:00,2025-08-19 15:50:00+07:00,,2025-08-19 13:50:00+07:00,2025-08-19 15:50:00+07:00
ASBI.JK,OK,121,32,121,2025-08-19 13:50:00+07:00,2025-08-19 15:50:00+07:00,,2025-08-19 13:50:00+07:00,2025-08-19 15:50:00+07:00
ASDM.JK,OK,121,3,121,2025-08-19 13:50:00+07:00,2025-08-19 15:50:00+07:00,,2025-08-19 13:50:00+07:00,2025-08-19 15:50:00+07:00
ASGR.JK,OK,121,50,121,2025-08-19 13:50:00+07:00,2025-08-19 15:50:00+07:00,,2025-08-19 13:50:00+07:00,2025-08-19 15:50:00+07:00
ASII.JK,OK,121,119,121,2025-08-19 13:50:00+07:00,2025-08-19 15:50:00+07:00,,2025-08-19 13:50:00+07:00,2025-08-19 15:50:00+07:00
ASJT.JK,OK,121,4,121,2025-08-19 13:50:00+07:00,2025-08-19 15:50:00+07:00,,2025-08-19 13:50:00+07:00,2025-08-19 15:50:00+07:00
ASLC.JK,OK,121,119,121,2025-08-19 13:50:00+07:00,2025-08-19 15:50:00+07:00,,2025-08-19 13:50:00+07:00,2025-08-19 15:50:00+07:00
ASLI.JK,EMPTY_YF,0,0,0,,,,,
ASPI.JK,OK,121,29,121,2025-08-19 13:50:00+07:00,2025-08-19 15:50:00+07:00,,2025-08-19 13:50:00+07:00,2025-08-19 15:50:00+07:00
ASPR.JK,OK,121,57,121,2025-08-19 13:50:00+07:00,2025-08-19 15:50:00+07:00,,2025-08-19 13:50:00+07:00,2025-08-19 15:50:00+07:00
ASRI.JK,OK,121,110,121,2025-08-19 13:50:00+07:00,2025-08-19 15:50:00+07:00,,2025-08-19 13:50:00+07:00,2025-08-19 15:50:00+07:00
ASRM.JK,OK,121,1,121,2025-08-19 13:50:00+07:00,2025-08-19 15:50:00+07:00,,2025-08-19 13:50:00+07:00,2025-08-19 15:50:00+07:00
ASSA.JK,OK,121,98,121,2025-08-19 13:50:00+07:00,2025-08-19 15:50:00+07:00,,2025-08-19 13:50:00+07:00,2025-08-19 15:50:00+07:00
ATIC.JK,OK,121,15,121,2025-08-19 13:50:00+07:00,2025-08-19 15:50:00+07:00,,2025-08-19 13:50:00+07:00,2025-08-19 15:50:00+07:00
ATLA.JK,OK,121,116,121,2025-08-19 13:50:00+07:00,2025-08-19 15:50:00+07:00,,2025-08-19 13:50:00+07:00,2025-08-19 15:50:00+07:00
AUTO.JK,OK,121,108,121,2025-08-19 13:50:00+07:00,2025-08-19 15:50:00+07:00,,2025-08-19 13:50:00+07:00,2025-08-19 15:50:00+07:00
AVIA.JK,OK,121,88,121,2025-08-19 13:50:00+07:00,2025-08-19 15:50:00+07:00,,2025-08-19 13:50:00+07:00,2025-08-19 15:50:00+07:00
AWAN.JK,OK,121,23,121,2025-08-19 13:50:00+07:00,2025-08-19 15:50:00+07:00,,2025-08-19 13:50:00+07:00,2025-08-19 15:50:00+07:00
AXIO.JK,OK,121,37,121,2025-08-19 13:50:00+07:00,2025-08-19 15:50:00+07:00,,2025-08-19 13:50:00+07:00,2025-08-19 15:50:00+07:00
AYAM.JK,OK,121,63,121,2025-08-19 13:50:00+07:00,2025-08-19 15:50:00+07:00,,2025-08-19 13:50:00+07:00,2025-08-19 15:50:00+07:00
AYLS.JK,OK,121,42,121,2025-08-19 13:50:00+07:00,2025-08-19 15:50:00+07:00,,2025-08-19 13:50:00+07:00,2025-08-19 15:50:00+07:00
BABP.JK,OK,121,54,121,2025-08-19 13:50:00+07:00,2025-08-19 15:50:00+07:00,,2025-08-19 13:50:00+07:00,2025-08-19 15:50:00+07:00
BABY.JK,OK,121,18,121,2025-08-19 13:50:00+07:00,2025-08-19 15:50:00+07:00,,2025-08-19 13:50:00+07:00,2025-08-19 15:50:00+07:00
BACA.JK,OK,121,19,121,2025-08-19 13:50:00+07:00,2025-08-19 15:50:00+07:00,,2025-08-19 13:50:00+07:00,2025-08-19 15:50:00+07:00
BAIK.JK,OK,121,119,121,2025-08-19 13:50:00+07:00,2025-08-19 15:50:00+07:00,,2025-08-19 13:50:00+07:00,2025-08-19 15:50:00+07:00
BAJA.JK,OK,121,87,121,2025-08-19 13:50:00+07:00,2025-08-19 15:50:00+07:00,,2025-08-19 13:50:00+07:00,2025-08-19 15:50:00+07:00
BALI.JK,OK,121,16,121,2025-08-19 13:50:00+07:00,2025-08-19 15:50:00+07:00,,2025-08-19 13:50:00+07:00,2025-08-19 15:50:00+07:00
BANK.JK,OK,121,43,121,2025-08-19 13:50:00+07:00,2025-08-19 15:50:00+07:00,,2025-08-19 13:50:00+07:00,2025-08-19 15:50:00+07:00
BAPA.JK,OK,121,59,121,2025-08-19 13:50:00+07:00,2025-08-19 15:50:00+07:00,,2025-08-19 13:50:00+07:00,2025-08-19 15:50:00+07:00
BATA.JK,OK,121,0,121,2025-08-19 13:50:00+07:00,2025-08-19 15:50:00+07:00,,2025-08-19 13:50:00+07:00,2025-08-19 15:50:00+07:00
BATR.JK,OK,121,29,121,2025-08-19 13:50:00+07:00,2025-08-19 15:50:00+07:00,,2025-08-19 13:50:00+07:00,2025-08-19 15:50:00+07:00
BAYU.JK,OK,121,9,121,2025-08-19 13:50:00+07:00,2025-08-19 15:50:00+07:00,,2025-08-19 13:50:00+07:00,2025-08-19 15:50:00+07:00
BBCA.JK,OK,121,119,121,2025-08-19 13:50:00+07:00,2025-08-19 15:50:00+07:00,,2025-08-19 13:50:00+07:00,2025-08-19 15:50:00+07:00
BBHI.JK,OK,121,76,121,2025-08-19 13:50:00+07:00,2025-08-19 15:50:00+07:00,,2025-08-19 13:50:00+07:00,2025-08-19 15:50:00+07:00
BBKP.JK,OK,121,106,121,2025-08-19 13:50:00+07:00,2025-08-19 15:50:00+07:00,,2025-08-19 13:50:00+07:00,2025-08-19 15:50:00+07:00
BBLD.JK,OK,121,79,121,2025-08-19 13:50:00+07:00,2025-08-19 15:50:00+07:00,,2025-08-19 13:50:00+07:00,2025-08-19 15:50:00+07:00
BBMD.JK,OK,121,2,121,2025-08-19 13:50:00+07:00,2025-08-19 15:50:00+07:00,,2025-08-19 13:50:00+07:00,2025-08-19 15:50:00+07:00
BBNI.JK,OK,121,118,121,2025-08-19 13:50:00+07:00,2025-08-19 15:50:00+07:00,,2025-08-19 13:50:00+07:00,2025-08-19 15:50:00+07:00
BBRI.JK,OK,0,319,319,2025-08-19 09:00:00+07:00,2025-08-19 15:49:00+07:00,,2025-08-19 09:00:00+07:00,2025-08-18 15:50:00+07:00
BBRM.JK,OK,121,65,121,2025-08-19 13:50:00+07:00,2025-08-19 15:50:00+07:00,,2025-08-19 13:50:00+07:00,2025-08-19 15:50:00+07:00
BBSI.JK,OK,121,1,121,2025-08-19 13:50:00+07:00,2025-08-19 15:50:00+07:00,,2025-08-19 13:50:00+07:00,2025-08-19 15:50:00+07:00
BBSS.JK,OK,121,9,121,2025-08-19 13:50:00+07:00,2025-08-19 15:50:00+07:00,,2025-08-19 13:50:00+07:00,2025-08-19 15:50:00+07:00
BBTN.JK,OK,121,115,121,2025-08-19 13:50:00+07:00,2025-08-19 15:50:00+07:00,,2025-08-19 13:50:00+07:00,2025-08-19 15:50:00+07:00
BBYB.JK,OK,121,115,121,2025-08-19 13:50:00+07:00,2025-08-19 15:50:00+07:00,,2025-08-19 13:50:00+07:00,2025-08-19 15:50:00+07:00
BCAP.JK,OK,121,86,121,2025-08-19 13:50:00+07:00,2025-08-19 15:50:00+07:00,,2025-08-19 13:50:00+07:00,2025-08-19 15:50:00+07:00
BCIP.JK,OK,121,34,121,2025-08-19 13:50:00+07:00,2025-08-19 15:50:00+07:00,,2025-08-19 13:50:00+07:00,2025-08-19 15:50:00+07:00
BDKR.JK,OK,121,63,121,2025-08-19 13:50:00+07:00,2025-08-19 15:50:00+07:00,,2025-08-19 13:50:00+07:00,2025-08-19 15:50:00+07:00
BDMN.JK,OK,121,37,121,2025-08-19 13:50:00+07:00,2025-08-19 15:50:00+07:00,,2025-08-19 13:50:00+07:00,2025-08-19 15:50:00+07:00
BEEF.JK,OK,121,44,121,2025-08-19 13:50:00+07:00,2025-08-19 15:50:00+07:00,,2025-08-19 13:50:00+07:00,2025-08-19 15:50:00+07:00
BEER.JK,OK,121,119,121,2025-08-19 13:50:00+07:00,2025-08-19 15:50:00+07:00,,2025-08-19 13:50:00+07:00,2025-08-19 15:50:00+07:00
BELI.JK,OK,121,12,121,2025-08-19 13:50:00+07:00,2025-08-19 15:50:00+07:00,,2025-08-19 13:50:00+07:00,2025-08-19 15:50:00+07:00
BELL.JK,OK,121,98,121,2025-08-19 13:50:00+07:00,2025-08-19 15:50:00+07:00,,2025-08-19 13:50:00+07:00,2025-08-19 15:50:00+07:00
BESS.JK,OK,121,7,121,2025-08-19 13:50:00+07:00,2025-08-19 15:50:00+07:00,,2025-08-19 13:50:00+07:00,2025-08-19 15:50:00+07:00
BEST.JK,OK,121,20,121,2025-08-19 13:50:00+07:00,2025-08-19 15:50:00+07:00,,2025-08-19 13:50:00+07:00,2025-08-19 15:50:00+07:00
BFIN.JK,OK,121,72,121,2025-08-19 13:50:00+07:00,2025-08-19 15:50:00+07:00,,2025-08-19 13:50:00+07:00,2025-08-19 15:50:00+07:00
BGTG.JK,OK,121,87,121,2025-08-19 13:50:00+07:00,2025-08-19 15:50:00+07:00,,2025-08-19 13:50:00+07:00,2025-08-19 15:50:00+07:00
BHAT.JK,OK,121,5,121,2025-08-19 13:50:00+07:00,2025-08-19 15:50:00+07:00,,2025-08-19 13:50:00+07:00,2025-08-19 15:50:00+07:00
BIKE.JK,OK,121,68,121,2025-08-19 13:50:00+07:00,2025-08-19 15:50:00+07:00,,2025-08-19 13:50:00+07:00,2025-08-19 15:50:00+07:00
BINA.JK,OK,121,3,121,2025-08-19 13:50:00+07:00,2025-08-19 15:50:00+07:00,,2025-08-19 13:50:00+07:00,2025-08-19 15:50:00+07:00
BINO.JK,OK,121,64,121,2025-08-19 13:50:00+07:00,2025-08-19 15:50:00+07:00,,2025-08-19 13:50:00+07:00,2025-08-19 15:50:00+07:00
BIPI.JK,OK,121,81,121,2025-08-19 13:50:00+07:00,2025-08-19 15:50:00+07:00,,2025-08-19 13:50:00+07:00,2025-08-19 15:50:00+07:00
BIRD.JK,OK,121,54,121,2025-08-19 13:50:00+07:00,2025-08-19 15:50:00+07:00,,2025-08-19 13:50:00+07:00,2025-08-19 15:50:00+07:00
BISI.JK,OK,121,8,121,2025-08-19 13:50:00+07:00,2025-08-19 15:50:00+07:00,,2025-08-19 13:50:00+07:00,2025-08-19 15:50:00+07:00
BJBR.JK,OK,121,83,121,2025-08-19 13:50:00+07:00,2025-08-19 15:50:00+07:00,,2025-08-19 13:50:00+07:00,2025-08-19 15:50:00+07:00
BJTM.JK,OK,121,112,121,2025-08-19 13:50:00+07:00,2025-08-19 15:50:00+07:00,,2025-08-19 13:50:00+07:00,2025-08-19 15:50:00+07:00
BKSL.JK,OK,121,119,121,2025-08-19 13:50:00+07:00,2025-08-19 15:50:00+07:00,,2025-08-19 13:50:00+07:00,2025-08-19 15:50:00+07:00
BKSW.JK,OK,121,42,121,2025-08-19 13:50:00+07:00,2025-08-19 15:50:00+07:00,,2025-08-19 13:50:00+07:00,2025-08-19 15:50:00+07:00
BLES.JK,OK,121,49,121,2025-08-19 13:50:00+07:00,2025-08-19 15:50:00+07:00,,2025-08-19 13:50:00+07:00,2025-08-19 15:50:00+07:00
BLOG.JK,OK,121,84,121,2025-08-19 13:50:00+07:00,2025-08-19 15:50:00+07:00,,2025-08-19 13:50:00+07:00,2025-08-19 15:50:00+07:00
BLTZ.JK,OK,121,1,121,2025-08-19 13:50:00+07:00,2025-08-19 15:50:00+07:00,,2025-08-19 13:50:00+07:00,2025-08-19 15:50:00+07:00
BLUE.JK,OK,121,7,121,2025-08-19 13:50:00+07:00,2025-08-19 15:50:00+07:00,,2025-08-19 13:50:00+07:00,2025-08-19 15:50:00+07:00
BMAS.JK,OK,121,1,121,2025-08-19 13:50:00+07:00,2025-08-19 15:50:00+07:00,,2025-08-19 13:50:00+07:00,2025-08-19 15:50:00+07:00
BMHS.JK,OK,121,25,121,2025-08-19 13:50:00+07:00,2025-08-19 15:50:00+07:00,,2025-08-19 13:50:00+07:00,2025-08-19 15:50:00+07:00
BMRI.JK,OK,121,119,121,2025-08-19 13:50:00+07:00,2025-08-19 15:50:00+07:00,,2025-08-19 13:50:00+07:00,2025-08-19 15:50:00+07:00
BMSR.JK,OK,121,5,121,2025-08-19 13:50:00+07:00,2025-08-19 15:50:00+07:00,,2025-08-19 13:50:00+07:00,2025-08-19 15:50:00+07:00
BMTR.JK,OK,121,89,121,2025-08-19 13:50:00+07:00,2025-08-19 15:50:00+07:00,,2025-08-19 13:50:00+07:00,2025-08-19 15:50:00+07:00
BNBA.JK,OK,121,10,121,2025-08-19 13:50:00+07:00,2025-08-19 15:50:00+07:00,,2025-08-19 13:50:00+07:00,2025-08-19 15:50:00+07:00
BNGA.JK,OK,121,108,121,2025-08-19 13:50:00+07:00,2025-08-19 15:50:00+07:00,,2025-08-19 13:50:00+07:00,2025-08-19 15:50:00+07:00
BNII.JK,OK,121,40,121,2025-08-19 13:50:00+07:00,2025-08-19 15:50:00+07:00,,2025-08-19 13:50:00+07:00,2025-08-19 15:50:00+07:00
BNLI.JK,OK,121,22,121,2025-08-19 13:50:00+07:00,2025-08-19 15:50:00+07:00,,2025-08-19 13:50:00+07:00,2025-08-19 15:50:00+07:00
BOAT.JK,OK,121,66,121,2025-08-19 13:50:00+07:00,2025-08-19 15:50:00+07:00,,2025-08-19 13:50:00+07:00,2025-08-19 15:50:00+07:00
BOBA.JK,OK,121,7,121,2025-08-19 13:50:00+07:00,2025-08-19 15:50:00+07:00,,2025-08-19 13:50:00+07:00,2025-08-19 15:50:00+07:00
BOGA.JK,OK,121,5,121,2025-08-19 13:50:00+07:00,2025-08-19 15:50:00+07:00,,2025-08-19 13:50:00+07:00,2025-08-19 15:50:00+07:00
BOLA.JK,OK,121,17,121,2025-08-19 13:50:00+07:00,2025-08-19 15:50:00+07:00,,2025-08-19 13:50:00+07:00,2025-08-19 15:50:00+07:00
BOLT.JK,OK,121,9,121,2025-08-19 13:50:00+07:00,2025-08-19 15:50:00+07:00,,2025-08-19 13:50:00+07:00,2025-08-19 15:50:00+07:00
BPFI.JK,OK,121,5,121,2025-08-19 13:50:00+07:00,2025-08-19 15:50:00+07:00,,2025-08-19 13:50:00+07:00,2025-08-19 15:50:00+07:00
BPII.JK,OK,121,3,121,2025-08-19 13:50:00+07:00,2025-08-19 15:50:00+07:00,,2025-08-19 13:50:00+07:00,2025-08-19 15:50:00+07:00
BPTR.JK,OK,121,22,121,2025-08-19 13:50:00+07:00,2025-08-19 15:50:00+07:00,,2025-08-19 13:50:00+07:00,2025-08-19 15:50:00+07:00
BRAM.JK,OK,121,2,121,2025-08-19 13:50:00+07:00,2025-08-19 15:50:00+07:00,,2025-08-19 13:50:00+07:00,2025-08-19 15:50:00+07:00
BREN.JK,OK,121,119,121,2025-08-19 13:50:00+07:00,2025-08-19 15:50:00+07:00,,2025-08-19 13:50:00+07:00,2025-08-19 15:50:00+07:00
BRIS.JK,OK,121,119,121,2025-08-19 13:50:00+07:00,2025-08-19 15:50:00+07:00,,2025-08-19 13:50:00+07:00,2025-08-19 15:50:00+07:00
BRMS.JK,OK,121,119,121,2025-08-19 13:50:00+07:00,2025-08-19 15:50:00+07:00,,2025-08-19 13:50:00+07:00,2025-08-19 15:50:00+07:00
BRNA.JK,OK,121,24,121,2025-08-19 13:50:00+07:00,2025-08-19 15:50:00+07:00,,2025-08-19 13:50:00+07:00,2025-08-19 15:50:00+07:00
BRPT.JK,OK,121,119,121,2025-08-19 13:50:00+07:00,2025-08-19 15:50:00+07:00,,2025-08-19 13:50:00+07:00,2025-08-19 15:50:00+07:00
BRRC.JK,OK,121,102,121,2025-08-19 13:50:00+07:00,2025-08-19 15:50:00+07:00,,2025-08-19 13:50:00+07:00,2025-08-19 15:50:00+07:00
BSBK.JK,OK,121,46,121,2025-08-19 13:50:00+07:00,2025-08-19 15:50:00+07:00,,2025-08-19 13:50:00+07:00,2025-08-19 15:50:00+07:00
BSDE.JK,OK,121,105,121,2025-08-19 13:50:00+07:00,2025-08-19 15:50:00+07:00,,2025-08-19 13:50:00+07:00,2025-08-19 15:50:00+07:00
BSIM.JK,OK,121,14,121,2025-08-19 13:50:00+07:00,2025-08-19 15:50:00+07:00,,2025-08-19 13:50:00+07:00,2025-08-19 15:50:00+07:00
BSML.JK,OK,121,30,121,2025-08-19 13:50:00+07:00,2025-08-19 15:50:00+07:00,,2025-08-19 13:50:00+07:00,2025-08-19 15:50:00+07:00
BSSR.JK,OK,121,52,121,2025-08-19 13:50:00+07:00,2025-08-19 15:50:00+07:00,,2025-08-19 13:50:00+07:00,2025-08-19 15:50:00+07:00
BSWD.JK,EMPTY_YF,0,0,0,,,,,
BTON.JK,OK,121,2,121,2025-08-19 13:50:00+07:00,2025-08-19 15:50:00+07:00,,2025-08-19 13:50:00+07:00,2025-08-19 15:50:00+07:00
BTPN.JK,OK,121,2,121,2025-08-19 13:50:00+07:00,2025-08-19 15:50:00+07:00,,2025-08-19 13:50:00+07:00,2025-08-19 15:50:00+07:00
BTPS.JK,OK,121,113,121,2025-08-19 13:50:00+07:00,2025-08-19 15:50:00+07:00,,2025-08-19 13:50:00+07:00,2025-08-19 15:50:00+07:00
BUAH.JK,OK,121,19,121,2025-08-19 13:50:00+07:00,2025-08-19 15:50:00+07:00,,2025-08-19 13:50:00+07:00,2025-08-19 15:50:00+07:00
BUDI.JK,OK,121,7,121,2025-08-19 13:50:00+07:00,2025-08-19 15:50:00+07:00,,2025-08-19 13:50:00+07:00,2025-08-19 15:50:00+07:00
BUKA.JK,OK,121,119,121,2025-08-19 13:50:00+07:00,2025-08-19 15:50:00+07:00,,2025-08-19 13:50:00+07:00,2025-08-19 15:50:00+07:00
BUKK.JK,OK,121,3,121,2025-08-19 13:50:00+07:00,2025-08-19 15:50:00+07:00,,2025-08-19 13:50:00+07:00,2025-08-19 15:50:00+07:00
BULL.JK,OK,121,110,121,2025-08-19 13:50:00+07:00,2025-08-19 15:50:00+07:00,,2025-08-19 13:50:00+07:00,2025-08-19 15:50:00+07:00
BUMI.JK,OK,121,119,121,2025-08-19 13:50:00+07:00,2025-08-19 15:50:00+07:00,,2025-08-19 13:50:00+07:00,2025-08-19 15:50:00+07:00
BUVA.JK,OK,121,1,121,2025-08-19 13:50:00+07:00,2025-08-19 15:50:00+07:00,,2025-08-19 13:50:00+07:00,2025-08-19 15:50:00+07:00
BVIC.JK,OK,121,70,121,2025-08-19 13:50:00+07:00,2025-08-19 15:50:00+07:00,,2025-08-19 13:50:00+07:00,2025-08-19 15:50:00+07:00
BWPT.JK,OK,121,117,121,2025-08-19 13:50:00+07:00,2025-08-19 15:50:00+07:00,,2025-08-19 13:50:00+07:00,2025-08-19 15:50:00+07:00
BYAN.JK,OK,121,4,121,2025-08-19 13:50:00+07:00,2025-08-19 15:50:00+07:00,,2025-08-19 13:50:00+07:00,2025-08-19 15:50:00+07:00
CAKK.JK,OK,121,26,121,2025-08-19 13:50:00+07:00,2025-08-19 15:50:00+07:00,,2025-08-19 13:50:00+07:00,2025-08-19 15:50:00+07:00
CAMP.JK,OK,121,20,121,2025-08-19 13:50:00+07:00,2025-08-19 15:50:00+07:00,,2025-08-19 13:50:00+07:00,2025-08-19 15:50:00+07:00
CARE.JK,OK,121,48,121,2025-08-19 13:50:00+07:00,2025-08-19 15:50:00+07:00,,2025-08-19 13:50:00+07:00,2025-08-19 15:50:00+07:00
CARS.JK,OK,121,45,121,2025-08-19 13:50:00+07:00,2025-08-19 15:50:00+07:00,,2025-08-19 13:50:00+07:00,2025-08-19 15:50:00+07:00
CASA.JK,OK,121,29,121,2025-08-19 13:50:00+07:00,2025-08-19 15:50:00+07:00,,2025-08-19 13:50:00+07:00,2025-08-19 15:50:00+07:00
CASH.JK,OK,121,31,121,2025-08-19 13:50:00+07:00,2025-08-19 15:50:00+07:00,,2025-08-19 13:50:00+07:00,2025-08-19 15:50:00+07:00
CASS.JK,OK,121,32,121,2025-08-19 13:50:00+07:00,2025-08-19 15:50:00+07:00,,2025-08-19 13:50:00+07:00,2025-08-19 15:50:00+07:00
CBDK.JK,OK,121,112,121,2025-08-19 13:50:00+07:00,2025-08-19 15:50:00+07:00,,2025-08-19 13:50:00+07:00,2025-08-19 15:50:00+07:00
CBPE.JK,OK,121,6,121,2025-08-19 13:50:00+07:00,2025-08-19 15:50:00+07:00,,2025-08-19 13:50:00+07:00,2025-08-19 15:50:00+07:00
CBRE.JK,EMPTY_YF,0,0,0,,,,,
CBUT.JK,OK,121,3,121,2025-08-19 13:50:00+07:00,2025-08-19 15:50:00+07:00,,2025-08-19 13:50:00+07:00,2025-08-19 15:50:00+07:00
CCSI.JK,OK,121,14,121,2025-08-19 13:50:00+07:00,2025-08-19 15:50:00+07:00,,2025-08-19 13:50:00+07:00,2025-08-19 15:50:00+07:00
CDIA.JK,OK,121,119,121,2025-08-19 13:50:00+07:00,2025-08-19 15:50:00+07:00,,2025-08-19 13:50:00+07:00,2025-08-19 15:50:00+07:00
CEKA.JK,OK,121,19,121,2025-08-19 13:50:00+07:00,2025-08-19 15:50:00+07:00,,2025-08-19 13:50:00+07:00,2025-08-19 15:50:00+07:00
CENT.JK,OK,121,44,121,2025-08-19 13:50:00+07:00,2025-08-19 15:50:00+07:00,,2025-08-19 13:50:00+07:00,2025-08-19 15:50:00+07:00
CFIN.JK,OK,121,47,121,2025-08-19 13:50:00+07:00,2025-08-19 15:50:00+07:00,,2025-08-19 13:50:00+07:00,2025-08-19 15:50:00+07:00
CGAS.JK,OK,121,68,121,2025-08-19 13:50:00+07:00,2025-08-19 15:50:00+07:00,,2025-08-19 13:50:00+07:00,2025-08-19 15:50:00+07:00
CHEK.JK,OK,121,94,121,2025-08-19 13:50:00+07:00,2025-08-19 15:50:00+07:00,,2025-08-19 13:50:00+07:00,2025-08-19 15:50:00+07:00
CHEM.JK,OK,121,89,121,2025-08-19 13:50:00+07:00,2025-08-19 15:50:00+07:00,,2025-08-19 13:50:00+07:00,2025-08-19 15:50:00+07:00
CHIP.JK,OK,121,23,121,2025-08-19 13:50:00+07:00,2025-08-19 15:50:00+07:00,,2025-08-19 13:50:00+07:00,2025-08-19 15:50:00+07:00
CINT.JK,OK,121,20,121,2025-08-19 13:50:00+07:00,2025-08-19 15:50:00+07:00,,2025-08-19 13:50:00+07:00,2025-08-19 15:50:00+07:00
CITA.JK,OK,121,30,121,2025-08-19 13:50:00+07:00,2025-08-19 15:50:00+07:00,,2025-08-19 13:50:00+07:00,2025-08-19 15:50:00+07:00
CITY.JK,OK,121,104,121,2025-08-19 13:50:00+07:00,2025-08-19 15:50:00+07:00,,2025-08-19 13:50:00+07:00,2025-08-19 15:50:00+07:00
CLAY.JK,OK,121,17,121,2025-08-19 13:50:00+07:00,2025-08-19 15:50:00+07:00,,2025-08-19 13:50:00+07:00,2025-08-19 15:50:00+07:00
CLEO.JK,OK,121,106,121,2025-08-19 13:50:00+07:00,2025-08-19 15:50:00+07:00,,2025-08-19 13:50:00+07:00,2025-08-19 15:50:00+07:00
CLPI.JK,OK,121,11,121,2025-08-19 13:50:00+07:00,2025-08-19 15:50:00+07:00,,2025-08-19 13:50:00+07:00,2025-08-19 15:50:00+07:00
CMNP.JK,OK,121,21,121,2025-08-19 13:50:00+07:00,2025-08-19 15:50:00+07:00,,2025-08-19 13:50:00+07:00,2025-08-19 15:50:00+07:00
CMNT.JK,OK,121,40,121,2025-08-19 13:50:00+07:00,2025-08-19 15:50:00+07:00,,2025-08-19 13:50:00+07:00,2025-08-19 15:50:00+07:00
CMPP.JK,OK,121,1,121,2025-08-19 13:50:00+07:00,2025-08-19 15:50:00+07:00,,2025-08-19 13:50:00+07:00,2025-08-19 15:50:00+07:00
CMRY.JK,OK,121,81,121,2025-08-19 13:50:00+07:00,2025-08-19 15:50:00+07:00,,2025-08-19 13:50:00+07:00,2025-08-19 15:50:00+07:00
CNKO.JK,OK,121,1,121,2025-08-19 13:50:00+07:00,2025-08-19 15:50:00+07:00,,2025-08-19 13:50:00+07:00,2025-08-19 15:50:00+07:00
CNMA.JK,OK,121,77,121,2025-08-19 13:50:00+07:00,2025-08-19 15:50:00+07:00,,2025-08-19 13:50:00+07:00,2025-08-19 15:50:00+07:00
COCO.JK,EMPTY_YF,0,0,0,,,,,
COIN.JK,OK,121,119,121,2025-08-19 13:50:00+07:00,2025-08-19 15:50:00+07:00,,2025-08-19 13:50:00+07:00,2025-08-19 15:50:00+07:00
CPIN.JK,OK,121,118,121,2025-08-19 13:50:00+07:00,2025-08-19 15:50:00+07:00,,2025-08-19 13:50:00+07:00,2025-08-19 15:50:00+07:00
CPRO.JK,OK,121,50,121,2025-08-19 13:50:00+07:00,2025-08-19 15:50:00+07:00,,2025-08-19 13:50:00+07:00,2025-08-19 15:50:00+07:00
CRAB.JK,OK,121,25,121,2025-08-19 13:50:00+07:00,2025-08-19 15:50:00+07:00,,2025-08-19 13:50:00+07:00,2025-08-19 15:50:00+07:00
CRSN.JK,OK,121,49,121,2025-08-19 13:50:00+07:00,2025-08-19 15:50:00+07:00,,2025-08-19 13:50:00+07:00,2025-08-19 15:50:00+07:00
CSAP.JK,OK,121,48,121,2025-08-19 13:50:00+07:00,2025-08-19 15:50:00+07:00,,2025-08-19 13:50:00+07:00,2025-08-19 15:50:00+07:00
CSIS.JK,OK,121,118,121,2025-08-19 13:50:00+07:00,2025-08-19 15:50:00+07:00,,2025-08-19 13:50:00+07:00,2025-08-19 15:50:00+07:00
CSMI.JK,EMPTY_YF,0,0,0,,,,,
CSRA.JK,OK,121,38,121,2025-08-19 13:50:00+07:00,2025-08-19 15:50:00+07:00,,2025-08-19 13:50:00+07:00,2025-08-19 15:50:00+07:00
CTBN.JK,OK,121,1,121,2025-08-19 13:50:00+07:00,2025-08-19 15:50:00+07:00,,2025-08-19 13:50:00+07:00,2025-08-19 15:50:00+07:00
CTRA.JK,OK,121,117,121,2025-08-19 13:50:00+07:00,2025-08-19 15:50:00+07:00,,2025-08-19 13:50:00+07:00,2025-08-19 15:50:00+07:00
CUAN.JK,OK,121,119,121,2025-08-19 13:50:00+07:00,2025-08-19 15:50:00+07:00,,2025-08-19 13:50:00+07:00,2025-08-19 15:50:00+07:00
CYBR.JK,OK,121,63,121,2025-08-19 13:50:00+07:00,2025-08-19 15:50:00+07:00,,2025-08-19 13:50:00+07:00,2025-08-19 15:50:00+07:00
DAAZ.JK,OK,121,30,121,2025-08-19 13:50:00+07:00,2025-08-19 15:50:00+07:00,,2025-08-19 13:50:00+07:00,2025-08-19 15:50:00+07:00
DART.JK,OK,121,30,121,2025-08-19 13:50:00+07:00,2025-08-19 15:50:00+07:00,,2025-08-19 13:50:00+07:00,2025-08-19 15:50:00+07:00
DATA.JK,OK,121,75,121,2025-08-19 13:50:00+07:00,2025-08-19 15:50:00+07:00,,2025-08-19 13:50:00+07:00,2025-08-19 15:50:00+07:00
DAYA.JK,OK,121,4,121,2025-08-19 13:50:00+07:00,2025-08-19 15:50:00+07:00,,2025-08-19 13:50:00+07:00,2025-08-19 15:50:00+07:00
DCII.JK,OK,121,31,121,2025-08-19 13:50:00+07:00,2025-08-19 15:50:00+07:00,,2025-08-19 13:50:00+07:00,2025-08-19 15:50:00+07:00
DEPO.JK,OK,121,13,121,2025-08-19 13:50:00+07:00,2025-08-19 15:50:00+07:00,,2025-08-19 13:50:00+07:00,2025-08-19 15:50:00+07:00
DEWA.JK,OK,121,119,121,2025-08-19 13:50:00+07:00,2025-08-19 15:50:00+07:00,,2025-08-19 13:50:00+07:00,2025-08-19 15:50:00+07:00
DEWI.JK,OK,121,118,121,2025-08-19 13:50:00+07:00,2025-08-19 15:50:00+07:00,,2025-08-19 13:50:00+07:00,2025-08-19 15:50:00+07:00
DFAM.JK,OK,121,6,121,2025-08-19 13:50:00+07:00,2025-08-19 15:50:00+07:00,,2025-08-19 13:50:00+07:00,2025-08-19 15:50:00+07:00
DGIK.JK,OK,121,43,121,2025-08-19 13:50:00+07:00,2025-08-19 15:50:00+07:00,,2025-08-19 13:50:00+07:00,2025-08-19 15:50:00+07:00
DGNS.JK,OK,121,15,121,2025-08-19 13:50:00+07:00,2025-08-19 15:50:00+07:00,,2025-08-19 13:50:00+07:00,2025-08-19 15:50:00+07:00
DGWG.JK,OK,121,58,121,2025-08-19 13:50:00+07:00,2025-08-19 15:50:00+07:00,,2025-08-19 13:50:00+07:00,2025-08-19 15:50:00+07:00
DILD.JK,OK,121,57,121,2025-08-19 13:50:00+07:00,2025-08-19 15:50:00+07:00,,2025-08-19 13:50:00+07:00,2025-08-19 15:50:00+07:00
DIVA.JK,OK,121,22,121,2025-08-19 13:50:00+07:00,2025-08-19 15:50:00+07:00,,2025-08-19 13:50:00+07:00,2025-08-19 15:50:00+07:00
DKFT.JK,OK,121,107,121,2025-08-19 13:50:00+07:00,2025-08-19 15:50:00+07:00,,2025-08-19 13:50:00+07:00,2025-08-19 15:50:00+07:00
DKHH.JK,OK,121,118,121,2025-08-19 13:50:00+07:00,2025-08-19 15:50:00+07:00,,2025-08-19 13:50:00+07:00,2025-08-19 15:50:00+07:00
DLTA.JK,OK,121,11,121,2025-08-19 13:50:00+07:00,2025-08-19 15:50:00+07:00,,2025-08-19 13:50:00+07:00,2025-08-19 15:50:00+07:00
DMAS.JK,OK,121,120,121,2025-08-19 13:50:00+07:00,2025-08-19 15:50:00+07:00,,2025-08-19 13:50:00+07:00,2025-08-19 15:50:00+07:00
DMMX.JK,OK,121,23,121,2025-08-19 13:50:00+07:00,2025-08-19 15:50:00+07:00,,2025-08-19 13:50:00+07:00,2025-08-19 15:50:00+07:00
DMND.JK,OK,121,20,121,2025-08-19 13:50:00+07:00,2025-08-19 15:50:00+07:00,,2025-08-19 13:50:00+07:00,2025-08-19 15:50:00+07:00
DNAR.JK,OK,121,53,121,2025-08-19 13:50:00+07:00,2025-08-19 15:50:00+07:00,,2025-08-19 13:50:00+07:00,2025-08-19 15:50:00+07:00
DNET.JK,OK,121,10,121,2025-08-19 13:50:00+07:00,2025-08-19 15:50:00+07:00,,2025-08-19 13:50:00+07:00,2025-08-19 15:50:00+07:00
DOID.JK,OK,121,64,121,2025-08-19 13:50:00+07:00,2025-08-19 15:50:00+07:00,,2025-08-19 13:50:00+07:00,2025-08-19 15:50:00+07:00
DOOH.JK,OK,121,115,121,2025-08-19 13:50:00+07:00,2025-08-19 15:50:00+07:00,,2025-08-19 13:50:00+07:00,2025-08-19 15:50:00+07:00
DOSS.JK,OK,121,20,121,2025-08-19 13:50:00+07:00,2025-08-19 15:50:00+07:00,,2025-08-19 13:50:00+07:00,2025-08-19 15:50:00+07:00
DPNS.JK,OK,121,15,121,2025-08-19 13:50:00+07:00,2025-08-19 15:50:00+07:00,,2025-08-19 13:50:00+07:00,2025-08-19 15:50:00+07:00
DPUM.JK,OK,121,85,121,2025-08-19 13:50:00+07:00,2025-08-19 15:50:00+07:00,,2025-08-19 13:50:00+07:00,2025-08-19 15:50:00+07:00
DRMA.JK,OK,121,41,121,2025-08-19 13:50:00+07:00,2025-08-19 15:50:00+07:00,,2025-08-19 13:50:00+07:00,2025-08-19 15:50:00+07:00
DSFI.JK,OK,121,92,121,2025-08-19 13:50:00+07:00,2025-08-19 15:50:00+07:00,,2025-08-19 13:50:00+07:00,2025-08-19 15:50:00+07:00
DSNG.JK,OK,121,119,121,2025-08-19 13:50:00+07:00,2025-08-19 15:50:00+07:00,,2025-08-19 13:50:00+07:00,2025-08-19 15:50:00+07:00
DSSA.JK,OK,121,119,121,2025-08-19 13:50:00+07:00,2025-08-19 15:50:00+07:00,,2025-08-19 13:50:00+07:00,2025-08-19 15:50:00+07:00
DUTI.JK,OK,121,1,121,2025-08-19 13:50:00+07:00,2025-08-19 15:50:00+07:00,,2025-08-19 13:50:00+07:00,2025-08-19 15:50:00+07:00
DVLA.JK,OK,121,9,121,2025-08-19 13:50:00+07:00,2025-08-19 15:50:00+07:00,,2025-08-19 13:50:00+07:00,2025-08-19 15:50:00+07:00
DWGL.JK,OK,121,24,121,2025-08-19 13:50:00+07:00,2025-08-19 15:50:00+07:00,,2025-08-19 13:50:00+07:00,2025-08-19 15:50:00+07:00
DYAN.JK,OK,121,25,121,2025-08-19 13:50:00+07:00,2025-08-19 15:50:00+07:00,,2025-08-19 13:50:00+07:00,2025-08-19 15:50:00+07:00
EAST.JK,OK,121,41,121,2025-08-19 13:50:00+07:00,2025-08-19 15:50:00+07:00,,2025-08-19 13:50:00+07:00,2025-08-19 15:50:00+07:00
ECII.JK,OK,121,15,121,2025-08-19 13:50:00+07:00,2025-08-19 15:50:00+07:00,,2025-08-19 13:50:00+07:00,2025-08-19 15:50:00+07:00
EDGE.JK,OK,121,7,121,2025-08-19 13:50:00+07:00,2025-08-19 15:50:00+07:00,,2025-08-19 13:50:00+07:00,2025-08-19 15:50:00+07:00
EKAD.JK,OK,121,10,121,2025-08-19 13:50:00+07:00,2025-08-19 15:50:00+07:00,,2025-08-19 13:50:00+07:00,2025-08-19 15:50:00+07:00
ELIT.JK,OK,121,83,121,2025-08-19 13:50:00+07:00,2025-08-19 15:50:00+07:00,,2025-08-19 13:50:00+07:00,2025-08-19 15:50:00+07:00
ELPI.JK,OK,121,26,121,2025-08-19 13:50:00+07:00,2025-08-19 15:50:00+07:00,,2025-08-19 13:50:00+07:00,2025-08-19 15:50:00+07:00
ELSA.JK,OK,121,112,121,2025-08-19 13:50:00+07:00,2025-08-19 15:50:00+07:00,,2025-08-19 13:50:00+07:00,2025-08-19 15:50:00+07:00
EMDE.JK,OK,121,105,121,2025-08-19 13:50:00+07:00,2025-08-19 15:50:00+07:00,,2025-08-19 13:50:00+07:00,2025-08-19 15:50:00+07:00
EMTK.JK,OK,121,119,121,2025-08-19 13:50:00+07:00,2025-08-19 15:50:00+07:00,,2025-08-19 13:50:00+07:00,2025-08-19 15:50:00+07:00
ENAK.JK,OK,121,5,121,2025-08-19 13:50:00+07:00,2025-08-19 15:50:00+07:00,,2025-08-19 13:50:00+07:00,2025-08-19 15:50:00+07:00
ENRG.JK,OK,121,119,121,2025-08-19 13:50:00+07:00,2025-08-19 15:50:00+07:00,,2025-08-19 13:50:00+07:00,2025-08-19 15:50:00+07:00
EPMT.JK,OK,121,1,121,2025-08-19 13:50:00+07:00,2025-08-19 15:50:00+07:00,,2025-08-19 13:50:00+07:00,2025-08-19 15:50:00+07:00
ERAA.JK,OK,121,116,121,2025-08-19 13:50:00+07:00,2025-08-19 15:50:00+07:00,,2025-08-19 13:50:00+07:00,2025-08-19 15:50:00+07:00
ERAL.JK,OK,121,80,121,2025-08-19 13:50:00+07:00,2025-08-19 15:50:00+07:00,,2025-08-19 13:50:00+07:00,2025-08-19 15:50:00+07:00
ERTX.JK,OK,121,26,121,2025-08-19 13:50:00+07:00,2025-08-19 15:50:00+07:00,,2025-08-19 13:50:00+07:00,2025-08-19 15:50:00+07:00
ESSA.JK,OK,121,106,121,2025-08-19 13:50:00+07:00,2025-08-19 15:50:00+07:00,,2025-08-19 13:50:00+07:00,2025-08-19 15:50:00+07:00
ESTA.JK,OK,121,11,121,2025-08-19 13:50:00+07:00,2025-08-19 15:50:00+07:00,,2025-08-19 13:50:00+07:00,2025-08-19 15:50:00+07:00
EURO.JK,OK,121,9,121,2025-08-19 13:50:00+07:00,2025-08-19 15:50:00+07:00,,2025-08-19 13:50:00+07:00,2025-08-19 15:50:00+07:00
EXCL.JK,OK,121,119,121,2025-08-19 13:50:00+07:00,2025-08-19 15:50:00+07:00,,2025-08-19 13:50:00+07:00,2025-08-19 15:50:00+07:00
FAPA.JK,OK,121,2,121,2025-08-19 13:50:00+07:00,2025-08-19 15:50:00+07:00,,2025-08-19 13:50:00+07:00,2025-08-19 15:50:00+07:00
FAST.JK,OK,121,32,121,2025-08-19 13:50:00+07:00,2025-08-19 15:50:00+07:00,,2025-08-19 13:50:00+07:00,2025-08-19 15:50:00+07:00
FILM.JK,OK,121,109,121,2025-08-19 13:50:00+07:00,2025-08-19 15:50:00+07:00,,2025-08-19 13:50:00+07:00,2025-08-19 15:50:00+07:00
FIMP.JK,EMPTY_YF,0,0,0,,,,,
FIRE.JK,OK,121,38,121,2025-08-19 13:50:00+07:00,2025-08-19 15:50:00+07:00,,2025-08-19 13:50:00+07:00,2025-08-19 15:50:00+07:00
FITT.JK,OK,121,30,121,2025-08-19 13:50:00+07:00,2025-08-19 15:50:00+07:00,,2025-08-19 13:50:00+07:00,2025-08-19 15:50:00+07:00
FLMC.JK,OK,121,2,121,2025-08-19 13:50:00+07:00,2025-08-19 15:50:00+07:00,,2025-08-19 13:50:00+07:00,2025-08-19 15:50:00+07:00
FMII.JK,OK,121,13,121,2025-08-19 13:50:00+07:00,2025-08-19 15:50:00+07:00,,2025-08-19 13:50:00+07:00,2025-08-19 15:50:00+07:00
FOLK.JK,OK,121,12,121,2025-08-19 13:50:00+07:00,2025-08-19 15:50:00+07:00,,2025-08-19 13:50:00+07:00,2025-08-19 15:50:00+07:00
FOOD.JK,OK,121,1,121,2025-08-19 13:50:00+07:00,2025-08-19 15:50:00+07:00,,2025-08-19 13:50:00+07:00,2025-08-19 15:50:00+07:00
FORE.JK,OK,121,90,121,2025-08-19 13:50:00+07:00,2025-08-19 15:50:00+07:00,,2025-08-19 13:50:00+07:00,2025-08-19 15:50:00+07:00
FORU.JK,OK,121,37,121,2025-08-19 13:50:00+07:00,2025-08-19 15:50:00+07:00,,2025-08-19 13:50:00+07:00,2025-08-19 15:50:00+07:00
FPNI.JK,OK,121,15,121,2025-08-19 13:50:00+07:00,2025-08-19 15:50:00+07:00,,2025-08-19 13:50:00+07:00,2025-08-19 15:50:00+07:00
FUJI.JK,OK,121,5,121,2025-08-19 13:50:00+07:00,2025-08-19 15:50:00+07:00,,2025-08-19 13:50:00+07:00,2025-08-19 15:50:00+07:00
FUTR.JK,EMPTY_YF,0,0,0,,,,,
FWCT.JK,OK,121,28,121,2025-08-19 13:50:00+07:00,2025-08-19 15:50:00+07:00,,2025-08-19 13:50:00+07:00,2025-08-19 15:50:00+07:00
GDST.JK,OK,121,51,121,2025-08-19 13:50:00+07:00,2025-08-19 15:50:00+07:00,,2025-08-19 13:50:00+07:00,2025-08-19 15:50:00+07:00
GDYR.JK,OK,121,2,121,2025-08-19 13:50:00+07:00,2025-08-19 15:50:00+07:00,,2025-08-19 13:50:00+07:00,2025-08-19 15:50:00+07:00
GEMA.JK,OK,121,100,121,2025-08-19 13:50:00+07:00,2025-08-19 15:50:00+07:00,,2025-08-19 13:50:00+07:00,2025-08-19 15:50:00+07:00
GEMS.JK,OK,121,40,121,2025-08-19 13:50:00+07:00,2025-08-19 15:50:00+07:00,,2025-08-19 13:50:00+07:00,2025-08-19 15:50:00+07:00
GGRM.JK,OK,121,71,121,2025-08-19 13:50:00+07:00,2025-08-19 15:50:00+07:00,,2025-08-19 13:50:00+07:00,2025-08-19 15:50:00+07:00
GHON.JK,OK,121,7,121,2025-08-19 13:50:00+07:00,2025-08-19 15:50:00+07:00,,2025-08-19 13:50:00+07:00,2025-08-19 15:50:00+07:00
GIAA.JK,OK,121,1,121,2025-08-19 13:50:00+07:00,2025-08-19 15:50:00+07:00,,2025-08-19 13:50:00+07:00,2025-08-19 15:50:00+07:00
GJTL.JK,OK,121,99,121,2025-08-19 13:50:00+07:00,2025-08-19 15:50:00+07:00,,2025-08-19 13:50:00+07:00,2025-08-19 15:50:00+07:00
GLOB.JK,OK,121,0,121,2025-08-19 13:50:00+07:00,2025-08-19 15:50:00+07:00,,2025-08-19 13:50:00+07:00,2025-08-19 15:50:00+07:00
GLVA.JK,OK,121,2,121,2025-08-19 13:50:00+07:00,2025-08-19 15:50:00+07:00,,2025-08-19 13:50:00+07:00,2025-08-19 15:50:00+07:00
GMFI.JK,OK,121,1,121,2025-08-19 13:50:00+07:00,2025-08-19 15:50:00+07:00,,2025-08-19 13:50:00+07:00,2025-08-19 15:50:00+07:00
GMTD.JK,OK,121,0,121,2025-08-19 13:50:00+07:00,2025-08-19 15:50:00+07:00,,2025-08-19 13:50:00+07:00,2025-08-19 15:50:00+07:00
GOLD.JK,OK,121,5,121,2025-08-19 13:50:00+07:00,2025-08-19 15:50:00+07:00,,2025-08-19 13:50:00+07:00,2025-08-19 15:50:00+07:00
GOLF.JK,OK,121,11,121,2025-08-19 13:50:00+07:00,2025-08-19 15:50:00+07:00,,2025-08-19 13:50:00+07:00,2025-08-19 15:50:00+07:00
GOOD.JK,OK,121,9,121,2025-08-19 13:50:00+07:00,2025-08-19 15:50:00+07:00,,2025-08-19 13:50:00+07:00,2025-08-19 15:50:00+07:00
GOTO.JK,OK,121,119,121,2025-08-19 13:50:00+07:00,2025-08-19 15:50:00+07:00,,2025-08-19 13:50:00+07:00,2025-08-19 15:50:00+07:00
GPRA.JK,OK,121,89,121,2025-08-19 13:50:00+07:00,2025-08-19 15:50:00+07:00,,2025-08-19 13:50:00+07:00,2025-08-19 15:50:00+07:00
GPSO.JK,OK,121,21,121,2025-08-19 13:50:00+07:00,2025-08-19 15:50:00+07:00,,2025-08-19 13:50:00+07:00,2025-08-19 15:50:00+07:00
GRIA.JK,OK,121,11,121,2025-08-19 13:50:00+07:00,2025-08-19 15:50:00+07:00,,2025-08-19 13:50:00+07:00,2025-08-19 15:50:00+07:00
GRPH.JK,OK,121,114,121,2025-08-19 13:50:00+07:00,2025-08-19 15:50:00+07:00,,2025-08-19 13:50:00+07:00,2025-08-19 15:50:00+07:00
GSMF.JK,OK,121,93,121,2025-08-19 13:50:00+07:00,2025-08-19 15:50:00+07:00,,2025-08-19 13:50:00+07:00,2025-08-19 15:50:00+07:00
GTBO.JK,OK,121,13,121,2025-08-19 13:50:00+07:00,2025-08-19 15:50:00+07:00,,2025-08-19 13:50:00+07:00,2025-08-19 15:50:00+07:00
GTRA.JK,OK,121,13,121,2025-08-19 13:50:00+07:00,2025-08-19 15:50:00+07:00,,2025-08-19 13:50:00+07:00,2025-08-19 15:50:00+07:00
GULA.JK,OK,121,9,121,2025-08-19 13:50:00+07:00,2025-08-19 15:50:00+07:00,,2025-08-19 13:50:00+07:00,2025-08-19 15:50:00+07:00
GUNA.JK,OK,121,31,121,2025-08-19 13:50:00+07:00,2025-08-19 15:50:00+07:00,,2025-08-19 13:50:00+07:00,2025-08-19 15:50:00+07:00
GWSA.JK,OK,121,12,121,2025-08-19 13:50:00+07:00,2025-08-19 15:50:00+07:00,,2025-08-19 13:50:00+07:00,2025-08-19 15:50:00+07:00
GZCO.JK,OK,121,85,121,2025-08-19 13:50:00+07:00,2025-08-19 15:50:00+07:00,,2025-08-19 13:50:00+07:00,2025-08-19 15:50:00+07:00
HAIS.JK,OK,121,22,121,2025-08-19 13:50:00+07:00,2025-08-19 15:50:00+07:00,,2025-08-19 13:50:00+07:00,2025-08-19 15:50:00+07:00
HAJJ.JK,OK,121,26,121,2025-08-19 13:50:00+07:00,2025-08-19 15:50:00+07:00,,2025-08-19 13:50:00+07:00,2025-08-19 15:50:00+07:00
HALO.JK,OK,121,41,121,2025-08-19 13:50:00+07:00,2025-08-19 15:50:00+07:00,,2025-08-19 13:50:00+07:00,2025-08-19 15:50:00+07:00
HATM.JK,OK,121,12,121,2025-08-19 13:50:00+07:00,2025-08-19 15:50:00+07:00,,2025-08-19 13:50:00+07:00,2025-08-19 15:50:00+07:00
HBAT.JK,OK,121,20,121,2025-08-19 13:50:00+07:00,2025-08-19 15:50:00+07:00,,2025-08-19 13:50:00+07:00,2025-08-19 15:50:00+07:00
HDFA.JK,OK,121,5,121,2025-08-19 13:50:00+07:00,2025-08-19 15:50:00+07:00,,2025-08-19 13:50:00+07:00,2025-08-19 15:50:00+07:00
HEAL.JK,OK,121,119,121,2025-08-19 13:50:00+07:00,2025-08-19 15:50:00+07:00,,2025-08-19 13:50:00+07:00,2025-08-19 15:50:00+07:00
HELI.JK,OK,121,4,121,2025-08-19 13:50:00+07:00,2025-08-19 15:50:00+07:00,,2025-08-19 13:50:00+07:00,2025-08-19 15:50:00+07:00
HERO.JK,OK,121,37,121,2025-08-19 13:50:00+07:00,2025-08-19 15:50:00+07:00,,2025-08-19 13:50:00+07:00,2025-08-19 15:50:00+07:00
HEXA.JK,OK,121,53,121,2025-08-19 13:50:00+07:00,2025-08-19 15:50:00+07:00,,2025-08-19 13:50:00+07:00,2025-08-19 15:50:00+07:00
HGII.JK,OK,121,63,121,2025-08-19 13:50:00+07:00,2025-08-19 15:50:00+07:00,,2025-08-19 13:50:00+07:00,2025-08-19 15:50:00+07:00
HILL.JK,OK,121,34,121,2025-08-19 13:50:00+07:00,2025-08-19 15:50:00+07:00,,2025-08-19 13:50:00+07:00,2025-08-19 15:50:00+07:00
HMSP.JK,OK,121,109,121,2025-08-19 13:50:00+07:00,2025-08-19 15:50:00+07:00,,2025-08-19 13:50:00+07:00,2025-08-19 15:50:00+07:00
HOKI.JK,OK,121,44,121,2025-08-19 13:50:00+07:00,2025-08-19 15:50:00+07:00,,2025-08-19 13:50:00+07:00,2025-08-19 15:50:00+07:00
HOMI.JK,OK,121,2,121,2025-08-19 13:50:00+07:00,2025-08-19 15:50:00+07:00,,2025-08-19 13:50:00+07:00,2025-08-19 15:50:00+07:00
HOPE.JK,EMPTY_YF,0,0,0,,,,,
HRTA.JK,OK,121,101,121,2025-08-19 13:50:00+07:00,2025-08-19 15:50:00+07:00,,2025-08-19 13:50:00+07:00,2025-08-19 15:50:00+07:00
HRUM.JK,OK,121,92,121,2025-08-19 13:50:00+07:00,2025-08-19 15:50:00+07:00,,2025-08-19 13:50:00+07:00,2025-08-19 15:50:00+07:00
HUMI.JK,OK,121,119,121,2025-08-19 13:50:00+07:00,2025-08-19 15:50:00+07:00,,2025-08-19 13:50:00+07:00,2025-08-19 15:50:00+07:00
HYGN.JK,OK,121,32,121,2025-08-19 13:50:00+07:00,2025-08-19 15:50:00+07:00,,2025-08-19 13:50:00+07:00,2025-08-19 15:50:00+07:00
IATA.JK,OK,121,1,121,2025-08-19 13:50:00+07:00,2025-08-19 15:50:00+07:00,,2025-08-19 13:50:00+07:00,2025-08-19 15:50:00+07:00
IBST.JK,EMPTY_YF,0,0,0,,,,,
ICBP.JK,OK,121,117,121,2025-08-19 13:50:00+07:00,2025-08-19 15:50:00+07:00,,2025-08-19 13:50:00+07:00,2025-08-19 15:50:00+07:00
IDEA.JK,OK,121,31,121,2025-08-19 13:50:00+07:00,2025-08-19 15:50:00+07:00,,2025-08-19 13:50:00+07:00,2025-08-19 15:50:00+07:00
IDPR.JK,OK,121,62,121,2025-08-19 13:50:00+07:00,2025-08-19 15:50:00+07:00,,2025-08-19 13:50:00+07:00,2025-08-19 15:50:00+07:00
IFII.JK,OK,121,11,121,2025-08-19 13:50:00+07:00,2025-08-19 15:50:00+07:00,,2025-08-19 13:50:00+07:00,2025-08-19 15:50:00+07:00
IFSH.JK,OK,121,1,121,2025-08-19 13:50:00+07:00,2025-08-19 15:50:00+07:00,,2025-08-19 13:50:00+07:00,2025-08-19 15:50:00+07:00
IGAR.JK,OK,121,2,121,2025-08-19 13:50:00+07:00,2025-08-19 15:50:00+07:00,,2025-08-19 13:50:00+07:00,2025-08-19 15:50:00+07:00
IKAN.JK,OK,121,117,121,2025-08-19 13:50:00+07:00,2025-08-19 15:50:00+07:00,,2025-08-19 13:50:00+07:00,2025-08-19 15:50:00+07:00
IKBI.JK,OK,121,35,121,2025-08-19 13:50:00+07:00,2025-08-19 15:50:00+07:00,,2025-08-19 13:50:00+07:00,2025-08-19 15:50:00+07:00
IKPM.JK,OK,121,11,121,2025-08-19 13:50:00+07:00,2025-08-19 15:50:00+07:00,,2025-08-19 13:50:00+07:00,2025-08-19 15:50:00+07:00
IMAS.JK,OK,121,29,121,2025-08-19 13:50:00+07:00,2025-08-19 15:50:00+07:00,,2025-08-19 13:50:00+07:00,2025-08-19 15:50:00+07:00
IMJS.JK,OK,121,78,121,2025-08-19 13:50:00+07:00,2025-08-19 15:50:00+07:00,,2025-08-19 13:50:00+07:00,2025-08-19 15:50:00+07:00
IMPC.JK,EMPTY_YF,0,0,0,,,,,
INAI.JK,OK,121,9,121,2025-08-19 13:50:00+07:00,2025-08-19 15:50:00+07:00,,2025-08-19 13:50:00+07:00,2025-08-19 15:50:00+07:00
INCI.JK,OK,121,51,121,2025-08-19 13:50:00+07:00,2025-08-19 15:50:00+07:00,,2025-08-19 13:50:00+07:00,2025-08-19 15:50:00+07:00
INCO.JK,OK,121,119,121,2025-08-19 13:50:00+07:00,2025-08-19 15:50:00+07:00,,2025-08-19 13:50:00+07:00,2025-08-19 15:50:00+07:00
INDF.JK,OK,121,118,121,2025-08-19 13:50:00+07:00,2025-08-19 15:50:00+07:00,,2025-08-19 13:50:00+07:00,2025-08-19 15:50:00+07:00
INDO.JK,OK,121,30,121,2025-08-19 13:50:00+07:00,2025-08-19 15:50:00+07:00,,2025-08-19 13:50:00+07:00,2025-08-19 15:50:00+07:00
INDR.JK,OK,121,4,121,2025-08-19 13:50:00+07:00,2025-08-19 15:50:00+07:00,,2025-08-19 13:50:00+07:00,2025-08-19 15:50:00+07:00
INDS.JK,OK,121,13,121,2025-08-19 13:50:00+07:00,2025-08-19 15:50:00+07:00,,2025-08-19 13:50:00+07:00,2025-08-19 15:50:00+07:00
INDX.JK,OK,121,54,121,2025-08-19 13:50:00+07:00,2025-08-19 15:50:00+07:00,,2025-08-19 13:50:00+07:00,2025-08-19 15:50:00+07:00
INDY.JK,OK,121,96,121,2025-08-19 13:50:00+07:00,2025-08-19 15:50:00+07:00,,2025-08-19 13:50:00+07:00,2025-08-19 15:50:00+07:00
INET.JK,OK,121,119,121,2025-08-19 13:50:00+07:00,2025-08-19 15:50:00+07:00,,2025-08-19 13:50:00+07:00,2025-08-19 15:50:00+07:00
INKP.JK,OK,121,116,121,2025-08-19 13:50:00+07:00,2025-08-19 15:50:00+07:00,,2025-08-19 13:50:00+07:00,2025-08-19 15:50:00+07:00
INOV.JK,OK,121,6,121,2025-08-19 13:50:00+07:00,2025-08-19 15:50:00+07:00,,2025-08-19 13:50:00+07:00,2025-08-19 15:50:00+07:00
INPC.JK,OK,121,53,121,2025-08-19 13:50:00+07:00,2025-08-19 15:50:00+07:00,,2025-08-19 13:50:00+07:00,2025-08-19 15:50:00+07:00
INPP.JK,OK,121,55,121,2025-08-19 13:50:00+07:00,2025-08-19 15:50:00+07:00,,2025-08-19 13:50:00+07:00,2025-08-19 15:50:00+07:00
INPS.JK,OK,121,1,121,2025-08-19 13:50:00+07:00,2025-08-19 15:50:00+07:00,,2025-08-19 13:50:00+07:00,2025-08-19 15:50:00+07:00
INRU.JK,OK,121,11,121,2025-08-19 13:50:00+07:00,2025-08-19 15:50:00+07:00,,2025-08-19 13:50:00+07:00,2025-08-19 15:50:00+07:00
INTD.JK,OK,121,5,121,2025-08-19 13:50:00+07:00,2025-08-19 15:50:00+07:00,,2025-08-19 13:50:00+07:00,2025-08-19 15:50:00+07:00
INTP.JK,OK,121,112,121,2025-08-19 13:50:00+07:00,2025-08-19 15:50:00+07:00,,2025-08-19 13:50:00+07:00,2025-08-19 15:50:00+07:00
IOTF.JK,OK,121,119,121,2025-08-19 13:50:00+07:00,2025-08-19 15:50:00+07:00,,2025-08-19 13:50:00+07:00,2025-08-19 15:50:00+07:00
IPAC.JK,OK,121,2,121,2025-08-19 13:50:00+07:00,2025-08-19 15:50:00+07:00,,2025-08-19 13:50:00+07:00,2025-08-19 15:50:00+07:00
IPCC.JK,OK,121,51,121,2025-08-19 13:50:00+07:00,2025-08-19 15:50:00+07:00,,2025-08-19 13:50:00+07:00,2025-08-19 15:50:00+07:00
IPCM.JK,OK,121,23,121,2025-08-19 13:50:00+07:00,2025-08-19 15:50:00+07:00,,2025-08-19 13:50:00+07:00,2025-08-19 15:50:00+07:00
IPOL.JK,OK,121,5,121,2025-08-19 13:50:00+07:00,2025-08-19 15:50:00+07:00,,2025-08-19 13:50:00+07:00,2025-08-19 15:50:00+07:00
IRRA.JK,OK,121,33,121,2025-08-19 13:50:00+07:00,2025-08-19 15:50:00+07:00,,2025-08-19 13:50:00+07:00,2025-08-19 15:50:00+07:00
IRSX.JK,EMPTY_YF,0,0,0,,,,,
ISAT.JK,OK,121,117,121,2025-08-19 13:50:00+07:00,2025-08-19 15:50:00+07:00,,2025-08-19 13:50:00+07:00,2025-08-19 15:50:00+07:00
ISEA.JK,OK,121,48,121,2025-08-19 13:50:00+07:00,2025-08-19 15:50:00+07:00,,2025-08-19 13:50:00+07:00,2025-08-19 15:50:00+07:00
ISSP.JK,OK,121,40,121,2025-08-19 13:50:00+07:00,2025-08-19 15:50:00+07:00,,2025-08-19 13:50:00+07:00,2025-08-19 15:50:00+07:00
ITIC.JK,OK,121,27,121,2025-08-19 13:50:00+07:00,2025-08-19 15:50:00+07:00,,2025-08-19 13:50:00+07:00,2025-08-19 15:50:00+07:00
ITMA.JK,OK,121,69,121,2025-08-19 13:50:00+07:00,2025-08-19 15:50:00+07:00,,2025-08-19 13:50:00+07:00,2025-08-19 15:50:00+07:00
ITMG.JK,OK,121,119,121,2025-08-19 13:50:00+07:00,2025-08-19 15:50:00+07:00,,2025-08-19 13:50:00+07:00,2025-08-19 15:50:00+07:00
JARR.JK,OK,121,100,121,2025-08-19 13:50:00+07:00,2025-08-19 15:50:00+07:00,,2025-08-19 13:50:00+07:00,2025-08-19 15:50:00+07:00
JAST.JK,OK,121,99,121,2025-08-19 13:50:00+07:00,2025-08-19 15:50:00+07:00,,2025-08-19 13:50:00+07:00,2025-08-19 15:50:00+07:00
JATI.JK,OK,121,71,121,2025-08-19 13:50:00+07:00,2025-08-19 15:50:00+07:00,,2025-08-19 13:50:00+07:00,2025-08-19 15:50:00+07:00
JAWA.JK,OK,121,21,121,2025-08-19 13:50:00+07:00,2025-08-19 15:50:00+07:00,,2025-08-19 13:50:00+07:00,2025-08-19 15:50:00+07:00
JAYA.JK,OK,121,22,121,2025-08-19 13:50:00+07:00,2025-08-19 15:50:00+07:00,,2025-08-19 13:50:00+07:00,2025-08-19 15:50:00+07:00
JECC.JK,OK,121,6,121,2025-08-19 13:50:00+07:00,2025-08-19 15:50:00+07:00,,2025-08-19 13:50:00+07:00,2025-08-19 15:50:00+07:00
JIHD.JK,OK,121,54,121,2025-08-19 13:50:00+07:00,2025-08-19 15:50:00+07:00,,2025-08-19 13:50:00+07:00,2025-08-19 15:50:00+07:00
JKON.JK,OK,121,89,121,2025-08-19 13:50:00+07:00,2025-08-19 15:50:00+07:00,,2025-08-19 13:50:00+07:00,2025-08-19 15:50:00+07:00
JMAS.JK,OK,121,22,121,2025-08-19 13:50:00+07:00,2025-08-19 15:50:00+07:00,,2025-08-19 13:50:00+07:00,2025-08-19 15:50:00+07:00
JPFA.JK,OK,121,117,121,2025-08-19 13:50:00+07:00,2025-08-19 15:50:00+07:00,,2025-08-19 13:50:00+07:00,2025-08-19 15:50:00+07:00
JRPT.JK,OK,121,7,121,2025-08-19 13:50:00+07:00,2025-08-19 15:50:00+07:00,,2025-08-19 13:50:00+07:00,2025-08-19 15:50:00+07:00
JSMR.JK,OK,121,116,121,2025-08-19 13:50:00+07:00,2025-08-19 15:50:00+07:00,,2025-08-19 13:50:00+07:00,2025-08-19 15:50:00+07:00
JSPT.JK,OK,121,5,121,2025-08-19 13:50:00+07:00,2025-08-19 15:50:00+07:00,,2025-08-19 13:50:00+07:00,2025-08-19 15:50:00+07:00
JTPE.JK,OK,121,28,121,2025-08-19 13:50:00+07:00,2025-08-19 15:50:00+07:00,,2025-08-19 13:50:00+07:00,2025-08-19 15:50:00+07:00
KAEF.JK,OK,121,52,121,2025-08-19 13:50:00+07:00,2025-08-19 15:50:00+07:00,,2025-08-19 13:50:00+07:00,2025-08-19 15:50:00+07:00
KAQI.JK,OK,121,117,121,2025-08-19 13:50:00+07:00,2025-08-19 15:50:00+07:00,,2025-08-19 13:50:00+07:00,2025-08-19 15:50:00+07:00
KARW.JK,OK,121,1,121,2025-08-19 13:50:00+07:00,2025-08-19 15:50:00+07:00,,2025-08-19 13:50:00+07:00,2025-08-19 15:50:00+07:00
KBLI.JK,OK,121,4,121,2025-08-19 13:50:00+07:00,2025-08-19 15:50:00+07:00,,2025-08-19 13:50:00+07:00,2025-08-19 15:50:00+07:00
KBLM.JK,OK,121,76,121,2025-08-19 13:50:00+07:00,2025-08-19 15:50:00+07:00,,2025-08-19 13:50:00+07:00,2025-08-19 15:50:00+07:00
KBLV.JK,OK,121,100,121,2025-08-19 13:50:00+07:00,2025-08-19 15:50:00+07:00,,2025-08-19 13:50:00+07:00,2025-08-19 15:50:00+07:00
KDSI.JK,OK,121,4,121,2025-08-19 13:50:00+07:00,2025-08-19 15:50:00+07:00,,2025-08-19 13:50:00+07:00,2025-08-19 15:50:00+07:00
KDTN.JK,OK,121,1,121,2025-08-19 13:50:00+07:00,2025-08-19 15:50:00+07:00,,2025-08-19 13:50:00+07:00,2025-08-19 15:50:00+07:00
KEEN.JK,OK,121,63,121,2025-08-19 13:50:00+07:00,2025-08-19 15:50:00+07:00,,2025-08-19 13:50:00+07:00,2025-08-19 15:50:00+07:00
KEJU.JK,OK,121,53,121,2025-08-19 13:50:00+07:00,2025-08-19 15:50:00+07:00,,2025-08-19 13:50:00+07:00,2025-08-19 15:50:00+07:00
KETR.JK,OK,121,53,121,2025-08-19 13:50:00+07:00,2025-08-19 15:50:00+07:00,,2025-08-19 13:50:00+07:00,2025-08-19 15:50:00+07:00
KICI.JK,OK,121,15,121,2025-08-19 13:50:00+07:00,2025-08-19 15:50:00+07:00,,2025-08-19 13:50:00+07:00,2025-08-19 15:50:00+07:00
KIJA.JK,OK,121,92,121,2025-08-19 13:50:00+07:00,2025-08-19 15:50:00+07:00,,2025-08-19 13:50:00+07:00,2025-08-19 15:50:00+07:00
KING.JK,OK,121,4,121,2025-08-19 13:50:00+07:00,2025-08-19 15:50:00+07:00,,2025-08-19 13:50:00+07:00,2025-08-19 15:50:00+07:00
KINO.JK,OK,121,3,121,2025-08-19 13:50:00+07:00,2025-08-19 15:50:00+07:00,,2025-08-19 13:50:00+07:00,2025-08-19 15:50:00+07:00
KIOS.JK,OK,121,119,121,2025-08-19 13:50:00+07:00,2025-08-19 15:50:00+07:00,,2025-08-19 13:50:00+07:00,2025-08-19 15:50:00+07:00
KJEN.JK,OK,121,74,121,2025-08-19 13:50:00+07:00,2025-08-19 15:50:00+07:00,,2025-08-19 13:50:00+07:00,2025-08-19 15:50:00+07:00
KKGI.JK,OK,121,57,121,2025-08-19 13:50:00+07:00,2025-08-19 15:50:00+07:00,,2025-08-19 13:50:00+07:00,2025-08-19 15:50:00+07:00
KLAS.JK,OK,121,21,121,2025-08-19 13:50:00+07:00,2025-08-19 15:50:00+07:00,,2025-08-19 13:50:00+07:00,2025-08-19 15:50:00+07:00
KLBF.JK,OK,121,117,121,2025-08-19 13:50:00+07:00,2025-08-19 15:50:00+07:00,,2025-08-19 13:50:00+07:00,2025-08-19 15:50:00+07:00
KLIN.JK,OK,121,2,121,2025-08-19 13:50:00+07:00,2025-08-19 15:50:00+07:00,,2025-08-19 13:50:00+07:00,2025-08-19 15:50:00+07:00
KMDS.JK,OK,121,19,121,2025-08-19 13:50:00+07:00,2025-08-19 15:50:00+07:00,,2025-08-19 13:50:00+07:00,2025-08-19 15:50:00+07:00
KMTR.JK,OK,121,10,121,2025-08-19 13:50:00+07:00,2025-08-19 15:50:00+07:00,,2025-08-19 13:50:00+07:00,2025-08-19 15:50:00+07:00
KOBX.JK,OK,121,18,121,2025-08-19 13:50:00+07:00,2025-08-19 15:50:00+07:00,,2025-08-19 13:50:00+07:00,2025-08-19 15:50:00+07:00
KOCI.JK,OK,121,46,121,2025-08-19 13:50:00+07:00,2025-08-19 15:50:00+07:00,,2025-08-19 13:50:00+07:00,2025-08-19 15:50:00+07:00
KOIN.JK,OK,121,0,121,2025-08-19 13:50:00+07:00,2025-08-19 15:50:00+07:00,,2025-08-19 13:50:00+07:00,2025-08-19 15:50:00+07:00
KOKA.JK,OK,121,59,121,2025-08-19 13:50:00+07:00,2025-08-19 15:50:00+07:00,,2025-08-19 13:50:00+07:00,2025-08-19 15:50:00+07:00
KONI.JK,OK,121,9,121,2025-08-19 13:50:00+07:00,2025-08-19 15:50:00+07:00,,2025-08-19 13:50:00+07:00,2025-08-19 15:50:00+07:00
KOPI.JK,OK,121,15,121,2025-08-19 13:50:00+07:00,2025-08-19 15:50:00+07:00,,2025-08-19 13:50:00+07:00,2025-08-19 15:50:00+07:00
KPIG.JK,OK,121,119,121,2025-08-19 13:50:00+07:00,2025-08-19 15:50:00+07:00,,2025-08-19 13:50:00+07:00,2025-08-19 15:50:00+07:00
KRAS.JK,OK,121,119,121,2025-08-19 13:50:00+07:00,2025-08-19 15:50:00+07:00,,2025-08-19 13:50:00+07:00,2025-08-19 15:50:00+07:00
KRYA.JK,OK,121,110,121,2025-08-19 13:50:00+07:00,2025-08-19 15:50:00+07:00,,2025-08-19 13:50:00+07:00,2025-08-19 15:50:00+07:00
KSIX.JK,OK,121,29,121,2025-08-19 13:50:00+07:00,2025-08-19 15:50:00+07:00,,2025-08-19 13:50:00+07:00,2025-08-19 15:50:00+07:00
KUAS.JK,OK,121,99,121,2025-08-19 13:50:00+07:00,2025-08-19 15:50:00+07:00,,2025-08-19 13:50:00+07:00,2025-08-19 15:50:00+07:00
LABS.JK,OK,121,20,121,2025-08-19 13:50:00+07:00,2025-08-19 15:50:00+07:00,,2025-08-19 13:50:00+07:00,2025-08-19 15:50:00+07:00
LAJU.JK,OK,121,67,121,2025-08-19 13:50:00+07:00,2025-08-19 15:50:00+07:00,,2025-08-19 13:50:00+07:00,2025-08-19 15:50:00+07:00
LAPD.JK,OK,121,1,121,2025-08-19 13:50:00+07:00,2025-08-19 15:50:00+07:00,,2025-08-19 13:50:00+07:00,2025-08-19 15:50:00+07:00
LCKM.JK,OK,121,5,121,2025-08-19 13:50:00+07:00,2025-08-19 15:50:00+07:00,,2025-08-19 13:50:00+07:00,2025-08-19 15:50:00+07:00
LEAD.JK,OK,121,63,121,2025-08-19 13:50:00+07:00,2025-08-19 15:50:00+07:00,,2025-08-19 13:50:00+07:00,2025-08-19 15:50:00+07:00
LFLO.JK,OK,121,4,121,2025-08-19 13:50:00+07:00,2025-08-19 15:50:00+07:00,,2025-08-19 13:50:00+07:00,2025-08-19 15:50:00+07:00
LIFE.JK,OK,121,5,121,2025-08-19 13:50:00+07:00,2025-08-19 15:50:00+07:00,,2025-08-19 13:50:00+07:00,2025-08-19 15:50:00+07:00
LINK.JK,OK,121,1,121,2025-08-19 13:50:00+07:00,2025-08-19 15:50:00+07:00,,2025-08-19 13:50:00+07:00,2025-08-19 15:50:00+07:00
LION.JK,OK,121,9,121,2025-08-19 13:50:00+07:00,2025-08-19 15:50:00+07:00,,2025-08-19 13:50:00+07:00,2025-08-19 15:50:00+07:00
LIVE.JK,OK,121,15,121,2025-08-19 13:50:00+07:00,2025-08-19 15:50:00+07:00,,2025-08-19 13:50:00+07:00,2025-08-19 15:50:00+07:00
LMAX.JK,OK,121,56,121,2025-08-19 13:50:00+07:00,2025-08-19 15:50:00+07:00,,2025-08-19 13:50:00+07:00,2025-08-19 15:50:00+07:00
LMPI.JK,OK,121,7,121,2025-08-19 13:50:00+07:00,2025-08-19 15:50:00+07:00,,2025-08-19 13:50:00+07:00,2025-08-19 15:50:00+07:00
LOPI.JK,OK,121,51,121,2025-08-19 13:50:00+07:00,2025-08-19 15:50:00+07:00,,2025-08-19 13:50:00+07:00,2025-08-19 15:50:00+07:00
LPCK.JK,OK,121,18,121,2025-08-19 13:50:00+07:00,2025-08-19 15:50:00+07:00,,2025-08-19 13:50:00+07:00,2025-08-19 15:50:00+07:00
LPGI.JK,OK,121,16,121,2025-08-19 13:50:00+07:00,2025-08-19 15:50:00+07:00,,2025-08-19 13:50:00+07:00,2025-08-19 15:50:00+07:00
LPIN.JK,OK,121,14,121,2025-08-19 13:50:00+07:00,2025-08-19 15:50:00+07:00,,2025-08-19 13:50:00+07:00,2025-08-19 15:50:00+07:00
LPKR.JK,OK,121,75,121,2025-08-19 13:50:00+07:00,2025-08-19 15:50:00+07:00,,2025-08-19 13:50:00+07:00,2025-08-19 15:50:00+07:00
LPLI.JK,OK,121,8,121,2025-08-19 13:50:00+07:00,2025-08-19 15:50:00+07:00,,2025-08-19 13:50:00+07:00,2025-08-19 15:50:00+07:00
LPPF.JK,OK,121,73,121,2025-08-19 13:50:00+07:00,2025-08-19 15:50:00+07:00,,2025-08-19 13:50:00+07:00,2025-08-19 15:50:00+07:00
LPPS.JK,OK,121,117,121,2025-08-19 13:50:00+07:00,2025-08-19 15:50:00+07:00,,2025-08-19 13:50:00+07:00,2025-08-19 15:50:00+07:00
LRNA.JK,OK,121,39,121,2025-08-19 13:50:00+07:00,2025-08-19 15:50:00+07:00,,2025-08-19 13:50:00+07:00,2025-08-19 15:50:00+07:00
LSIP.JK,OK,121,106,121,2025-08-19 13:50:00+07:00,2025-08-19 15:50:00+07:00,,2025-08-19 13:50:00+07:00,2025-08-19 15:50:00+07:00
LTLS.JK,OK,121,13,121,2025-08-19 13:50:00+07:00,2025-08-19 15:50:00+07:00,,2025-08-19 13:50:00+07:00,2025-08-19 15:50:00+07:00
LUCK.JK,OK,121,34,121,2025-08-19 13:50:00+07:00,2025-08-19 15:50:00+07:00,,2025-08-19 13:50:00+07:00,2025-08-19 15:50:00+07:00
LUCY.JK,OK,121,6,121,2025-08-19 13:50:00+07:00,2025-08-19 15:50:00+07:00,,2025-08-19 13:50:00+07:00,2025-08-19 15:50:00+07:00
MAHA.JK,OK,121,30,121,2025-08-19 13:50:00+07:00,2025-08-19 15:50:00+07:00,,2025-08-19 13:50:00+07:00,2025-08-19 15:50:00+07:00
MAIN.JK,OK,121,75,121,2025-08-19 13:50:00+07:00,2025-08-19 15:50:00+07:00,,2025-08-19 13:50:00+07:00,2025-08-19 15:50:00+07:00
MAPA.JK,OK,121,99,121,2025-08-19 13:50:00+07:00,2025-08-19 15:50:00+07:00,,2025-08-19 13:50:00+07:00,2025-08-19 15:50:00+07:00
MAPB.JK,OK,121,0,121,2025-08-19 13:50:00+07:00,2025-08-19 15:50:00+07:00,,2025-08-19 13:50:00+07:00,2025-08-19 15:50:00+07:00
MAPI.JK,OK,121,116,121,2025-08-19 13:50:00+07:00,2025-08-19 15:50:00+07:00,,2025-08-19 13:50:00+07:00,2025-08-19 15:50:00+07:00
MARK.JK,OK,121,73,121,2025-08-19 13:50:00+07:00,2025-08-19 15:50:00+07:00,,2025-08-19 13:50:00+07:00,2025-08-19 15:50:00+07:00
MASB.JK,OK,121,4,121,2025-08-19 13:50:00+07:00,2025-08-19 15:50:00+07:00,,2025-08-19 13:50:00+07:00,2025-08-19 15:50:00+07:00
MAXI.JK,OK,121,65,121,2025-08-19 13:50:00+07:00,2025-08-19 15:50:00+07:00,,2025-08-19 13:50:00+07:00,2025-08-19 15:50:00+07:00
MAYA.JK,OK,121,118,121,2025-08-19 13:50:00+07:00,2025-08-19 15:50:00+07:00,,2025-08-19 13:50:00+07:00,2025-08-19 15:50:00+07:00
MBAP.JK,OK,121,20,121,2025-08-19 13:50:00+07:00,2025-08-19 15:50:00+07:00,,2025-08-19 13:50:00+07:00,2025-08-19 15:50:00+07:00
MBMA.JK,OK,121,119,121,2025-08-19 13:50:00+07:00,2025-08-19 15:50:00+07:00,,2025-08-19 13:50:00+07:00,2025-08-19 15:50:00+07:00
MBSS.JK,OK,121,36,121,2025-08-19 13:50:00+07:00,2025-08-19 15:50:00+07:00,,2025-08-19 13:50:00+07:00,2025-08-19 15:50:00+07:00
MBTO.JK,OK,121,41,121,2025-08-19 13:50:00+07:00,2025-08-19 15:50:00+07:00,,2025-08-19 13:50:00+07:00,2025-08-19 15:50:00+07:00
MCAS.JK,OK,121,25,121,2025-08-19 13:50:00+07:00,2025-08-19 15:50:00+07:00,,2025-08-19 13:50:00+07:00,2025-08-19 15:50:00+07:00
MCOL.JK,OK,121,16,121,2025-08-19 13:50:00+07:00,2025-08-19 15:50:00+07:00,,2025-08-19 13:50:00+07:00,2025-08-19 15:50:00+07:00
MCOR.JK,OK,121,45,121,2025-08-19 13:50:00+07:00,2025-08-19 15:50:00+07:00,,2025-08-19 13:50:00+07:00,2025-08-19 15:50:00+07:00
MDIY.JK,OK,121,42,121,2025-08-19 13:50:00+07:00,2025-08-19 15:50:00+07:00,,2025-08-19 13:50:00+07:00,2025-08-19 15:50:00+07:00
MDKA.JK,OK,121,119,121,2025-08-19 13:50:00+07:00,2025-08-19 15:50:00+07:00,,2025-08-19 13:50:00+07:00,2025-08-19 15:50:00+07:00
MDKI.JK,OK,121,5,121,2025-08-19 13:50:00+07:00,2025-08-19 15:50:00+07:00,,2025-08-19 13:50:00+07:00,2025-08-19 15:50:00+07:00
MDLA.JK,OK,121,53,121,2025-08-19 13:50:00+07:00,2025-08-19 15:50:00+07:00,,2025-08-19 13:50:00+07:00,2025-08-19 15:50:00+07:00
MDLN.JK,OK,121,92,121,2025-08-19 13:50:00+07:00,2025-08-19 15:50:00+07:00,,2025-08-19 13:50:00+07:00,2025-08-19 15:50:00+07:00
MEDC.JK,OK,121,101,121,2025-08-19 13:50:00+07:00,2025-08-19 15:50:00+07:00,,2025-08-19 13:50:00+07:00,2025-08-19 15:50:00+07:00
MEDS.JK,OK,121,74,121,2025-08-19 13:50:00+07:00,2025-08-19 15:50:00+07:00,,2025-08-19 13:50:00+07:00,2025-08-19 15:50:00+07:00
MEGA.JK,OK,121,6,121,2025-08-19 13:50:00+07:00,2025-08-19 15:50:00+07:00,,2025-08-19 13:50:00+07:00,2025-08-19 15:50:00+07:00
MERI.JK,OK,121,100,121,2025-08-19 13:50:00+07:00,2025-08-19 15:50:00+07:00,,2025-08-19 13:50:00+07:00,2025-08-19 15:50:00+07:00
MERK.JK,OK,121,13,121,2025-08-19 13:50:00+07:00,2025-08-19 15:50:00+07:00,,2025-08-19 13:50:00+07:00,2025-08-19 15:50:00+07:00
MFIN.JK,OK,121,30,121,2025-08-19 13:50:00+07:00,2025-08-19 15:50:00+07:00,,2025-08-19 13:50:00+07:00,2025-08-19 15:50:00+07:00
MGLV.JK,OK,121,36,121,2025-08-19 13:50:00+07:00,2025-08-19 15:50:00+07:00,,2025-08-19 13:50:00+07:00,2025-08-19 15:50:00+07:00
MGRO.JK,OK,121,35,121,2025-08-19 13:50:00+07:00,2025-08-19 15:50:00+07:00,,2025-08-19 13:50:00+07:00,2025-08-19 15:50:00+07:00
MHKI.JK,OK,121,26,121,2025-08-19 13:50:00+07:00,2025-08-19 15:50:00+07:00,,2025-08-19 13:50:00+07:00,2025-08-19 15:50:00+07:00
MICE.JK,OK,121,12,121,2025-08-19 13:50:00+07:00,2025-08-19 15:50:00+07:00,,2025-08-19 13:50:00+07:00,2025-08-19 15:50:00+07:00
MIDI.JK,OK,121,94,121,2025-08-19 13:50:00+07:00,2025-08-19 15:50:00+07:00,,2025-08-19 13:50:00+07:00,2025-08-19 15:50:00+07:00
MIKA.JK,OK,121,106,121,2025-08-19 13:50:00+07:00,2025-08-19 15:50:00+07:00,,2025-08-19 13:50:00+07:00,2025-08-19 15:50:00+07:00
MINA.JK,EMPTY_YF,0,0,0,,,,,
MINE.JK,OK,121,78,121,2025-08-19 13:50:00+07:00,2025-08-19 15:50:00+07:00,,2025-08-19 13:50:00+07:00,2025-08-19 15:50:00+07:00
MITI.JK,OK,121,22,121,2025-08-19 13:50:00+07:00,2025-08-19 15:50:00+07:00,,2025-08-19 13:50:00+07:00,2025-08-19 15:50:00+07:00
MKAP.JK,OK,121,3,121,2025-08-19 13:50:00+07:00,2025-08-19 15:50:00+07:00,,2025-08-19 13:50:00+07:00,2025-08-19 15:50:00+07:00
MKPI.JK,OK,121,2,121,2025-08-19 13:50:00+07:00,2025-08-19 15:50:00+07:00,,2025-08-19 13:50:00+07:00,2025-08-19 15:50:00+07:00
MKTR.JK,OK,121,11,121,2025-08-19 13:50:00+07:00,2025-08-19 15:50:00+07:00,,2025-08-19 13:50:00+07:00,2025-08-19 15:50:00+07:00
MLBI.JK,OK,121,32,121,2025-08-19 13:50:00+07:00,2025-08-19 15:50:00+07:00,,2025-08-19 13:50:00+07:00,2025-08-19 15:50:00+07:00
MLIA.JK,OK,121,37,121,2025-08-19 13:50:00+07:00,2025-08-19 15:50:00+07:00,,2025-08-19 13:50:00+07:00,2025-08-19 15:50:00+07:00
MLPL.JK,OK,121,119,121,2025-08-19 13:50:00+07:00,2025-08-19 15:50:00+07:00,,2025-08-19 13:50:00+07:00,2025-08-19 15:50:00+07:00
MLPT.JK,OK,121,79,121,2025-08-19 13:50:00+07:00,2025-08-19 15:50:00+07:00,,2025-08-19 13:50:00+07:00,2025-08-19 15:50:00+07:00
MMIX.JK,OK,121,41,121,2025-08-19 13:50:00+07:00,2025-08-19 15:50:00+07:00,,2025-08-19 13:50:00+07:00,2025-08-19 15:50:00+07:00
MMLP.JK,OK,121,96,121,2025-08-19 13:50:00+07:00,2025-08-19 15:50:00+07:00,,2025-08-19 13:50:00+07:00,2025-08-19 15:50:00+07:00
MNCN.JK,OK,121,72,121,2025-08-19 13:50:00+07:00,2025-08-19 15:50:00+07:00,,2025-08-19 13:50:00+07:00,2025-08-19 15:50:00+07:00
MOLI.JK,OK,121,13,121,2025-08-19 13:50:00+07:00,2025-08-19 15:50:00+07:00,,2025-08-19 13:50:00+07:00,2025-08-19 15:50:00+07:00
MORA.JK,OK,121,49,121,2025-08-19 13:50:00+07:00,2025-08-19 15:50:00+07:00,,2025-08-19 13:50:00+07:00,2025-08-19 15:50:00+07:00
MPIX.JK,OK,121,117,121,2025-08-19 13:50:00+07:00,2025-08-19 15:50:00+07:00,,2025-08-19 13:50:00+07:00,2025-08-19 15:50:00+07:00
MPMX.JK,OK,121,82,121,2025-08-19 13:50:00+07:00,2025-08-19 15:50:00+07:00,,2025-08-19 13:50:00+07:00,2025-08-19 15:50:00+07:00
MPOW.JK,OK,121,21,121,2025-08-19 13:50:00+07:00,2025-08-19 15:50:00+07:00,,2025-08-19 13:50:00+07:00,2025-08-19 15:50:00+07:00
MPPA.JK,OK,121,111,121,2025-08-19 13:50:00+07:00,2025-08-19 15:50:00+07:00,,2025-08-19 13:50:00+07:00,2025-08-19 15:50:00+07:00
MPRO.JK,OK,121,11,121,2025-08-19 13:50:00+07:00,2025-08-19 15:50:00+07:00,,2025-08-19 13:50:00+07:00,2025-08-19 15:50:00+07:00
MPXL.JK,OK,121,35,121,2025-08-19 13:50:00+07:00,2025-08-19 15:50:00+07:00,,2025-08-19 13:50:00+07:00,2025-08-19 15:50:00+07:00
MRAT.JK,OK,121,17,121,2025-08-19 13:50:00+07:00,2025-08-19 15:50:00+07:00,,2025-08-19 13:50:00+07:00,2025-08-19 15:50:00+07:00
MREI.JK,OK,121,10,121,2025-08-19 13:50:00+07:00,2025-08-19 15:50:00+07:00,,2025-08-19 13:50:00+07:00,2025-08-19 15:50:00+07:00
MSIN.JK,OK,121,88,121,2025-08-19 13:50:00+07:00,2025-08-19 15:50:00+07:00,,2025-08-19 13:50:00+07:00,2025-08-19 15:50:00+07:00
MSJA.JK,OK,121,22,121,2025-08-19 13:50:00+07:00,2025-08-19 15:50:00+07:00,,2025-08-19 13:50:00+07:00,2025-08-19 15:50:00+07:00
MSKY.JK,OK,121,65,121,2025-08-19 13:50:00+07:00,2025-08-19 15:50:00+07:00,,2025-08-19 13:50:00+07:00,2025-08-19 15:50:00+07:00
MSTI.JK,OK,121,39,121,2025-08-19 13:50:00+07:00,2025-08-19 15:50:00+07:00,,2025-08-19 13:50:00+07:00,2025-08-19 15:50:00+07:00
MTDL.JK,OK,121,63,121,2025-08-19 13:50:00+07:00,2025-08-19 15:50:00+07:00,,2025-08-19 13:50:00+07:00,2025-08-19 15:50:00+07:00
MTEL.JK,OK,121,103,121,2025-08-19 13:50:00+07:00,2025-08-19 15:50:00+07:00,,2025-08-19 13:50:00+07:00,2025-08-19 15:50:00+07:00
MTLA.JK,OK,121,5,121,2025-08-19 13:50:00+07:00,2025-08-19 15:50:00+07:00,,2025-08-19 13:50:00+07:00,2025-08-19 15:50:00+07:00
MTMH.JK,OK,121,8,121,2025-08-19 13:50:00+07:00,2025-08-19 15:50:00+07:00,,2025-08-19 13:50:00+07:00,2025-08-19 15:50:00+07:00
MTWI.JK,OK,121,48,121,2025-08-19 13:50:00+07:00,2025-08-19 15:50:00+07:00,,2025-08-19 13:50:00+07:00,2025-08-19 15:50:00+07:00
MUTU.JK,OK,121,12,121,2025-08-19 13:50:00+07:00,2025-08-19 15:50:00+07:00,,2025-08-19 13:50:00+07:00,2025-08-19 15:50:00+07:00
MYOH.JK,OK,121,9,121,2025-08-19 13:50:00+07:00,2025-08-19 15:50:00+07:00,,2025-08-19 13:50:00+07:00,2025-08-19 15:50:00+07:00
MYOR.JK,OK,121,105,121,2025-08-19 13:50:00+07:00,2025-08-19 15:50:00+07:00,,2025-08-19 13:50:00+07:00,2025-08-19 15:50:00+07:00
NAIK.JK,OK,0,316,316,2025-08-19 09:00:00+07:00,2025-08-19 15:49:00+07:00,,2025-08-19 09:00:00+07:00,
NASI.JK,OK,0,160,160,2025-08-19 09:00:00+07:00,2025-08-19 15:49:00+07:00,,2025-08-19 09:00:00+07:00,
NATO.JK,OK,0,80,80,2025-08-19 09:00:00+07:00,2025-08-19 15:49:00+07:00,,2025-08-19 09:00:00+07:00,
NAYZ.JK,OK,0,122,122,2025-08-19 09:00:00+07:00,2025-08-19 15:46:00+07:00,,2025-08-19 09:00:00+07:00,
NCKL.JK,OK,0,317,317,2025-08-19 09:00:00+07:00,2025-08-19 15:49:00+07:00,,2025-08-19 09:00:00+07:00,
NELY.JK,OK,0,70,70,2025-08-19 09:00:00+07:00,2025-08-19 15:49:00+07:00,,2025-08-19 09:00:00+07:00,
NEST.JK,OK,0,180,180,2025-08-19 09:00:00+07:00,2025-08-19 15:47:00+07:00,,2025-08-19 09:00:00+07:00,
NETV.JK,OK,0,168,168,2025-08-19 09:00:00+07:00,2025-08-19 15:49:00+07:00,,2025-08-19 09:00:00+07:00,
NFCX.JK,OK,0,44,44,2025-08-19 09:03:00+07:00,2025-08-19 15:49:00+07:00,,2025-08-19 09:00:00+07:00,
NICE.JK,OK,0,187,187,2025-08-19 09:00:00+07:00,2025-08-19 15:49:00+07:00,,2025-08-19 09:00:00+07:00,
NICK.JK,OK,0,30,30,2025-08-19 09:07:00+07:00,2025-08-19 15:44:00+07:00,,2025-08-19 09:00:00+07:00,
NICL.JK,OK,0,274,274,2025-08-19 09:00:00+07:00,2025-08-19 15:49:00+07:00,,2025-08-19 09:00:00+07:00,
NIKL.JK,OK,0,58,58,2025-08-19 09:00:00+07:00,2025-08-19 15:49:00+07:00,,2025-08-19 09:00:00+07:00,
NINE.JK,OK,0,248,248,2025-08-19 09:00:00+07:00,2025-08-19 15:48:00+07:00,,2025-08-19 09:00:00+07:00,
NIRO.JK,OK,0,27,27,2025-08-19 09:00:00+07:00,2025-08-19 15:49:00+07:00,,2025-08-19 09:00:00+07:00,
NISP.JK,OK,0,253,253,2025-08-19 09:00:00+07:00,2025-08-19 15:49:00+07:00,,2025-08-19 09:00:00+07:00,
NOBU.JK,OK,121,47,121,2025-08-19 13:50:00+07:00,2025-08-19 15:50:00+07:00,,2025-08-19 13:50:00+07:00,2025-08-19 15:50:00+07:00
NPGF.JK,OK,0,117,117,2025-08-19 09:00:00+07:00,2025-08-19 15:49:00+07:00,,2025-08-19 09:00:00+07:00,
NRCA.JK,OK,0,267,267,2025-08-19 09:00:00+07:00,2025-08-19 15:49:00+07:00,,2025-08-19 09:00:00+07:00,
NSSS.JK,OK,0,170,170,2025-08-19 09:00:00+07:00,2025-08-19 15:49:00+07:00,,2025-08-19 09:00:00+07:00,
NTBK.JK,OK,0,310,310,2025-08-19 09:00:00+07:00,2025-08-19 15:49:00+07:00,,2025-08-19 09:00:00+07:00,
NZIA.JK,OK,0,107,107,2025-08-19 09:05:00+07:00,2025-08-19 15:49:00+07:00,,2025-08-19 09:00:00+07:00,
OASA.JK,OK,0,285,285,2025-08-19 09:00:00+07:00,2025-08-19 15:49:00+07:00,,2025-08-19 09:00:00+07:00,
OBAT.JK,OK,0,279,279,2025-08-19 09:00:00+07:00,2025-08-19 15:49:00+07:00,,2025-08-19 09:00:00+07:00,
OBMD.JK,OK,0,28,28,2025-08-19 09:04:00+07:00,2025-08-19 15:18:00+07:00,,2025-08-19 09:00:00+07:00,
OILS.JK,OK,0,164,164,2025-08-19 09:00:00+07:00,2025-08-19 15:48:00+07:00,,2025-08-19 09:00:00+07:00,
OKAS.JK,OK,0,175,175,2025-08-19 09:00:00+07:00,2025-08-19 15:49:00+07:00,,2025-08-19 09:00:00+07:00,
OMED.JK,OK,0,111,111,2025-08-19 09:00:00+07:00,2025-08-19 15:49:00+07:00,,2025-08-19 09:00:00+07:00,
OMRE.JK,OK,0,1,1,2025-08-19 09:55:00+07:00,2025-08-19 09:55:00+07:00,,2025-08-19 09:00:00+07:00,
OPMS.JK,OK,0,168,168,2025-08-19 09:00:00+07:00,2025-08-19 15:49:00+07:00,,2025-08-19 09:00:00+07:00,
PACK.JK,OK,121,118,121,2025-08-19 13:50:00+07:00,2025-08-19 15:50:00+07:00,,2025-08-19 13:50:00+07:00,2025-08-19 15:50:00+07:00
PADI.JK,OK,121,1,121,2025-08-19 13:50:00+07:00,2025-08-19 15:50:00+07:00,,2025-08-19 13:50:00+07:00,2025-08-19 15:50:00+07:00
PALM.JK,OK,121,20,121,2025-08-19 13:50:00+07:00,2025-08-19 15:50:00+07:00,,2025-08-19 13:50:00+07:00,2025-08-19 15:50:00+07:00
PAMG.JK,OK,121,102,121,2025-08-19 13:50:00+07:00,2025-08-19 15:50:00+07:00,,2025-08-19 13:50:00+07:00,2025-08-19 15:50:00+07:00
PANI.JK,OK,121,119,121,2025-08-19 13:50:00+07:00,2025-08-19 15:50:00+07:00,,2025-08-19 13:50:00+07:00,2025-08-19 15:50:00+07:00
PANR.JK,OK,121,98,121,2025-08-19 13:50:00+07:00,2025-08-19 15:50:00+07:00,,2025-08-19 13:50:00+07:00,2025-08-19 15:50:00+07:00
PART.JK,OK,121,95,121,2025-08-19 13:50:00+07:00,2025-08-19 15:50:00+07:00,,2025-08-19 13:50:00+07:00,2025-08-19 15:50:00+07:00
PBID.JK,OK,121,21,121,2025-08-19 13:50:00+07:00,2025-08-19 15:50:00+07:00,,2025-08-19 13:50:00+07:00,2025-08-19 15:50:00+07:00
PBSA.JK,OK,121,92,121,2025-08-19 13:50:00+07:00,2025-08-19 15:50:00+07:00,,2025-08-19 13:50:00+07:00,2025-08-19 15:50:00+07:00
PDES.JK,OK,121,1,121,2025-08-19 13:50:00+07:00,2025-08-19 15:50:00+07:00,,2025-08-19 13:50:00+07:00,2025-08-19 15:50:00+07:00
PDPP.JK,OK,121,6,121,2025-08-19 13:50:00+07:00,2025-08-19 15:50:00+07:00,,2025-08-19 13:50:00+07:00,2025-08-19 15:50:00+07:00
PEGE.JK,OK,121,19,121,2025-08-19 13:50:00+07:00,2025-08-19 15:50:00+07:00,,2025-08-19 13:50:00+07:00,2025-08-19 15:50:00+07:00
PEHA.JK,OK,121,3,121,2025-08-19 13:50:00+07:00,2025-08-19 15:50:00+07:00,,2025-08-19 13:50:00+07:00,2025-08-19 15:50:00+07:00
PEVE.JK,OK,121,10,121,2025-08-19 13:50:00+07:00,2025-08-19 15:50:00+07:00,,2025-08-19 13:50:00+07:00,2025-08-19 15:50:00+07:00
PGAS.JK,OK,121,119,121,2025-08-19 13:50:00+07:00,2025-08-19 15:50:00+07:00,,2025-08-19 13:50:00+07:00,2025-08-19 15:50:00+07:00
PGEO.JK,OK,121,119,121,2025-08-19 13:50:00+07:00,2025-08-19 15:50:00+07:00,,2025-08-19 13:50:00+07:00,2025-08-19 15:50:00+07:00
PGLI.JK,OK,121,48,121,2025-08-19 13:50:00+07:00,2025-08-19 15:50:00+07:00,,2025-08-19 13:50:00+07:00,2025-08-19 15:50:00+07:00
PGUN.JK,OK,121,1,121,2025-08-19 13:50:00+07:00,2025-08-19 15:50:00+07:00,,2025-08-19 13:50:00+07:00,2025-08-19 15:50:00+07:00
PICO.JK,OK,121,13,121,2025-08-19 13:50:00+07:00,2025-08-19 15:50:00+07:00,,2025-08-19 13:50:00+07:00,2025-08-19 15:50:00+07:00
PIPA.JK,OK,121,1,121,2025-08-19 13:50:00+07:00,2025-08-19 15:50:00+07:00,,2025-08-19 13:50:00+07:00,2025-08-19 15:50:00+07:00
PJAA.JK,OK,121,19,121,2025-08-19 13:50:00+07:00,2025-08-19 15:50:00+07:00,,2025-08-19 13:50:00+07:00,2025-08-19 15:50:00+07:00
PKPK.JK,OK,121,8,121,2025-08-19 13:50:00+07:00,2025-08-19 15:50:00+07:00,,2025-08-19 13:50:00+07:00,2025-08-19 15:50:00+07:00
PMJS.JK,OK,121,6,121,2025-08-19 13:50:00+07:00,2025-08-19 15:50:00+07:00,,2025-08-19 13:50:00+07:00,2025-08-19 15:50:00+07:00
PMMP.JK,EMPTY_YF,0,0,0,,,,,
PMUI.JK,OK,121,41,121,2025-08-19 13:50:00+07:00,2025-08-19 15:50:00+07:00,,2025-08-19 13:50:00+07:00,2025-08-19 15:50:00+07:00
PNBN.JK,OK,121,101,121,2025-08-19 13:50:00+07:00,2025-08-19 15:50:00+07:00,,2025-08-19 13:50:00+07:00,2025-08-19 15:50:00+07:00
PNBS.JK,OK,121,57,121,2025-08-19 13:50:00+07:00,2025-08-19 15:50:00+07:00,,2025-08-19 13:50:00+07:00,2025-08-19 15:50:00+07:00
PNGO.JK,OK,121,14,121,2025-08-19 13:50:00+07:00,2025-08-19 15:50:00+07:00,,2025-08-19 13:50:00+07:00,2025-08-19 15:50:00+07:00
PNIN.JK,OK,121,10,121,2025-08-19 13:50:00+07:00,2025-08-19 15:50:00+07:00,,2025-08-19 13:50:00+07:00,2025-08-19 15:50:00+07:00
PNLF.JK,OK,121,118,121,2025-08-19 13:50:00+07:00,2025-08-19 15:50:00+07:00,,2025-08-19 13:50:00+07:00,2025-08-19 15:50:00+07:00
PNSE.JK,OK,121,14,121,2025-08-19 13:50:00+07:00,2025-08-19 15:50:00+07:00,,2025-08-19 13:50:00+07:00,2025-08-19 15:50:00+07:00
POLI.JK,EMPTY_YF,0,0,0,,,,,
PORT.JK,OK,121,5,121,2025-08-19 13:50:00+07:00,2025-08-19 15:50:00+07:00,,2025-08-19 13:50:00+07:00,2025-08-19 15:50:00+07:00
POWR.JK,OK,121,75,121,2025-08-19 13:50:00+07:00,2025-08-19 15:50:00+07:00,,2025-08-19 13:50:00+07:00,2025-08-19 15:50:00+07:00
PPGL.JK,OK,121,21,121,2025-08-19 13:50:00+07:00,2025-08-19 15:50:00+07:00,,2025-08-19 13:50:00+07:00,2025-08-19 15:50:00+07:00
PPRE.JK,OK,121,103,121,2025-08-19 13:50:00+07:00,2025-08-19 15:50:00+07:00,,2025-08-19 13:50:00+07:00,2025-08-19 15:50:00+07:00
PPRI.JK,OK,121,71,121,2025-08-19 13:50:00+07:00,2025-08-19 15:50:00+07:00,,2025-08-19 13:50:00+07:00,2025-08-19 15:50:00+07:00
PRAY.JK,OK,121,3,121,2025-08-19 13:50:00+07:00,2025-08-19 15:50:00+07:00,,2025-08-19 13:50:00+07:00,2025-08-19 15:50:00+07:00
PRDA.JK,OK,121,16,121,2025-08-19 13:50:00+07:00,2025-08-19 15:50:00+07:00,,2025-08-19 13:50:00+07:00,2025-08-19 15:50:00+07:00
PRIM.JK,OK,121,31,121,2025-08-19 13:50:00+07:00,2025-08-19 15:50:00+07:00,,2025-08-19 13:50:00+07:00,2025-08-19 15:50:00+07:00
PSAB.JK,OK,121,119,121,2025-08-19 13:50:00+07:00,2025-08-19 15:50:00+07:00,,2025-08-19 13:50:00+07:00,2025-08-19 15:50:00+07:00
PSAT.JK,OK,121,90,121,2025-08-19 13:50:00+07:00,2025-08-19 15:50:00+07:00,,2025-08-19 13:50:00+07:00,2025-08-19 15:50:00+07:00
PSDN.JK,OK,121,11,121,2025-08-19 13:50:00+07:00,2025-08-19 15:50:00+07:00,,2025-08-19 13:50:00+07:00,2025-08-19 15:50:00+07:00
PSGO.JK,OK,121,34,121,2025-08-19 13:50:00+07:00,2025-08-19 15:50:00+07:00,,2025-08-19 13:50:00+07:00,2025-08-19 15:50:00+07:00
PSKT.JK,OK,121,1,121,2025-08-19 13:50:00+07:00,2025-08-19 15:50:00+07:00,,2025-08-19 13:50:00+07:00,2025-08-19 15:50:00+07:00
PSSI.JK,OK,121,27,121,2025-08-19 13:50:00+07:00,2025-08-19 15:50:00+07:00,,2025-08-19 13:50:00+07:00,2025-08-19 15:50:00+07:00
PTBA.JK,OK,121,117,121,2025-08-19 13:50:00+07:00,2025-08-19 15:50:00+07:00,,2025-08-19 13:50:00+07:00,2025-08-19 15:50:00+07:00
PTIS.JK,OK,121,4,121,2025-08-19 13:50:00+07:00,2025-08-19 15:50:00+07:00,,2025-08-19 13:50:00+07:00,2025-08-19 15:50:00+07:00
PTMP.JK,OK,121,98,121,2025-08-19 13:50:00+07:00,2025-08-19 15:50:00+07:00,,2025-08-19 13:50:00+07:00,2025-08-19 15:50:00+07:00
PTPP.JK,OK,121,93,121,2025-08-19 13:50:00+07:00,2025-08-19 15:50:00+07:00,,2025-08-19 13:50:00+07:00,2025-08-19 15:50:00+07:00
PTPS.JK,OK,121,105,121,2025-08-19 13:50:00+07:00,2025-08-19 15:50:00+07:00,,2025-08-19 13:50:00+07:00,2025-08-19 15:50:00+07:00
PTPW.JK,OK,121,1,121,2025-08-19 13:50:00+07:00,2025-08-19 15:50:00+07:00,,2025-08-19 13:50:00+07:00,2025-08-19 15:50:00+07:00
PTRO.JK,OK,121,119,121,2025-08-19 13:50:00+07:00,2025-08-19 15:50:00+07:00,,2025-08-19 13:50:00+07:00,2025-08-19 15:50:00+07:00
PTSN.JK,OK,121,33,121,2025-08-19 13:50:00+07:00,2025-08-19 15:50:00+07:00,,2025-08-19 13:50:00+07:00,2025-08-19 15:50:00+07:00
PTSP.JK,OK,121,6,121,2025-08-19 13:50:00+07:00,2025-08-19 15:50:00+07:00,,2025-08-19 13:50:00+07:00,2025-08-19 15:50:00+07:00
PUDP.JK,OK,121,18,121,2025-08-19 13:50:00+07:00,2025-08-19 15:50:00+07:00,,2025-08-19 13:50:00+07:00,2025-08-19 15:50:00+07:00
PURI.JK,OK,121,4,121,2025-08-19 13:50:00+07:00,2025-08-19 15:50:00+07:00,,2025-08-19 13:50:00+07:00,2025-08-19 15:50:00+07:00
PWON.JK,OK,121,119,121,2025-08-19 13:50:00+07:00,2025-08-19 15:50:00+07:00,,2025-08-19 13:50:00+07:00,2025-08-19 15:50:00+07:00
PYFA.JK,EMPTY_YF,0,0,0,,,,,
PZZA.JK,OK,121,95,121,2025-08-19 13:50:00+07:00,2025-08-19 15:50:00+07:00,,2025-08-19 13:50:00+07:00,2025-08-19 15:50:00+07:00
RAAM.JK,OK,121,46,121,2025-08-19 13:50:00+07:00,2025-08-19 15:50:00+07:00,,2025-08-19 13:50:00+07:00,2025-08-19 15:50:00+07:00
RAJA.JK,OK,121,119,121,2025-08-19 13:50:00+07:00,2025-08-19 15:50:00+07:00,,2025-08-19 13:50:00+07:00,2025-08-19 15:50:00+07:00
RALS.JK,OK,121,54,121,2025-08-19 13:50:00+07:00,2025-08-19 15:50:00+07:00,,2025-08-19 13:50:00+07:00,2025-08-19 15:50:00+07:00
RANC.JK,OK,121,2,121,2025-08-19 13:50:00+07:00,2025-08-19 15:50:00+07:00,,2025-08-19 13:50:00+07:00,2025-08-19 15:50:00+07:00
RATU.JK,OK,121,118,121,2025-08-19 13:50:00+07:00,2025-08-19 15:50:00+07:00,,2025-08-19 13:50:00+07:00,2025-08-19 15:50:00+07:00
RCCC.JK,OK,121,61,121,2025-08-19 13:50:00+07:00,2025-08-19 15:50:00+07:00,,2025-08-19 13:50:00+07:00,2025-08-19 15:50:00+07:00
RDTX.JK,EMPTY_YF,0,0,0,,,,,
RELI.JK,OK,121,12,121,2025-08-19 13:50:00+07:00,2025-08-19 15:50:00+07:00,,2025-08-19 13:50:00+07:00,2025-08-19 15:50:00+07:00
RGAS.JK,OK,121,49,121,2025-08-19 13:50:00+07:00,2025-08-19 15:50:00+07:00,,2025-08-19 13:50:00+07:00,2025-08-19 15:50:00+07:00
RIGS.JK,OK,121,7,121,2025-08-19 13:50:00+07:00,2025-08-19 15:50:00+07:00,,2025-08-19 13:50:00+07:00,2025-08-19 15:50:00+07:00
RISE.JK,OK,121,8,121,2025-08-19 13:50:00+07:00,2025-08-19 15:50:00+07:00,,2025-08-19 13:50:00+07:00,2025-08-19 15:50:00+07:00
RMKE.JK,OK,121,28,121,2025-08-19 13:50:00+07:00,2025-08-19 15:50:00+07:00,,2025-08-19 13:50:00+07:00,2025-08-19 15:50:00+07:00
RMKO.JK,OK,121,10,121,2025-08-19 13:50:00+07:00,2025-08-19 15:50:00+07:00,,2025-08-19 13:50:00+07:00,2025-08-19 15:50:00+07:00
ROCK.JK,EMPTY_YF,0,0,0,,,,,
ROTI.JK,OK,121,23,121,2025-08-19 13:50:00+07:00,2025-08-19 15:50:00+07:00,,2025-08-19 13:50:00+07:00,2025-08-19 15:50:00+07:00
RSCH.JK,OK,121,10,121,2025-08-19 13:50:00+07:00,2025-08-19 15:50:00+07:00,,2025-08-19 13:50:00+07:00,2025-08-19 15:50:00+07:00
RUIS.JK,OK,121,34,121,2025-08-19 13:50:00+07:00,2025-08-19 15:50:00+07:00,,2025-08-19 13:50:00+07:00,2025-08-19 15:50:00+07:00
RUNS.JK,OK,121,30,121,2025-08-19 13:50:00+07:00,2025-08-19 15:50:00+07:00,,2025-08-19 13:50:00+07:00,2025-08-19 15:50:00+07:00
SAFE.JK,OK,121,31,121,2025-08-19 13:50:00+07:00,2025-08-19 15:50:00+07:00,,2025-08-19 13:50:00+07:00,2025-08-19 15:50:00+07:00
SAME.JK,OK,121,110,121,2025-08-19 13:50:00+07:00,2025-08-19 15:50:00+07:00,,2025-08-19 13:50:00+07:00,2025-08-19 15:50:00+07:00
SAMF.JK,OK,121,18,121,2025-08-19 13:50:00+07:00,2025-08-19 15:50:00+07:00,,2025-08-19 13:50:00+07:00,2025-08-19 15:50:00+07:00
SAPX.JK,OK,121,40,121,2025-08-19 13:50:00+07:00,2025-08-19 15:50:00+07:00,,2025-08-19 13:50:00+07:00,2025-08-19 15:50:00+07:00
SATU.JK,OK,121,14,121,2025-08-19 13:50:00+07:00,2025-08-19 15:50:00+07:00,,2025-08-19 13:50:00+07:00,2025-08-19 15:50:00+07:00
SBMA.JK,OK,121,28,121,2025-08-19 13:50:00+07:00,2025-08-19 15:50:00+07:00,,2025-08-19 13:50:00+07:00,2025-08-19 15:50:00+07:00
SCCO.JK,OK,121,19,121,2025-08-19 13:50:00+07:00,2025-08-19 15:50:00+07:00,,2025-08-19 13:50:00+07:00,2025-08-19 15:50:00+07:00
SCMA.JK,OK,121,119,121,2025-08-19 13:50:00+07:00,2025-08-19 15:50:00+07:00,,2025-08-19 13:50:00+07:00,2025-08-19 15:50:00+07:00
SCNP.JK,OK,121,8,121,2025-08-19 13:50:00+07:00,2025-08-19 15:50:00+07:00,,2025-08-19 13:50:00+07:00,2025-08-19 15:50:00+07:00
SDPC.JK,OK,121,6,121,2025-08-19 13:50:00+07:00,2025-08-19 15:50:00+07:00,,2025-08-19 13:50:00+07:00,2025-08-19 15:50:00+07:00
SDRA.JK,OK,121,35,121,2025-08-19 13:50:00+07:00,2025-08-19 15:50:00+07:00,,2025-08-19 13:50:00+07:00,2025-08-19 15:50:00+07:00
SEMA.JK,OK,121,15,121,2025-08-19 13:50:00+07:00,2025-08-19 15:50:00+07:00,,2025-08-19 13:50:00+07:00,2025-08-19 15:50:00+07:00
SFAN.JK,OK,121,7,121,2025-08-19 13:50:00+07:00,2025-08-19 15:50:00+07:00,,2025-08-19 13:50:00+07:00,2025-08-19 15:50:00+07:00
SGER.JK,OK,121,76,121,2025-08-19 13:50:00+07:00,2025-08-19 15:50:00+07:00,,2025-08-19 13:50:00+07:00,2025-08-19 15:50:00+07:00
SGRO.JK,OK,121,113,121,2025-08-19 13:50:00+07:00,2025-08-19 15:50:00+07:00,,2025-08-19 13:50:00+07:00,2025-08-19 15:50:00+07:00
SHID.JK,OK,121,7,121,2025-08-19 13:50:00+07:00,2025-08-19 15:50:00+07:00,,2025-08-19 13:50:00+07:00,2025-08-19 15:50:00+07:00
SHIP.JK,OK,121,51,121,2025-08-19 13:50:00+07:00,2025-08-19 15:50:00+07:00,,2025-08-19 13:50:00+07:00,2025-08-19 15:50:00+07:00
SICO.JK,OK,121,23,121,2025-08-19 13:50:00+07:00,2025-08-19 15:50:00+07:00,,2025-08-19 13:50:00+07:00,2025-08-19 15:50:00+07:00
SIDO.JK,OK,121,118,121,2025-08-19 13:50:00+07:00,2025-08-19 15:50:00+07:00,,2025-08-19 13:50:00+07:00,2025-08-19 15:50:00+07:00
SILO.JK,OK,121,117,121,2025-08-19 13:50:00+07:00,2025-08-19 15:50:00+07:00,,2025-08-19 13:50:00+07:00,2025-08-19 15:50:00+07:00
SIMP.JK,OK,121,103,121,2025-08-19 13:50:00+07:00,2025-08-19 15:50:00+07:00,,2025-08-19 13:50:00+07:00,2025-08-19 15:50:00+07:00
SINI.JK,OK,121,1,121,2025-08-19 13:50:00+07:00,2025-08-19 15:50:00+07:00,,2025-08-19 13:50:00+07:00,2025-08-19 15:50:00+07:00
SIPD.JK,OK,121,1,121,2025-08-19 13:50:00+07:00,2025-08-19 15:50:00+07:00,,2025-08-19 13:50:00+07:00,2025-08-19 15:50:00+07:00
SKBM.JK,OK,121,2,121,2025-08-19 13:50:00+07:00,2025-08-19 15:50:00+07:00,,2025-08-19 13:50:00+07:00,2025-08-19 15:50:00+07:00
SKLT.JK,OK,121,42,121,2025-08-19 13:50:00+07:00,2025-08-19 15:50:00+07:00,,2025-08-19 13:50:00+07:00,2025-08-19 15:50:00+07:00
SKRN.JK,OK,121,6,121,2025-08-19 13:50:00+07:00,2025-08-19 15:50:00+07:00,,2025-08-19 13:50:00+07:00,2025-08-19 15:50:00+07:00
SLIS.JK,OK,121,105,121,2025-08-19 13:50:00+07:00,2025-08-19 15:50:00+07:00,,2025-08-19 13:50:00+07:00,2025-08-19 15:50:00+07:00
SMAR.JK,OK,121,72,121,2025-08-19 13:50:00+07:00,2025-08-19 15:50:00+07:00,,2025-08-19 13:50:00+07:00,2025-08-19 15:50:00+07:00
SMBR.JK,OK,121,104,121,2025-08-19 13:50:00+07:00,2025-08-19 15:50:00+07:00,,2025-08-19 13:50:00+07:00,2025-08-19 15:50:00+07:00
SMDM.JK,OK,121,24,121,2025-08-19 13:50:00+07:00,2025-08-19 15:50:00+07:00,,2025-08-19 13:50:00+07:00,2025-08-19 15:50:00+07:00
SMDR.JK,OK,121,100,121,2025-08-19 13:50:00+07:00,2025-08-19 15:50:00+07:00,,2025-08-19 13:50:00+07:00,2025-08-19 15:50:00+07:00
SMGA.JK,OK,121,97,121,2025-08-19 13:50:00+07:00,2025-08-19 15:50:00+07:00,,2025-08-19 13:50:00+07:00,2025-08-19 15:50:00+07:00
SMGR.JK,OK,121,102,121,2025-08-19 13:50:00+07:00,2025-08-19 15:50:00+07:00,,2025-08-19 13:50:00+07:00,2025-08-19 15:50:00+07:00
SMIL.JK,OK,121,89,121,2025-08-19 13:50:00+07:00,2025-08-19 15:50:00+07:00,,2025-08-19 13:50:00+07:00,2025-08-19 15:50:00+07:00
SMKL.JK,OK,121,12,121,2025-08-19 13:50:00+07:00,2025-08-19 15:50:00+07:00,,2025-08-19 13:50:00+07:00,2025-08-19 15:50:00+07:00
SMKM.JK,OK,121,26,121,2025-08-19 13:50:00+07:00,2025-08-19 15:50:00+07:00,,2025-08-19 13:50:00+07:00,2025-08-19 15:50:00+07:00
SMLE.JK,OK,121,80,121,2025-08-19 13:50:00+07:00,2025-08-19 15:50:00+07:00,,2025-08-19 13:50:00+07:00,2025-08-19 15:50:00+07:00
SMMA.JK,OK,121,14,121,2025-08-19 13:50:00+07:00,2025-08-19 15:50:00+07:00,,2025-08-19 13:50:00+07:00,2025-08-19 15:50:00+07:00
SMMT.JK,OK,121,12,121,2025-08-19 13:50:00+07:00,2025-08-19 15:50:00+07:00,,2025-08-19 13:50:00+07:00,2025-08-19 15:50:00+07:00
SMRA.JK,OK,121,117,121,2025-08-19 13:50:00+07:00,2025-08-19 15:50:00+07:00,,2025-08-19 13:50:00+07:00,2025-08-19 15:50:00+07:00
SMSM.JK,OK,121,56,121,2025-08-19 13:50:00+07:00,2025-08-19 15:50:00+07:00,,2025-08-19 13:50:00+07:00,2025-08-19 15:50:00+07:00
SNLK.JK,OK,121,30,121,2025-08-19 13:50:00+07:00,2025-08-19 15:50:00+07:00,,2025-08-19 13:50:00+07:00,2025-08-19 15:50:00+07:00
SOCI.JK,OK,121,21,121,2025-08-19 13:50:00+07:00,2025-08-19 15:50:00+07:00,,2025-08-19 13:50:00+07:00,2025-08-19 15:50:00+07:00
SOHO.JK,OK,121,20,121,2025-08-19 13:50:00+07:00,2025-08-19 15:50:00+07:00,,2025-08-19 13:50:00+07:00,2025-08-19 15:50:00+07:00
SOLA.JK,OK,121,119,121,2025-08-19 13:50:00+07:00,2025-08-19 15:50:00+07:00,,2025-08-19 13:50:00+07:00,2025-08-19 15:50:00+07:00
SONA.JK,OK,121,29,121,2025-08-19 13:50:00+07:00,2025-08-19 15:50:00+07:00,,2025-08-19 13:50:00+07:00,2025-08-19 15:50:00+07:00
SOSS.JK,OK,121,36,121,2025-08-19 13:50:00+07:00,2025-08-19 15:50:00+07:00,,2025-08-19 13:50:00+07:00,2025-08-19 15:50:00+07:00
SOTS.JK,OK,121,3,121,2025-08-19 13:50:00+07:00,2025-08-19 15:50:00+07:00,,2025-08-19 13:50:00+07:00,2025-08-19 15:50:00+07:00
SOUL.JK,OK,121,58,121,2025-08-19 13:50:00+07:00,2025-08-19 15:50:00+07:00,,2025-08-19 13:50:00+07:00,2025-08-19 15:50:00+07:00
SPMA.JK,OK,121,28,121,2025-08-19 13:50:00+07:00,2025-08-19 15:50:00+07:00,,2025-08-19 13:50:00+07:00,2025-08-19 15:50:00+07:00
SPRE.JK,OK,121,26,121,2025-08-19 13:50:00+07:00,2025-08-19 15:50:00+07:00,,2025-08-19 13:50:00+07:00,2025-08-19 15:50:00+07:00
SPTO.JK,OK,121,18,121,2025-08-19 13:50:00+07:00,2025-08-19 15:50:00+07:00,,2025-08-19 13:50:00+07:00,2025-08-19 15:50:00+07:00
SRAJ.JK,OK,121,63,121,2025-08-19 13:50:00+07:00,2025-08-19 15:50:00+07:00,,2025-08-19 13:50:00+07:00,2025-08-19 15:50:00+07:00
SRSN.JK,OK,121,44,121,2025-08-19 13:50:00+07:00,2025-08-19 15:50:00+07:00,,2025-08-19 13:50:00+07:00,2025-08-19 15:50:00+07:00
SRTG.JK,OK,121,86,121,2025-08-19 13:50:00+07:00,2025-08-19 15:50:00+07:00,,2025-08-19 13:50:00+07:00,2025-08-19 15:50:00+07:00
SSIA.JK,OK,121,119,121,2025-08-19 13:50:00+07:00,2025-08-19 15:50:00+07:00,,2025-08-19 13:50:00+07:00,2025-08-19 15:50:00+07:00
SSMS.JK,OK,121,83,121,2025-08-19 13:50:00+07:00,2025-08-19 15:50:00+07:00,,2025-08-19 13:50:00+07:00,2025-08-19 15:50:00+07:00
SSTM.JK,OK,121,45,121,2025-08-19 13:50:00+07:00,2025-08-19 15:50:00+07:00,,2025-08-19 13:50:00+07:00,2025-08-19 15:50:00+07:00
STAA.JK,OK,121,51,121,2025-08-19 13:50:00+07:00,2025-08-19 15:50:00+07:00,,2025-08-19 13:50:00+07:00,2025-08-19 15:50:00+07:00
STRK.JK,OK,121,75,121,2025-08-19 13:50:00+07:00,2025-08-19 15:50:00+07:00,,2025-08-19 13:50:00+07:00,2025-08-19 15:50:00+07:00
STTP.JK,OK,121,1,121,2025-08-19 13:50:00+07:00,2025-08-19 15:50:00+07:00,,2025-08-19 13:50:00+07:00,2025-08-19 15:50:00+07:00
SULI.JK,OK,121,19,121,2025-08-19 13:50:00+07:00,2025-08-19 15:50:00+07:00,,2025-08-19 13:50:00+07:00,2025-08-19 15:50:00+07:00
SUNI.JK,OK,121,19,121,2025-08-19 13:50:00+07:00,2025-08-19 15:50:00+07:00,,2025-08-19 13:50:00+07:00,2025-08-19 15:50:00+07:00
SURE.JK,OK,121,17,121,2025-08-19 13:50:00+07:00,2025-08-19 15:50:00+07:00,,2025-08-19 13:50:00+07:00,2025-08-19 15:50:00+07:00
SURI.JK,OK,121,119,121,2025-08-19 13:50:00+07:00,2025-08-19 15:50:00+07:00,,2025-08-19 13:50:00+07:00,2025-08-19 15:50:00+07:00
SWID.JK,OK,121,115,121,2025-08-19 13:50:00+07:00,2025-08-19 15:50:00+07:00,,2025-08-19 13:50:00+07:00,2025-08-19 15:50:00+07:00
TALF.JK,OK,121,13,121,2025-08-19 13:50:00+07:00,2025-08-19 15:50:00+07:00,,2025-08-19 13:50:00+07:00,2025-08-19 15:50:00+07:00
TAPG.JK,OK,121,119,121,2025-08-19 13:50:00+07:00,2025-08-19 15:50:00+07:00,,2025-08-19 13:50:00+07:00,2025-08-19 15:50:00+07:00
TAYS.JK,OK,121,35,121,2025-08-19 13:50:00+07:00,2025-08-19 15:50:00+07:00,,2025-08-19 13:50:00+07:00,2025-08-19 15:50:00+07:00
TBIG.JK,OK,121,42,121,2025-08-19 13:50:00+07:00,2025-08-19 15:50:00+07:00,,2025-08-19 13:50:00+07:00,2025-08-19 15:50:00+07:00
TBLA.JK,OK,121,53,121,2025-08-19 13:50:00+07:00,2025-08-19 15:50:00+07:00,,2025-08-19 13:50:00+07:00,2025-08-19 15:50:00+07:00
TBMS.JK,OK,121,7,121,2025-08-19 13:50:00+07:00,2025-08-19 15:50:00+07:00,,2025-08-19 13:50:00+07:00,2025-08-19 15:50:00+07:00
TCID.JK,OK,121,1,121,2025-08-19 13:50:00+07:00,2025-08-19 15:50:00+07:00,,2025-08-19 13:50:00+07:00,2025-08-19 15:50:00+07:00
TCPI.JK,OK,121,45,121,2025-08-19 13:50:00+07:00,2025-08-19 15:50:00+07:00,,2025-08-19 13:50:00+07:00,2025-08-19 15:50:00+07:00
TEBE.JK,OK,121,62,121,2025-08-19 13:50:00+07:00,2025-08-19 15:50:00+07:00,,2025-08-19 13:50:00+07:00,2025-08-19 15:50:00+07:00
TFAS.JK,OK,121,19,121,2025-08-19 13:50:00+07:00,2025-08-19 15:50:00+07:00,,2025-08-19 13:50:00+07:00,2025-08-19 15:50:00+07:00
TFCO.JK,EMPTY_YF,0,0,0,,,,,
TGKA.JK,OK,121,1,121,2025-08-19 13:50:00+07:00,2025-08-19 15:50:00+07:00,,2025-08-19 13:50:00+07:00,2025-08-19 15:50:00+07:00
TGUK.JK,EMPTY_YF,0,0,0,,,,,
TIFA.JK,OK,121,7,121,2025-08-19 13:50:00+07:00,2025-08-19 15:50:00+07:00,,2025-08-19 13:50:00+07:00,2025-08-19 15:50:00+07:00
TINS.JK,OK,121,80,121,2025-08-19 13:50:00+07:00,2025-08-19 15:50:00+07:00,,2025-08-19 13:50:00+07:00,2025-08-19 15:50:00+07:00
TIRA.JK,OK,121,7,121,2025-08-19 13:50:00+07:00,2025-08-19 15:50:00+07:00,,2025-08-19 13:50:00+07:00,2025-08-19 15:50:00+07:00
TKIM.JK,OK,121,56,121,2025-08-19 13:50:00+07:00,2025-08-19 15:50:00+07:00,,2025-08-19 13:50:00+07:00,2025-08-19 15:50:00+07:00
TLDN.JK,OK,121,51,121,2025-08-19 13:50:00+07:00,2025-08-19 15:50:00+07:00,,2025-08-19 13:50:00+07:00,2025-08-19 15:50:00+07:00
TLKM.JK,OK,121,119,121,2025-08-19 13:50:00+07:00,2025-08-19 15:50:00+07:00,,2025-08-19 13:50:00+07:00,2025-08-19 15:50:00+07:00
TMAS.JK,OK,121,92,121,2025-08-19 13:50:00+07:00,2025-08-19 15:50:00+07:00,,2025-08-19 13:50:00+07:00,2025-08-19 15:50:00+07:00
TMPO.JK,OK,121,20,121,2025-08-19 13:50:00+07:00,2025-08-19 15:50:00+07:00,,2025-08-19 13:50:00+07:00,2025-08-19 15:50:00+07:00
TNCA.JK,OK,121,72,121,2025-08-19 13:50:00+07:00,2025-08-19 15:50:00+07:00,,2025-08-19 13:50:00+07:00,2025-08-19 15:50:00+07:00
TOBA.JK,OK,121,118,121,2025-08-19 13:50:00+07:00,2025-08-19 15:50:00+07:00,,2025-08-19 13:50:00+07:00,2025-08-19 15:50:00+07:00
TOOL.JK,OK,121,34,121,2025-08-19 13:50:00+07:00,2025-08-19 15:50:00+07:00,,2025-08-19 13:50:00+07:00,2025-08-19 15:50:00+07:00
TOSK.JK,OK,121,116,121,2025-08-19 13:50:00+07:00,2025-08-19 15:50:00+07:00,,2025-08-19 13:50:00+07:00,2025-08-19 15:50:00+07:00
TOTL.JK,OK,121,56,121,2025-08-19 13:50:00+07:00,2025-08-19 15:50:00+07:00,,2025-08-19 13:50:00+07:00,2025-08-19 15:50:00+07:00
TOTO.JK,OK,121,35,121,2025-08-19 13:50:00+07:00,2025-08-19 15:50:00+07:00,,2025-08-19 13:50:00+07:00,2025-08-19 15:50:00+07:00
TOWR.JK,OK,121,118,121,2025-08-19 13:50:00+07:00,2025-08-19 15:50:00+07:00,,2025-08-19 13:50:00+07:00,2025-08-19 15:50:00+07:00
TPIA.JK,OK,121,119,121,2025-08-19 13:50:00+07:00,2025-08-19 15:50:00+07:00,,2025-08-19 13:50:00+07:00,2025-08-19 15:50:00+07:00
TPMA.JK,OK,121,69,121,2025-08-19 13:50:00+07:00,2025-08-19 15:50:00+07:00,,2025-08-19 13:50:00+07:00,2025-08-19 15:50:00+07:00
TRGU.JK,OK,121,2,121,2025-08-19 13:50:00+07:00,2025-08-19 15:50:00+07:00,,2025-08-19 13:50:00+07:00,2025-08-19 15:50:00+07:00
TRIM.JK,OK,121,5,121,2025-08-19 13:50:00+07:00,2025-08-19 15:50:00+07:00,,2025-08-19 13:50:00+07:00,2025-08-19 15:50:00+07:00
TRIN.JK,OK,121,8,121,2025-08-19 13:50:00+07:00,2025-08-19 15:50:00+07:00,,2025-08-19 13:50:00+07:00,2025-08-19 15:50:00+07:00
TRIS.JK,OK,121,10,121,2025-08-19 13:50:00+07:00,2025-08-19 15:50:00+07:00,,2025-08-19 13:50:00+07:00,2025-08-19 15:50:00+07:00
TRJA.JK,OK,121,11,121,2025-08-19 13:50:00+07:00,2025-08-19 15:50:00+07:00,,2025-08-19 13:50:00+07:00,2025-08-19 15:50:00+07:00
TRON.JK,OK,121,43,121,2025-08-19 13:50:00+07:00,2025-08-19 15:50:00+07:00,,2025-08-19 13:50:00+07:00,2025-08-19 15:50:00+07:00
TRST.JK,OK,121,0,121,2025-08-19 13:50:00+07:00,2025-08-19 15:50:00+07:00,,2025-08-19 13:50:00+07:00,2025-08-19 15:50:00+07:00
TRUK.JK,OK,121,14,121,2025-08-19 13:50:00+07:00,2025-08-19 15:50:00+07:00,,2025-08-19 13:50:00+07:00,2025-08-19 15:50:00+07:00
TRUS.JK,OK,121,9,121,2025-08-19 13:50:00+07:00,2025-08-19 15:50:00+07:00,,2025-08-19 13:50:00+07:00,2025-08-19 15:50:00+07:00
TSPC.JK,OK,121,63,121,2025-08-19 13:50:00+07:00,2025-08-19 15:50:00+07:00,,2025-08-19 13:50:00+07:00,2025-08-19 15:50:00+07:00
TUGU.JK,OK,121,38,121,2025-08-19 13:50:00+07:00,2025-08-19 15:50:00+07:00,,2025-08-19 13:50:00+07:00,2025-08-19 15:50:00+07:00
TYRE.JK,OK,121,8,121,2025-08-19 13:50:00+07:00,2025-08-19 15:50:00+07:00,,2025-08-19 13:50:00+07:00,2025-08-19 15:50:00+07:00
UANG.JK,EMPTY_YF,0,0,0,,,,,
UCID.JK,OK,121,101,121,2025-08-19 13:50:00+07:00,2025-08-19 15:50:00+07:00,,2025-08-19 13:50:00+07:00,2025-08-19 15:50:00+07:00
UDNG.JK,EMPTY_YF,0,0,0,,,,,
UFOE.JK,OK,121,16,121,2025-08-19 13:50:00+07:00,2025-08-19 15:50:00+07:00,,2025-08-19 13:50:00+07:00,2025-08-19 15:50:00+07:00
ULTJ.JK,OK,121,88,121,2025-08-19 13:50:00+07:00,2025-08-19 15:50:00+07:00,,2025-08-19 13:50:00+07:00,2025-08-19 15:50:00+07:00
UNIC.JK,OK,121,3,121,2025-08-19 13:50:00+07:00,2025-08-19 15:50:00+07:00,,2025-08-19 13:50:00+07:00,2025-08-19 15:50:00+07:00
UNIQ.JK,OK,121,64,121,2025-08-19 13:50:00+07:00,2025-08-19 15:50:00+07:00,,2025-08-19 13:50:00+07:00,2025-08-19 15:50:00+07:00
UNSP.JK,OK,121,1,121,2025-08-19 13:50:00+07:00,2025-08-19 15:50:00+07:00,,2025-08-19 13:50:00+07:00,2025-08-19 15:50:00+07:00
UNTD.JK,OK,121,63,121,2025-08-19 13:50:00+07:00,2025-08-19 15:50:00+07:00,,2025-08-19 13:50:00+07:00,2025-08-19 15:50:00+07:00
UNTR.JK,OK,121,119,121,2025-08-19 13:50:00+07:00,2025-08-19 15:50:00+07:00,,2025-08-19 13:50:00+07:00,2025-08-19 15:50:00+07:00
UNVR.JK,OK,121,119,121,2025-08-19 13:50:00+07:00,2025-08-19 15:50:00+07:00,,2025-08-19 13:50:00+07:00,2025-08-19 15:50:00+07:00
URBN.JK,OK,121,3,121,2025-08-19 13:50:00+07:00,2025-08-19 15:50:00+07:00,,2025-08-19 13:50:00+07:00,2025-08-19 15:50:00+07:00
UVCR.JK,OK,121,36,121,2025-08-19 13:50:00+07:00,2025-08-19 15:50:00+07:00,,2025-08-19 13:50:00+07:00,2025-08-19 15:50:00+07:00
VAST.JK,OK,121,58,121,2025-08-19 13:50:00+07:00,2025-08-19 15:50:00+07:00,,2025-08-19 13:50:00+07:00,2025-08-19 15:50:00+07:00
VERN.JK,OK,121,43,121,2025-08-19 13:50:00+07:00,2025-08-19 15:50:00+07:00,,2025-08-19 13:50:00+07:00,2025-08-19 15:50:00+07:00
VICI.JK,OK,121,5,121,2025-08-19 13:50:00+07:00,2025-08-19 15:50:00+07:00,,2025-08-19 13:50:00+07:00,2025-08-19 15:50:00+07:00
VICO.JK,OK,121,21,121,2025-08-19 13:50:00+07:00,2025-08-19 15:50:00+07:00,,2025-08-19 13:50:00+07:00,2025-08-19 15:50:00+07:00
VINS.JK,OK,121,5,121,2025-08-19 13:50:00+07:00,2025-08-19 15:50:00+07:00,,2025-08-19 13:50:00+07:00,2025-08-19 15:50:00+07:00
VISI.JK,OK,121,21,121,2025-08-19 13:50:00+07:00,2025-08-19 15:50:00+07:00,,2025-08-19 13:50:00+07:00,2025-08-19 15:50:00+07:00
VKTR.JK,OK,121,83,121,2025-08-19 13:50:00+07:00,2025-08-19 15:50:00+07:00,,2025-08-19 13:50:00+07:00,2025-08-19 15:50:00+07:00
VOKS.JK,OK,121,1,121,2025-08-19 13:50:00+07:00,2025-08-19 15:50:00+07:00,,2025-08-19 13:50:00+07:00,2025-08-19 15:50:00+07:00
VRNA.JK,OK,121,10,121,2025-08-19 13:50:00+07:00,2025-08-19 15:50:00+07:00,,2025-08-19 13:50:00+07:00,2025-08-19 15:50:00+07:00
VTNY.JK,OK,121,85,121,2025-08-19 13:50:00+07:00,2025-08-19 15:50:00+07:00,,2025-08-19 13:50:00+07:00,2025-08-19 15:50:00+07:00
WAPO.JK,OK,121,22,121,2025-08-19 13:50:00+07:00,2025-08-19 15:50:00+07:00,,2025-08-19 13:50:00+07:00,2025-08-19 15:50:00+07:00
WEGE.JK,OK,121,86,121,2025-08-19 13:50:00+07:00,2025-08-19 15:50:00+07:00,,2025-08-19 13:50:00+07:00,2025-08-19 15:50:00+07:00
WEHA.JK,OK,121,14,121,2025-08-19 13:50:00+07:00,2025-08-19 15:50:00+07:00,,2025-08-19 13:50:00+07:00,2025-08-19 15:50:00+07:00
WGSH.JK,OK,121,14,121,2025-08-19 13:50:00+07:00,2025-08-19 15:50:00+07:00,,2025-08-19 13:50:00+07:00,2025-08-19 15:50:00+07:00
WIFI.JK,OK,121,119,121,2025-08-19 13:50:00+07:00,2025-08-19 15:50:00+07:00,,2025-08-19 13:50:00+07:00,2025-08-19 15:50:00+07:00
WIIM.JK,OK,121,32,121,2025-08-19 13:50:00+07:00,2025-08-19 15:50:00+07:00,,2025-08-19 13:50:00+07:00,2025-08-19 15:50:00+07:00
WINE.JK,OK,121,35,121,2025-08-19 13:50:00+07:00,2025-08-19 15:50:00+07:00,,2025-08-19 13:50:00+07:00,2025-08-19 15:50:00+07:00
WINS.JK,OK,121,68,121,2025-08-19 13:50:00+07:00,2025-08-19 15:50:00+07:00,,2025-08-19 13:50:00+07:00,2025-08-19 15:50:00+07:00
WIRG.JK,OK,121,119,121,2025-08-19 13:50:00+07:00,2025-08-19 15:50:00+07:00,,2025-08-19 13:50:00+07:00,2025-08-19 15:50:00+07:00
WOMF.JK,OK,121,12,121,2025-08-19 13:50:00+07:00,2025-08-19 15:50:00+07:00,,2025-08-19 13:50:00+07:00,2025-08-19 15:50:00+07:00
WOOD.JK,OK,121,54,121,2025-08-19 13:50:00+07:00,2025-08-19 15:50:00+07:00,,2025-08-19 13:50:00+07:00,2025-08-19 15:50:00+07:00
WOWS.JK,OK,121,1,121,2025-08-19 13:50:00+07:00,2025-08-19 15:50:00+07:00,,2025-08-19 13:50:00+07:00,2025-08-19 15:50:00+07:00
WTON.JK,OK,121,53,121,2025-08-19 13:50:00+07:00,2025-08-19 15:50:00+07:00,,2025-08-19 13:50:00+07:00,2025-08-19 15:50:00+07:00
YOII.JK,OK,121,21,121,2025-08-19 13:50:00+07:00,2025-08-19 15:50:00+07:00,,2025-08-19 13:50:00+07:00,2025-08-19 15:50:00+07:00
YPAS.JK,OK,121,0,121,2025-08-19 13:50:00+07:00,2025-08-19 15:50:00+07:00,,2025-08-19 13:50:00+07:00,2025-08-19 15:50:00+07:00
YULE.JK,OK,121,1,121,2025-08-19 13:50:00+07:00,2025-08-19 15:50:00+07:00,,2025-08-19 13:50:00+07:00,2025-08-19 15:50:00+07:00
YUPI.JK,OK,121,15,121,2025-08-19 13:50:00+07:00,2025-08-19 15:50:00+07:00,,2025-08-19 13:50:00+07:00,2025-08-19 15:50:00+07:00
ZBRA.JK,EMPTY_YF,0,0,0,,,,,
ZONE.JK,OK,121,3,121,2025-08-19 13:50:00+07:00,2025-08-19 15:50:00+07:00,,2025-08-19 13:50:00+07:00,2025-08-19 15:50:00+07:00
ZYRX.JK,OK,121,91,121,2025-08-19 13:50:00+07:00,2025-08-19 15:50:00+07:00,,2025-08-19 13:50:00+07:00,2025-08-19 15:50:00+07:00
