ticker,status,rows_csv,rows_valid,dup_dt,out_of_session,weekend_rows,min_dt,max_dt,missing_cols,extra_cols,file,na_Open,na_High,na_Low,na_Close,na_Adj Close,na_Volume,error
AADI.JK,OK,121,121,0,0,0,2025-08-19 13:50:00+07:00,2025-08-19 15:50:00+07:00,,,emiten/cache_1m/AADI.JK.csv,3,3,3,3,3,3,
AALI.JK,OK,121,121,0,0,0,2025-08-19 13:50:00+07:00,2025-08-19 15:50:00+07:00,,,emiten/cache_1m/AALI.JK.csv,2,2,2,2,2,2,
ABDA.JK,OK,2877,2877,0,0,0,2025-08-11 09:00:00+07:00,2025-08-19 15:50:00+07:00,,,emiten/cache_1m/ABDA.JK.csv,2877,2877,2877,2877,2877,2877,
ABMM.JK,OK,121,121,0,0,0,2025-08-19 13:50:00+07:00,2025-08-19 15:50:00+07:00,,,emiten/cache_1m/ABMM.JK.csv,2,2,2,2,2,2,
ACES.JK,OK,121,121,0,0,0,2025-08-19 13:50:00+07:00,2025-08-19 15:50:00+07:00,,,emiten/cache_1m/ACES.JK.csv,2,2,2,2,2,2,
ACRO.JK,OK,121,121,0,0,0,2025-08-19 13:50:00+07:00,2025-08-19 15:50:00+07:00,,,emiten/cache_1m/ACRO.JK.csv,31,31,31,31,31,31,
ACST.JK,OK,121,121,0,0,0,2025-08-19 13:50:00+07:00,2025-08-19 15:50:00+07:00,,,emiten/cache_1m/ACST.JK.csv,51,51,51,51,51,51,
ADCP.JK,OK,121,121,0,0,0,2025-08-19 13:50:00+07:00,2025-08-19 15:50:00+07:00,,,emiten/cache_1m/ADCP.JK.csv,54,54,54,54,54,54,
ADES.JK,OK,121,121,0,0,0,2025-08-19 13:50:00+07:00,2025-08-19 15:50:00+07:00,,,emiten/cache_1m/ADES.JK.csv,94,94,94,94,94,94,
ADHI.JK,OK,121,121,0,0,0,2025-08-19 13:50:00+07:00,2025-08-19 15:50:00+07:00,,,emiten/cache_1m/ADHI.JK.csv,24,24,24,24,24,24,
ADMF.JK,OK,121,121,0,0,0,2025-08-19 13:50:00+07:00,2025-08-19 15:50:00+07:00,,,emiten/cache_1m/ADMF.JK.csv,110,110,110,110,110,110,
ADMG.JK,OK,121,121,0,0,0,2025-08-19 13:50:00+07:00,2025-08-19 15:50:00+07:00,,,emiten/cache_1m/ADMG.JK.csv,28,28,28,28,28,28,
ADMR.JK,OK,121,121,0,0,0,2025-08-19 13:50:00+07:00,2025-08-19 15:50:00+07:00,,,emiten/cache_1m/ADMR.JK.csv,6,6,6,6,6,6,
ADRO.JK,OK,121,121,0,0,0,2025-08-19 13:50:00+07:00,2025-08-19 15:50:00+07:00,,,emiten/cache_1m/ADRO.JK.csv,2,2,2,2,2,2,
AEGS.JK,OK,121,121,0,0,0,2025-08-19 13:50:00+07:00,2025-08-19 15:50:00+07:00,,,emiten/cache_1m/AEGS.JK.csv,80,80,80,80,80,80,
AGAR.JK,OK,121,121,0,0,0,2025-08-19 13:50:00+07:00,2025-08-19 15:50:00+07:00,,,emiten/cache_1m/AGAR.JK.csv,111,111,111,111,111,111,
AGII.JK,OK,121,121,0,0,0,2025-08-19 13:50:00+07:00,2025-08-19 15:50:00+07:00,,,emiten/cache_1m/AGII.JK.csv,95,95,95,95,95,95,
AGRO.JK,OK,121,121,0,0,0,2025-08-19 13:50:00+07:00,2025-08-19 15:50:00+07:00,,,emiten/cache_1m/AGRO.JK.csv,18,18,18,18,18,18,
AGRS.JK,OK,121,121,0,0,0,2025-08-19 13:50:00+07:00,2025-08-19 15:50:00+07:00,,,emiten/cache_1m/AGRS.JK.csv,31,31,31,31,31,31,
AHAP.JK,OK,121,121,0,0,0,2025-08-19 13:50:00+07:00,2025-08-19 15:50:00+07:00,,,emiten/cache_1m/AHAP.JK.csv,71,71,71,71,71,71,
AIMS.JK,OK,121,121,0,0,0,2025-08-19 13:50:00+07:00,2025-08-19 15:50:00+07:00,,,emiten/cache_1m/AIMS.JK.csv,3,3,3,3,3,3,
AISA.JK,OK,121,121,0,0,0,2025-08-19 13:50:00+07:00,2025-08-19 15:50:00+07:00,,,emiten/cache_1m/AISA.JK.csv,33,33,33,33,33,33,
AKPI.JK,OK,121,121,0,0,0,2025-08-19 13:50:00+07:00,2025-08-19 15:50:00+07:00,,,emiten/cache_1m/AKPI.JK.csv,117,117,117,117,117,117,
AKRA.JK,OK,121,121,0,0,0,2025-08-19 13:50:00+07:00,2025-08-19 15:50:00+07:00,,,emiten/cache_1m/AKRA.JK.csv,3,3,3,3,3,3,
AKSI.JK,OK,121,121,0,0,0,2025-08-19 13:50:00+07:00,2025-08-19 15:50:00+07:00,,,emiten/cache_1m/AKSI.JK.csv,97,97,97,97,97,97,
ALDO.JK,OK,121,121,0,0,0,2025-08-19 13:50:00+07:00,2025-08-19 15:50:00+07:00,,,emiten/cache_1m/ALDO.JK.csv,61,61,61,61,61,61,
ALII.JK,OK,121,121,0,0,0,2025-08-19 13:50:00+07:00,2025-08-19 15:50:00+07:00,,,emiten/cache_1m/ALII.JK.csv,113,113,113,113,113,113,
ALKA.JK,OK,121,121,0,0,0,2025-08-19 13:50:00+07:00,2025-08-19 15:50:00+07:00,,,emiten/cache_1m/ALKA.JK.csv,85,85,85,85,85,85,
AMAG.JK,OK,121,121,0,0,0,2025-08-19 13:50:00+07:00,2025-08-19 15:50:00+07:00,,,emiten/cache_1m/AMAG.JK.csv,120,120,120,120,120,120,
AMAN.JK,OK,121,121,0,0,0,2025-08-19 13:50:00+07:00,2025-08-19 15:50:00+07:00,,,emiten/cache_1m/AMAN.JK.csv,63,63,63,63,63,63,
AMAR.JK,OK,121,121,0,0,0,2025-08-19 13:50:00+07:00,2025-08-19 15:50:00+07:00,,,emiten/cache_1m/AMAR.JK.csv,2,2,2,2,2,2,
AMFG.JK,OK,121,121,0,0,0,2025-08-19 13:50:00+07:00,2025-08-19 15:50:00+07:00,,,emiten/cache_1m/AMFG.JK.csv,97,97,97,97,97,97,
AMIN.JK,OK,121,121,0,0,0,2025-08-19 13:50:00+07:00,2025-08-19 15:50:00+07:00,,,emiten/cache_1m/AMIN.JK.csv,114,114,114,114,114,114,
AMMN.JK,OK,121,121,0,0,0,2025-08-19 13:50:00+07:00,2025-08-19 15:50:00+07:00,,,emiten/cache_1m/AMMN.JK.csv,2,2,2,2,2,2,
AMMS.JK,OK,121,121,0,0,0,2025-08-19 13:50:00+07:00,2025-08-19 15:50:00+07:00,,,emiten/cache_1m/AMMS.JK.csv,64,64,64,64,64,64,
AMOR.JK,OK,121,121,0,0,0,2025-08-19 13:50:00+07:00,2025-08-19 15:50:00+07:00,,,emiten/cache_1m/AMOR.JK.csv,5,5,5,5,5,5,
AMRT.JK,OK,121,121,0,0,0,2025-08-19 13:50:00+07:00,2025-08-19 15:50:00+07:00,,,emiten/cache_1m/AMRT.JK.csv,5,5,5,5,5,5,
ANJT.JK,OK,121,121,0,0,0,2025-08-19 13:50:00+07:00,2025-08-19 15:50:00+07:00,,,emiten/cache_1m/ANJT.JK.csv,99,99,99,99,99,99,
ANTM.JK,OK,121,121,0,0,0,2025-08-19 13:50:00+07:00,2025-08-19 15:50:00+07:00,,,emiten/cache_1m/ANTM.JK.csv,2,2,2,2,2,2,
APEX.JK,OK,121,121,0,0,0,2025-08-19 13:50:00+07:00,2025-08-19 15:50:00+07:00,,,emiten/cache_1m/APEX.JK.csv,52,52,52,52,52,52,
APIC.JK,OK,121,121,0,0,0,2025-08-19 13:50:00+07:00,2025-08-19 15:50:00+07:00,,,emiten/cache_1m/APIC.JK.csv,73,73,73,73,73,73,
APII.JK,OK,121,121,0,0,0,2025-08-19 13:50:00+07:00,2025-08-19 15:50:00+07:00,,,emiten/cache_1m/APII.JK.csv,118,118,118,118,118,118,
APLI.JK,OK,121,121,0,0,0,2025-08-19 13:50:00+07:00,2025-08-19 15:50:00+07:00,,,emiten/cache_1m/APLI.JK.csv,52,52,52,52,52,52,
APLN.JK,OK,121,121,0,0,0,2025-08-19 13:50:00+07:00,2025-08-19 15:50:00+07:00,,,emiten/cache_1m/APLN.JK.csv,57,57,57,57,57,57,
ARCI.JK,OK,121,121,0,0,0,2025-08-19 13:50:00+07:00,2025-08-19 15:50:00+07:00,,,emiten/cache_1m/ARCI.JK.csv,3,3,3,3,3,3,
AREA.JK,OK,121,121,0,0,0,2025-08-19 13:50:00+07:00,2025-08-19 15:50:00+07:00,,,emiten/cache_1m/AREA.JK.csv,63,63,63,63,63,63,
ARGO.JK,OK,121,121,0,0,0,2025-08-19 13:50:00+07:00,2025-08-19 15:50:00+07:00,,,emiten/cache_1m/ARGO.JK.csv,28,28,28,28,28,28,
ARII.JK,OK,121,121,0,0,0,2025-08-19 13:50:00+07:00,2025-08-19 15:50:00+07:00,,,emiten/cache_1m/ARII.JK.csv,113,113,113,113,113,113,
ARKO.JK,OK,121,121,0,0,0,2025-08-19 13:50:00+07:00,2025-08-19 15:50:00+07:00,,,emiten/cache_1m/ARKO.JK.csv,16,16,16,16,16,16,
ARNA.JK,OK,121,121,0,0,0,2025-08-19 13:50:00+07:00,2025-08-19 15:50:00+07:00,,,emiten/cache_1m/ARNA.JK.csv,79,79,79,79,79,79,
ARTA.JK,OK,121,121,0,0,0,2025-08-19 13:50:00+07:00,2025-08-19 15:50:00+07:00,,,emiten/cache_1m/ARTA.JK.csv,96,96,96,96,96,96,
ARTO.JK,OK,121,121,0,0,0,2025-08-19 13:50:00+07:00,2025-08-19 15:50:00+07:00,,,emiten/cache_1m/ARTO.JK.csv,11,11,11,11,11,11,
ASBI.JK,OK,121,121,0,0,0,2025-08-19 13:50:00+07:00,2025-08-19 15:50:00+07:00,,,emiten/cache_1m/ASBI.JK.csv,89,89,89,89,89,89,
ASDM.JK,OK,121,121,0,0,0,2025-08-19 13:50:00+07:00,2025-08-19 15:50:00+07:00,,,emiten/cache_1m/ASDM.JK.csv,114,114,114,114,114,114,
ASGR.JK,OK,121,121,0,0,0,2025-08-19 13:50:00+07:00,2025-08-19 15:50:00+07:00,,,emiten/cache_1m/ASGR.JK.csv,71,71,71,71,71,71,
ASII.JK,OK,121,121,0,0,0,2025-08-19 13:50:00+07:00,2025-08-19 15:50:00+07:00,,,emiten/cache_1m/ASII.JK.csv,2,2,2,2,2,2,
ASJT.JK,OK,121,121,0,0,0,2025-08-19 13:50:00+07:00,2025-08-19 15:50:00+07:00,,,emiten/cache_1m/ASJT.JK.csv,117,117,117,117,117,117,
ASLC.JK,OK,121,121,0,0,0,2025-08-19 13:50:00+07:00,2025-08-19 15:50:00+07:00,,,emiten/cache_1m/ASLC.JK.csv,2,2,2,2,2,2,
ASLI.JK,OK,2877,2877,0,0,0,2025-08-11 09:00:00+07:00,2025-08-19 15:50:00+07:00,,,emiten/cache_1m/ASLI.JK.csv,2877,2877,2877,2877,2877,2877,
ASPI.JK,OK,121,121,0,0,0,2025-08-19 13:50:00+07:00,2025-08-19 15:50:00+07:00,,,emiten/cache_1m/ASPI.JK.csv,2,2,2,2,2,2,
ASPR.JK,OK,121,121,0,0,0,2025-08-19 13:50:00+07:00,2025-08-19 15:50:00+07:00,,,emiten/cache_1m/ASPR.JK.csv,9,9,9,9,9,9,
ASRI.JK,OK,121,121,0,0,0,2025-08-19 13:50:00+07:00,2025-08-19 15:50:00+07:00,,,emiten/cache_1m/ASRI.JK.csv,11,11,11,11,11,11,
ASRM.JK,OK,121,121,0,0,0,2025-08-19 13:50:00+07:00,2025-08-19 15:50:00+07:00,,,emiten/cache_1m/ASRM.JK.csv,120,120,120,120,120,120,
ASSA.JK,OK,121,121,0,0,0,2025-08-19 13:50:00+07:00,2025-08-19 15:50:00+07:00,,,emiten/cache_1m/ASSA.JK.csv,23,23,23,23,23,23,
ATIC.JK,OK,121,121,0,0,0,2025-08-19 13:50:00+07:00,2025-08-19 15:50:00+07:00,,,emiten/cache_1m/ATIC.JK.csv,2,2,2,2,2,2,
ATLA.JK,OK,121,121,0,0,0,2025-08-19 13:50:00+07:00,2025-08-19 15:50:00+07:00,,,emiten/cache_1m/ATLA.JK.csv,5,5,5,5,5,5,
AUTO.JK,OK,121,121,0,0,0,2025-08-19 13:50:00+07:00,2025-08-19 15:50:00+07:00,,,emiten/cache_1m/AUTO.JK.csv,10,10,10,10,10,10,
AVIA.JK,OK,121,121,0,0,0,2025-08-19 13:50:00+07:00,2025-08-19 15:50:00+07:00,,,emiten/cache_1m/AVIA.JK.csv,33,33,33,33,33,33,
AWAN.JK,OK,121,121,0,0,0,2025-08-19 13:50:00+07:00,2025-08-19 15:50:00+07:00,,,emiten/cache_1m/AWAN.JK.csv,98,98,98,98,98,98,
AXIO.JK,OK,121,121,0,0,0,2025-08-19 13:50:00+07:00,2025-08-19 15:50:00+07:00,,,emiten/cache_1m/AXIO.JK.csv,84,84,84,84,84,84,
AYAM.JK,OK,121,121,0,0,0,2025-08-19 13:50:00+07:00,2025-08-19 15:50:00+07:00,,,emiten/cache_1m/AYAM.JK.csv,2,2,2,2,2,2,
AYLS.JK,OK,121,121,0,0,0,2025-08-19 13:50:00+07:00,2025-08-19 15:50:00+07:00,,,emiten/cache_1m/AYLS.JK.csv,61,61,61,61,61,61,
BABP.JK,OK,121,121,0,0,0,2025-08-19 13:50:00+07:00,2025-08-19 15:50:00+07:00,,,emiten/cache_1m/BABP.JK.csv,67,67,67,67,67,67,
BABY.JK,OK,121,121,0,0,0,2025-08-19 13:50:00+07:00,2025-08-19 15:50:00+07:00,,,emiten/cache_1m/BABY.JK.csv,87,87,87,87,87,87,
BACA.JK,OK,121,121,0,0,0,2025-08-19 13:50:00+07:00,2025-08-19 15:50:00+07:00,,,emiten/cache_1m/BACA.JK.csv,102,102,102,102,102,102,
BAIK.JK,OK,121,121,0,0,0,2025-08-19 13:50:00+07:00,2025-08-19 15:50:00+07:00,,,emiten/cache_1m/BAIK.JK.csv,2,2,2,2,2,2,
BAJA.JK,OK,121,121,0,0,0,2025-08-19 13:50:00+07:00,2025-08-19 15:50:00+07:00,,,emiten/cache_1m/BAJA.JK.csv,34,34,34,34,34,34,
BALI.JK,OK,121,121,0,0,0,2025-08-19 13:50:00+07:00,2025-08-19 15:50:00+07:00,,,emiten/cache_1m/BALI.JK.csv,83,83,83,83,83,83,
BANK.JK,OK,121,121,0,0,0,2025-08-19 13:50:00+07:00,2025-08-19 15:50:00+07:00,,,emiten/cache_1m/BANK.JK.csv,78,78,78,78,78,78,
BAPA.JK,OK,121,121,0,0,0,2025-08-19 13:50:00+07:00,2025-08-19 15:50:00+07:00,,,emiten/cache_1m/BAPA.JK.csv,38,38,38,38,38,38,
BATA.JK,OK,121,121,0,0,0,2025-08-19 13:50:00+07:00,2025-08-19 15:50:00+07:00,,,emiten/cache_1m/BATA.JK.csv,112,112,112,112,112,112,
BATR.JK,OK,121,121,0,0,0,2025-08-19 13:50:00+07:00,2025-08-19 15:50:00+07:00,,,emiten/cache_1m/BATR.JK.csv,24,24,24,24,24,24,
BAYU.JK,OK,121,121,0,0,0,2025-08-19 13:50:00+07:00,2025-08-19 15:50:00+07:00,,,emiten/cache_1m/BAYU.JK.csv,112,112,112,112,112,112,
BBCA.JK,OK,121,121,0,0,0,2025-08-19 13:50:00+07:00,2025-08-19 15:50:00+07:00,,,emiten/cache_1m/BBCA.JK.csv,2,2,2,2,2,2,
BBHI.JK,OK,121,121,0,0,0,2025-08-19 13:50:00+07:00,2025-08-19 15:50:00+07:00,,,emiten/cache_1m/BBHI.JK.csv,45,45,45,45,45,45,
BBKP.JK,OK,121,121,0,0,0,2025-08-19 13:50:00+07:00,2025-08-19 15:50:00+07:00,,,emiten/cache_1m/BBKP.JK.csv,15,15,15,15,15,15,
BBLD.JK,OK,121,121,0,0,0,2025-08-19 13:50:00+07:00,2025-08-19 15:50:00+07:00,,,emiten/cache_1m/BBLD.JK.csv,5,5,5,5,5,5,
BBMD.JK,OK,121,121,0,0,0,2025-08-19 13:50:00+07:00,2025-08-19 15:50:00+07:00,,,emiten/cache_1m/BBMD.JK.csv,119,119,119,119,119,119,
BBNI.JK,OK,121,121,0,0,0,2025-08-19 13:50:00+07:00,2025-08-19 15:50:00+07:00,,,emiten/cache_1m/BBNI.JK.csv,3,3,3,3,3,3,
BBRI.JK,OK,319,319,0,0,0,2025-08-19 09:00:00+07:00,2025-08-19 15:49:00+07:00,,,emiten/cache_1m/BBRI.JK.csv,0,0,0,0,0,0,
BBRM.JK,OK,121,121,0,0,0,2025-08-19 13:50:00+07:00,2025-08-19 15:50:00+07:00,,,emiten/cache_1m/BBRM.JK.csv,56,56,56,56,56,56,
BBSI.JK,OK,121,121,0,0,0,2025-08-19 13:50:00+07:00,2025-08-19 15:50:00+07:00,,,emiten/cache_1m/BBSI.JK.csv,120,120,120,120,120,120,
BBSS.JK,OK,121,121,0,0,0,2025-08-19 13:50:00+07:00,2025-08-19 15:50:00+07:00,,,emiten/cache_1m/BBSS.JK.csv,53,53,53,53,53,53,
BBTN.JK,OK,121,121,0,0,0,2025-08-19 13:50:00+07:00,2025-08-19 15:50:00+07:00,,,emiten/cache_1m/BBTN.JK.csv,5,5,5,5,5,5,
BBYB.JK,OK,121,121,0,0,0,2025-08-19 13:50:00+07:00,2025-08-19 15:50:00+07:00,,,emiten/cache_1m/BBYB.JK.csv,6,6,6,6,6,6,
BCAP.JK,OK,121,121,0,0,0,2025-08-19 13:50:00+07:00,2025-08-19 15:50:00+07:00,,,emiten/cache_1m/BCAP.JK.csv,3,3,3,3,3,3,
BCIP.JK,OK,121,121,0,0,0,2025-08-19 13:50:00+07:00,2025-08-19 15:50:00+07:00,,,emiten/cache_1m/BCIP.JK.csv,78,78,78,78,78,78,
BDKR.JK,OK,121,121,0,0,0,2025-08-19 13:50:00+07:00,2025-08-19 15:50:00+07:00,,,emiten/cache_1m/BDKR.JK.csv,58,58,58,58,58,58,
BDMN.JK,OK,121,121,0,0,0,2025-08-19 13:50:00+07:00,2025-08-19 15:50:00+07:00,,,emiten/cache_1m/BDMN.JK.csv,84,84,84,84,84,84,
BEEF.JK,OK,121,121,0,0,0,2025-08-19 13:50:00+07:00,2025-08-19 15:50:00+07:00,,,emiten/cache_1m/BEEF.JK.csv,77,77,77,77,77,77,
BEER.JK,OK,121,121,0,0,0,2025-08-19 13:50:00+07:00,2025-08-19 15:50:00+07:00,,,emiten/cache_1m/BEER.JK.csv,2,2,2,2,2,2,
BELI.JK,OK,121,121,0,0,0,2025-08-19 13:50:00+07:00,2025-08-19 15:50:00+07:00,,,emiten/cache_1m/BELI.JK.csv,109,109,109,109,109,109,
BELL.JK,OK,121,121,0,0,0,2025-08-19 13:50:00+07:00,2025-08-19 15:50:00+07:00,,,emiten/cache_1m/BELL.JK.csv,22,22,22,22,22,22,
BESS.JK,OK,121,121,0,0,0,2025-08-19 13:50:00+07:00,2025-08-19 15:50:00+07:00,,,emiten/cache_1m/BESS.JK.csv,114,114,114,114,114,114,
BEST.JK,OK,121,121,0,0,0,2025-08-19 13:50:00+07:00,2025-08-19 15:50:00+07:00,,,emiten/cache_1m/BEST.JK.csv,2,2,2,2,2,2,
BFIN.JK,OK,121,121,0,0,0,2025-08-19 13:50:00+07:00,2025-08-19 15:50:00+07:00,,,emiten/cache_1m/BFIN.JK.csv,49,49,49,49,49,49,
BGTG.JK,OK,121,121,0,0,0,2025-08-19 13:50:00+07:00,2025-08-19 15:50:00+07:00,,,emiten/cache_1m/BGTG.JK.csv,26,26,26,26,26,26,
BHAT.JK,OK,121,121,0,0,0,2025-08-19 13:50:00+07:00,2025-08-19 15:50:00+07:00,,,emiten/cache_1m/BHAT.JK.csv,47,47,47,47,47,47,
BIKE.JK,OK,121,121,0,0,0,2025-08-19 13:50:00+07:00,2025-08-19 15:50:00+07:00,,,emiten/cache_1m/BIKE.JK.csv,52,52,52,52,52,52,
BINA.JK,OK,121,121,0,0,0,2025-08-19 13:50:00+07:00,2025-08-19 15:50:00+07:00,,,emiten/cache_1m/BINA.JK.csv,118,118,118,118,118,118,
BINO.JK,OK,121,121,0,0,0,2025-08-19 13:50:00+07:00,2025-08-19 15:50:00+07:00,,,emiten/cache_1m/BINO.JK.csv,53,53,53,53,53,53,
BIPI.JK,OK,121,121,0,0,0,2025-08-19 13:50:00+07:00,2025-08-19 15:50:00+07:00,,,emiten/cache_1m/BIPI.JK.csv,31,31,31,31,31,31,
BIRD.JK,OK,121,121,0,0,0,2025-08-19 13:50:00+07:00,2025-08-19 15:50:00+07:00,,,emiten/cache_1m/BIRD.JK.csv,6,6,6,6,6,6,
BISI.JK,OK,121,121,0,0,0,2025-08-19 13:50:00+07:00,2025-08-19 15:50:00+07:00,,,emiten/cache_1m/BISI.JK.csv,113,113,113,113,113,113,
BJBR.JK,OK,121,121,0,0,0,2025-08-19 13:50:00+07:00,2025-08-19 15:50:00+07:00,,,emiten/cache_1m/BJBR.JK.csv,38,38,38,38,38,38,
BJTM.JK,OK,121,121,0,0,0,2025-08-19 13:50:00+07:00,2025-08-19 15:50:00+07:00,,,emiten/cache_1m/BJTM.JK.csv,9,9,9,9,9,9,
BKSL.JK,OK,121,121,0,0,0,2025-08-19 13:50:00+07:00,2025-08-19 15:50:00+07:00,,,emiten/cache_1m/BKSL.JK.csv,2,2,2,2,2,2,
BKSW.JK,OK,121,121,0,0,0,2025-08-19 13:50:00+07:00,2025-08-19 15:50:00+07:00,,,emiten/cache_1m/BKSW.JK.csv,23,23,23,23,23,23,
BLES.JK,OK,121,121,0,0,0,2025-08-19 13:50:00+07:00,2025-08-19 15:50:00+07:00,,,emiten/cache_1m/BLES.JK.csv,23,23,23,23,23,23,
BLOG.JK,OK,121,121,0,0,0,2025-08-19 13:50:00+07:00,2025-08-19 15:50:00+07:00,,,emiten/cache_1m/BLOG.JK.csv,37,37,37,37,37,37,
BLTZ.JK,OK,121,121,0,0,0,2025-08-19 13:50:00+07:00,2025-08-19 15:50:00+07:00,,,emiten/cache_1m/BLTZ.JK.csv,102,102,102,102,102,102,
BLUE.JK,OK,121,121,0,0,0,2025-08-19 13:50:00+07:00,2025-08-19 15:50:00+07:00,,,emiten/cache_1m/BLUE.JK.csv,114,114,114,114,114,114,
BMAS.JK,OK,121,121,0,0,0,2025-08-19 13:50:00+07:00,2025-08-19 15:50:00+07:00,,,emiten/cache_1m/BMAS.JK.csv,2,2,2,2,2,2,
BMHS.JK,OK,121,121,0,0,0,2025-08-19 13:50:00+07:00,2025-08-19 15:50:00+07:00,,,emiten/cache_1m/BMHS.JK.csv,96,96,96,96,96,96,
BMRI.JK,OK,121,121,0,0,0,2025-08-19 13:50:00+07:00,2025-08-19 15:50:00+07:00,,,emiten/cache_1m/BMRI.JK.csv,2,2,2,2,2,2,
BMSR.JK,OK,121,121,0,0,0,2025-08-19 13:50:00+07:00,2025-08-19 15:50:00+07:00,,,emiten/cache_1m/BMSR.JK.csv,77,77,77,77,77,77,
BMTR.JK,OK,121,121,0,0,0,2025-08-19 13:50:00+07:00,2025-08-19 15:50:00+07:00,,,emiten/cache_1m/BMTR.JK.csv,31,31,31,31,31,31,
BNBA.JK,OK,121,121,0,0,0,2025-08-19 13:50:00+07:00,2025-08-19 15:50:00+07:00,,,emiten/cache_1m/BNBA.JK.csv,111,111,111,111,111,111,
BNGA.JK,OK,121,121,0,0,0,2025-08-19 13:50:00+07:00,2025-08-19 15:50:00+07:00,,,emiten/cache_1m/BNGA.JK.csv,6,6,6,6,6,6,
BNII.JK,OK,121,121,0,0,0,2025-08-19 13:50:00+07:00,2025-08-19 15:50:00+07:00,,,emiten/cache_1m/BNII.JK.csv,81,81,81,81,81,81,
BNLI.JK,OK,121,121,0,0,0,2025-08-19 13:50:00+07:00,2025-08-19 15:50:00+07:00,,,emiten/cache_1m/BNLI.JK.csv,94,94,94,94,94,94,
BOAT.JK,OK,121,121,0,0,0,2025-08-19 13:50:00+07:00,2025-08-19 15:50:00+07:00,,,emiten/cache_1m/BOAT.JK.csv,55,55,55,55,55,55,
BOBA.JK,OK,121,121,0,0,0,2025-08-19 13:50:00+07:00,2025-08-19 15:50:00+07:00,,,emiten/cache_1m/BOBA.JK.csv,114,114,114,114,114,114,
BOGA.JK,OK,121,121,0,0,0,2025-08-19 13:50:00+07:00,2025-08-19 15:50:00+07:00,,,emiten/cache_1m/BOGA.JK.csv,116,116,116,116,116,116,
BOLA.JK,OK,121,121,0,0,0,2025-08-19 13:50:00+07:00,2025-08-19 15:50:00+07:00,,,emiten/cache_1m/BOLA.JK.csv,100,100,100,100,100,100,
BOLT.JK,OK,121,121,0,0,0,2025-08-19 13:50:00+07:00,2025-08-19 15:50:00+07:00,,,emiten/cache_1m/BOLT.JK.csv,112,112,112,112,112,112,
BPFI.JK,OK,121,121,0,0,0,2025-08-19 13:50:00+07:00,2025-08-19 15:50:00+07:00,,,emiten/cache_1m/BPFI.JK.csv,116,116,116,116,116,116,
BPII.JK,OK,121,121,0,0,0,2025-08-19 13:50:00+07:00,2025-08-19 15:50:00+07:00,,,emiten/cache_1m/BPII.JK.csv,113,113,113,113,113,113,
BPTR.JK,OK,121,121,0,0,0,2025-08-19 13:50:00+07:00,2025-08-19 15:50:00+07:00,,,emiten/cache_1m/BPTR.JK.csv,99,99,99,99,99,99,
BRAM.JK,OK,121,121,0,0,0,2025-08-19 13:50:00+07:00,2025-08-19 15:50:00+07:00,,,emiten/cache_1m/BRAM.JK.csv,98,98,98,98,98,98,
BREN.JK,OK,121,121,0,0,0,2025-08-19 13:50:00+07:00,2025-08-19 15:50:00+07:00,,,emiten/cache_1m/BREN.JK.csv,2,2,2,2,2,2,
BRIS.JK,OK,121,121,0,0,0,2025-08-19 13:50:00+07:00,2025-08-19 15:50:00+07:00,,,emiten/cache_1m/BRIS.JK.csv,2,2,2,2,2,2,
BRMS.JK,OK,121,121,0,0,0,2025-08-19 13:50:00+07:00,2025-08-19 15:50:00+07:00,,,emiten/cache_1m/BRMS.JK.csv,2,2,2,2,2,2,
BRNA.JK,OK,121,121,0,0,0,2025-08-19 13:50:00+07:00,2025-08-19 15:50:00+07:00,,,emiten/cache_1m/BRNA.JK.csv,2,2,2,2,2,2,
BRPT.JK,OK,121,121,0,0,0,2025-08-19 13:50:00+07:00,2025-08-19 15:50:00+07:00,,,emiten/cache_1m/BRPT.JK.csv,2,2,2,2,2,2,
BRRC.JK,OK,121,121,0,0,0,2025-08-19 13:50:00+07:00,2025-08-19 15:50:00+07:00,,,emiten/cache_1m/BRRC.JK.csv,5,5,5,5,5,5,
BSBK.JK,OK,121,121,0,0,0,2025-08-19 13:50:00+07:00,2025-08-19 15:50:00+07:00,,,emiten/cache_1m/BSBK.JK.csv,74,74,74,74,74,74,
BSDE.JK,OK,121,121,0,0,0,2025-08-19 13:50:00+07:00,2025-08-19 15:50:00+07:00,,,emiten/cache_1m/BSDE.JK.csv,16,16,16,16,16,16,
BSIM.JK,OK,121,121,0,0,0,2025-08-19 13:50:00+07:00,2025-08-19 15:50:00+07:00,,,emiten/cache_1m/BSIM.JK.csv,107,107,107,107,107,107,
BSML.JK,OK,121,121,0,0,0,2025-08-19 13:50:00+07:00,2025-08-19 15:50:00+07:00,,,emiten/cache_1m/BSML.JK.csv,2,2,2,2,2,2,
BSSR.JK,OK,121,121,0,0,0,2025-08-19 13:50:00+07:00,2025-08-19 15:50:00+07:00,,,emiten/cache_1m/BSSR.JK.csv,69,69,69,69,69,69,
BSWD.JK,OK,2877,2877,0,0,0,2025-08-11 09:00:00+07:00,2025-08-19 15:50:00+07:00,,,emiten/cache_1m/BSWD.JK.csv,2877,2877,2877,2877,2877,2877,
BTON.JK,OK,121,121,0,0,0,2025-08-19 13:50:00+07:00,2025-08-19 15:50:00+07:00,,,emiten/cache_1m/BTON.JK.csv,119,119,119,119,119,119,
BTPN.JK,OK,121,121,0,0,0,2025-08-19 13:50:00+07:00,2025-08-19 15:50:00+07:00,,,emiten/cache_1m/BTPN.JK.csv,119,119,119,119,119,119,
BTPS.JK,OK,121,121,0,0,0,2025-08-19 13:50:00+07:00,2025-08-19 15:50:00+07:00,,,emiten/cache_1m/BTPS.JK.csv,8,8,8,8,8,8,
BUAH.JK,OK,121,121,0,0,0,2025-08-19 13:50:00+07:00,2025-08-19 15:50:00+07:00,,,emiten/cache_1m/BUAH.JK.csv,102,102,102,102,102,102,
BUDI.JK,OK,121,121,0,0,0,2025-08-19 13:50:00+07:00,2025-08-19 15:50:00+07:00,,,emiten/cache_1m/BUDI.JK.csv,113,113,113,113,113,113,
BUKA.JK,OK,121,121,0,0,0,2025-08-19 13:50:00+07:00,2025-08-19 15:50:00+07:00,,,emiten/cache_1m/BUKA.JK.csv,2,2,2,2,2,2,
BUKK.JK,OK,121,121,0,0,0,2025-08-19 13:50:00+07:00,2025-08-19 15:50:00+07:00,,,emiten/cache_1m/BUKK.JK.csv,11,11,11,11,11,11,
BULL.JK,OK,121,121,0,0,0,2025-08-19 13:50:00+07:00,2025-08-19 15:50:00+07:00,,,emiten/cache_1m/BULL.JK.csv,11,11,11,11,11,11,
BUMI.JK,OK,121,121,0,0,0,2025-08-19 13:50:00+07:00,2025-08-19 15:50:00+07:00,,,emiten/cache_1m/BUMI.JK.csv,2,2,2,2,2,2,
BUVA.JK,OK,121,121,0,0,0,2025-08-19 13:50:00+07:00,2025-08-19 15:50:00+07:00,,,emiten/cache_1m/BUVA.JK.csv,120,120,120,120,120,120,
BVIC.JK,OK,121,121,0,0,0,2025-08-19 13:50:00+07:00,2025-08-19 15:50:00+07:00,,,emiten/cache_1m/BVIC.JK.csv,3,3,3,3,3,3,
BWPT.JK,OK,121,121,0,0,0,2025-08-19 13:50:00+07:00,2025-08-19 15:50:00+07:00,,,emiten/cache_1m/BWPT.JK.csv,4,4,4,4,4,4,
BYAN.JK,OK,121,121,0,0,0,2025-08-19 13:50:00+07:00,2025-08-19 15:50:00+07:00,,,emiten/cache_1m/BYAN.JK.csv,117,117,117,117,117,117,
CAKK.JK,OK,121,121,0,0,0,2025-08-19 13:50:00+07:00,2025-08-19 15:50:00+07:00,,,emiten/cache_1m/CAKK.JK.csv,95,95,95,95,95,95,
CAMP.JK,OK,121,121,0,0,0,2025-08-19 13:50:00+07:00,2025-08-19 15:50:00+07:00,,,emiten/cache_1m/CAMP.JK.csv,80,80,80,80,80,80,
CARE.JK,OK,121,121,0,0,0,2025-08-19 13:50:00+07:00,2025-08-19 15:50:00+07:00,,,emiten/cache_1m/CARE.JK.csv,73,73,73,73,73,73,
CARS.JK,OK,121,121,0,0,0,2025-08-19 13:50:00+07:00,2025-08-19 15:50:00+07:00,,,emiten/cache_1m/CARS.JK.csv,72,72,72,72,72,72,
CASA.JK,OK,121,121,0,0,0,2025-08-19 13:50:00+07:00,2025-08-19 15:50:00+07:00,,,emiten/cache_1m/CASA.JK.csv,92,92,92,92,92,92,
CASH.JK,OK,121,121,0,0,0,2025-08-19 13:50:00+07:00,2025-08-19 15:50:00+07:00,,,emiten/cache_1m/CASH.JK.csv,71,71,71,71,71,71,
CASS.JK,OK,121,121,0,0,0,2025-08-19 13:50:00+07:00,2025-08-19 15:50:00+07:00,,,emiten/cache_1m/CASS.JK.csv,89,89,89,89,89,89,
CBDK.JK,OK,121,121,0,0,0,2025-08-19 13:50:00+07:00,2025-08-19 15:50:00+07:00,,,emiten/cache_1m/CBDK.JK.csv,8,8,8,8,8,8,
CBPE.JK,OK,121,121,0,0,0,2025-08-19 13:50:00+07:00,2025-08-19 15:50:00+07:00,,,emiten/cache_1m/CBPE.JK.csv,115,115,115,115,115,115,
CBRE.JK,OK,2877,2877,0,0,0,2025-08-11 09:00:00+07:00,2025-08-19 15:50:00+07:00,,,emiten/cache_1m/CBRE.JK.csv,2877,2877,2877,2877,2877,2877,
CBUT.JK,OK,121,121,0,0,0,2025-08-19 13:50:00+07:00,2025-08-19 15:50:00+07:00,,,emiten/cache_1m/CBUT.JK.csv,104,104,104,104,104,104,
CCSI.JK,OK,121,121,0,0,0,2025-08-19 13:50:00+07:00,2025-08-19 15:50:00+07:00,,,emiten/cache_1m/CCSI.JK.csv,107,107,107,107,107,107,
CDIA.JK,OK,121,121,0,0,0,2025-08-19 13:50:00+07:00,2025-08-19 15:50:00+07:00,,,emiten/cache_1m/CDIA.JK.csv,2,2,2,2,2,2,
CEKA.JK,OK,121,121,0,0,0,2025-08-19 13:50:00+07:00,2025-08-19 15:50:00+07:00,,,emiten/cache_1m/CEKA.JK.csv,102,102,102,102,102,102,
CENT.JK,OK,121,121,0,0,0,2025-08-19 13:50:00+07:00,2025-08-19 15:50:00+07:00,,,emiten/cache_1m/CENT.JK.csv,34,34,34,34,34,34,
CFIN.JK,OK,121,121,0,0,0,2025-08-19 13:50:00+07:00,2025-08-19 15:50:00+07:00,,,emiten/cache_1m/CFIN.JK.csv,74,74,74,74,74,74,
CGAS.JK,OK,121,121,0,0,0,2025-08-19 13:50:00+07:00,2025-08-19 15:50:00+07:00,,,emiten/cache_1m/CGAS.JK.csv,53,53,53,53,53,53,
CHEK.JK,OK,121,121,0,0,0,2025-08-19 13:50:00+07:00,2025-08-19 15:50:00+07:00,,,emiten/cache_1m/CHEK.JK.csv,24,24,24,24,24,24,
CHEM.JK,OK,121,121,0,0,0,2025-08-19 13:50:00+07:00,2025-08-19 15:50:00+07:00,,,emiten/cache_1m/CHEM.JK.csv,19,19,19,19,19,19,
CHIP.JK,OK,121,121,0,0,0,2025-08-19 13:50:00+07:00,2025-08-19 15:50:00+07:00,,,emiten/cache_1m/CHIP.JK.csv,73,73,73,73,73,73,
CINT.JK,OK,121,121,0,0,0,2025-08-19 13:50:00+07:00,2025-08-19 15:50:00+07:00,,,emiten/cache_1m/CINT.JK.csv,101,101,101,101,101,101,
CITA.JK,OK,121,121,0,0,0,2025-08-19 13:50:00+07:00,2025-08-19 15:50:00+07:00,,,emiten/cache_1m/CITA.JK.csv,91,91,91,91,91,91,
CITY.JK,OK,121,121,0,0,0,2025-08-19 13:50:00+07:00,2025-08-19 15:50:00+07:00,,,emiten/cache_1m/CITY.JK.csv,17,17,17,17,17,17,
CLAY.JK,OK,121,121,0,0,0,2025-08-19 13:50:00+07:00,2025-08-19 15:50:00+07:00,,,emiten/cache_1m/CLAY.JK.csv,104,104,104,104,104,104,
CLEO.JK,OK,121,121,0,0,0,2025-08-19 13:50:00+07:00,2025-08-19 15:50:00+07:00,,,emiten/cache_1m/CLEO.JK.csv,12,12,12,12,12,12,
CLPI.JK,OK,121,121,0,0,0,2025-08-19 13:50:00+07:00,2025-08-19 15:50:00+07:00,,,emiten/cache_1m/CLPI.JK.csv,110,110,110,110,110,110,
CMNP.JK,OK,121,121,0,0,0,2025-08-19 13:50:00+07:00,2025-08-19 15:50:00+07:00,,,emiten/cache_1m/CMNP.JK.csv,100,100,100,100,100,100,
CMNT.JK,OK,121,121,0,0,0,2025-08-19 13:50:00+07:00,2025-08-19 15:50:00+07:00,,,emiten/cache_1m/CMNT.JK.csv,38,38,38,38,38,38,
CMPP.JK,OK,121,121,0,0,0,2025-08-19 13:50:00+07:00,2025-08-19 15:50:00+07:00,,,emiten/cache_1m/CMPP.JK.csv,99,99,99,99,99,99,
CMRY.JK,OK,121,121,0,0,0,2025-08-19 13:50:00+07:00,2025-08-19 15:50:00+07:00,,,emiten/cache_1m/CMRY.JK.csv,8,8,8,8,8,8,
CNKO.JK,OK,121,121,0,0,0,2025-08-19 13:50:00+07:00,2025-08-19 15:50:00+07:00,,,emiten/cache_1m/CNKO.JK.csv,120,120,120,120,120,120,
CNMA.JK,OK,121,121,0,0,0,2025-08-19 13:50:00+07:00,2025-08-19 15:50:00+07:00,,,emiten/cache_1m/CNMA.JK.csv,38,38,38,38,38,38,
COCO.JK,OK,2877,2877,0,0,0,2025-08-11 09:00:00+07:00,2025-08-19 15:50:00+07:00,,,emiten/cache_1m/COCO.JK.csv,2877,2877,2877,2877,2877,2877,
COIN.JK,OK,121,121,0,0,0,2025-08-19 13:50:00+07:00,2025-08-19 15:50:00+07:00,,,emiten/cache_1m/COIN.JK.csv,1,1,1,1,1,1,
CPIN.JK,OK,121,121,0,0,0,2025-08-19 13:50:00+07:00,2025-08-19 15:50:00+07:00,,,emiten/cache_1m/CPIN.JK.csv,3,3,3,3,3,3,
CPRO.JK,OK,121,121,0,0,0,2025-08-19 13:50:00+07:00,2025-08-19 15:50:00+07:00,,,emiten/cache_1m/CPRO.JK.csv,71,71,71,71,71,71,
CRAB.JK,OK,121,121,0,0,0,2025-08-19 13:50:00+07:00,2025-08-19 15:50:00+07:00,,,emiten/cache_1m/CRAB.JK.csv,93,93,93,93,93,93,
CRSN.JK,OK,121,121,0,0,0,2025-08-19 13:50:00+07:00,2025-08-19 15:50:00+07:00,,,emiten/cache_1m/CRSN.JK.csv,72,72,72,72,72,72,
CSAP.JK,OK,121,121,0,0,0,2025-08-19 13:50:00+07:00,2025-08-19 15:50:00+07:00,,,emiten/cache_1m/CSAP.JK.csv,41,41,41,41,41,41,
CSIS.JK,OK,121,121,0,0,0,2025-08-19 13:50:00+07:00,2025-08-19 15:50:00+07:00,,,emiten/cache_1m/CSIS.JK.csv,3,3,3,3,3,3,
CSMI.JK,OK,2877,2877,0,0,0,2025-08-11 09:00:00+07:00,2025-08-19 15:50:00+07:00,,,emiten/cache_1m/CSMI.JK.csv,2379,2379,2379,2379,2379,2379,
CSRA.JK,OK,121,121,0,0,0,2025-08-19 13:50:00+07:00,2025-08-19 15:50:00+07:00,,,emiten/cache_1m/CSRA.JK.csv,83,83,83,83,83,83,
CTBN.JK,OK,121,121,0,0,0,2025-08-19 13:50:00+07:00,2025-08-19 15:50:00+07:00,,,emiten/cache_1m/CTBN.JK.csv,90,90,90,90,90,90,
CTRA.JK,OK,121,121,0,0,0,2025-08-19 13:50:00+07:00,2025-08-19 15:50:00+07:00,,,emiten/cache_1m/CTRA.JK.csv,2,2,2,2,2,2,
CUAN.JK,OK,121,121,0,0,0,2025-08-19 13:50:00+07:00,2025-08-19 15:50:00+07:00,,,emiten/cache_1m/CUAN.JK.csv,2,2,2,2,2,2,
CYBR.JK,OK,121,121,0,0,0,2025-08-19 13:50:00+07:00,2025-08-19 15:50:00+07:00,,,emiten/cache_1m/CYBR.JK.csv,58,58,58,58,58,58,
DAAZ.JK,OK,121,121,0,0,0,2025-08-19 13:50:00+07:00,2025-08-19 15:50:00+07:00,,,emiten/cache_1m/DAAZ.JK.csv,91,91,91,91,91,91,
DART.JK,OK,121,121,0,0,0,2025-08-19 13:50:00+07:00,2025-08-19 15:50:00+07:00,,,emiten/cache_1m/DART.JK.csv,91,91,91,91,91,91,
DATA.JK,OK,121,121,0,0,0,2025-08-19 13:50:00+07:00,2025-08-19 15:50:00+07:00,,,emiten/cache_1m/DATA.JK.csv,46,46,46,46,46,46,
DAYA.JK,OK,121,121,0,0,0,2025-08-19 13:50:00+07:00,2025-08-19 15:50:00+07:00,,,emiten/cache_1m/DAYA.JK.csv,117,117,117,117,117,117,
DCII.JK,OK,121,121,0,0,0,2025-08-19 13:50:00+07:00,2025-08-19 15:50:00+07:00,,,emiten/cache_1m/DCII.JK.csv,57,57,57,57,57,57,
DEPO.JK,OK,121,121,0,0,0,2025-08-19 13:50:00+07:00,2025-08-19 15:50:00+07:00,,,emiten/cache_1m/DEPO.JK.csv,108,108,108,108,108,108,
DEWA.JK,OK,121,121,0,0,0,2025-08-19 13:50:00+07:00,2025-08-19 15:50:00+07:00,,,emiten/cache_1m/DEWA.JK.csv,2,2,2,2,2,2,
DEWI.JK,OK,121,121,0,0,0,2025-08-19 13:50:00+07:00,2025-08-19 15:50:00+07:00,,,emiten/cache_1m/DEWI.JK.csv,3,3,3,3,3,3,
DFAM.JK,OK,121,121,0,0,0,2025-08-19 13:50:00+07:00,2025-08-19 15:50:00+07:00,,,emiten/cache_1m/DFAM.JK.csv,115,115,115,115,115,115,
DGIK.JK,OK,121,121,0,0,0,2025-08-19 13:50:00+07:00,2025-08-19 15:50:00+07:00,,,emiten/cache_1m/DGIK.JK.csv,78,78,78,78,78,78,
DGNS.JK,OK,121,121,0,0,0,2025-08-19 13:50:00+07:00,2025-08-19 15:50:00+07:00,,,emiten/cache_1m/DGNS.JK.csv,90,90,90,90,90,90,
DGWG.JK,OK,121,121,0,0,0,2025-08-19 13:50:00+07:00,2025-08-19 15:50:00+07:00,,,emiten/cache_1m/DGWG.JK.csv,55,55,55,55,55,55,
DILD.JK,OK,121,121,0,0,0,2025-08-19 13:50:00+07:00,2025-08-19 15:50:00+07:00,,,emiten/cache_1m/DILD.JK.csv,64,64,64,64,64,64,
DIVA.JK,OK,121,121,0,0,0,2025-08-19 13:50:00+07:00,2025-08-19 15:50:00+07:00,,,emiten/cache_1m/DIVA.JK.csv,99,99,99,99,99,99,
DKFT.JK,OK,121,121,0,0,0,2025-08-19 13:50:00+07:00,2025-08-19 15:50:00+07:00,,,emiten/cache_1m/DKFT.JK.csv,1,1,1,1,1,1,
DKHH.JK,OK,121,121,0,0,0,2025-08-19 13:50:00+07:00,2025-08-19 15:50:00+07:00,,,emiten/cache_1m/DKHH.JK.csv,3,3,3,3,3,3,
DLTA.JK,OK,121,121,0,0,0,2025-08-19 13:50:00+07:00,2025-08-19 15:50:00+07:00,,,emiten/cache_1m/DLTA.JK.csv,59,59,59,59,59,59,
DMAS.JK,OK,121,121,0,0,0,2025-08-19 13:50:00+07:00,2025-08-19 15:50:00+07:00,,,emiten/cache_1m/DMAS.JK.csv,1,1,1,1,1,1,
DMMX.JK,OK,121,121,0,0,0,2025-08-19 13:50:00+07:00,2025-08-19 15:50:00+07:00,,,emiten/cache_1m/DMMX.JK.csv,52,52,52,52,52,52,
DMND.JK,OK,121,121,0,0,0,2025-08-19 13:50:00+07:00,2025-08-19 15:50:00+07:00,,,emiten/cache_1m/DMND.JK.csv,1,1,1,1,1,1,
DNAR.JK,OK,121,121,0,0,0,2025-08-19 13:50:00+07:00,2025-08-19 15:50:00+07:00,,,emiten/cache_1m/DNAR.JK.csv,68,68,68,68,68,68,
DNET.JK,OK,121,121,0,0,0,2025-08-19 13:50:00+07:00,2025-08-19 15:50:00+07:00,,,emiten/cache_1m/DNET.JK.csv,53,53,53,53,53,53,
DOID.JK,OK,121,121,0,0,0,2025-08-19 13:50:00+07:00,2025-08-19 15:50:00+07:00,,,emiten/cache_1m/DOID.JK.csv,57,57,57,57,57,57,
DOOH.JK,OK,121,121,0,0,0,2025-08-19 13:50:00+07:00,2025-08-19 15:50:00+07:00,,,emiten/cache_1m/DOOH.JK.csv,6,6,6,6,6,6,
DOSS.JK,OK,121,121,0,0,0,2025-08-19 13:50:00+07:00,2025-08-19 15:50:00+07:00,,,emiten/cache_1m/DOSS.JK.csv,66,66,66,66,66,66,
DPNS.JK,OK,121,121,0,0,0,2025-08-19 13:50:00+07:00,2025-08-19 15:50:00+07:00,,,emiten/cache_1m/DPNS.JK.csv,44,44,44,44,44,44,
DPUM.JK,OK,121,121,0,0,0,2025-08-19 13:50:00+07:00,2025-08-19 15:50:00+07:00,,,emiten/cache_1m/DPUM.JK.csv,34,34,34,34,34,34,
DRMA.JK,OK,121,121,0,0,0,2025-08-19 13:50:00+07:00,2025-08-19 15:50:00+07:00,,,emiten/cache_1m/DRMA.JK.csv,80,80,80,80,80,80,
DSFI.JK,OK,121,121,0,0,0,2025-08-19 13:50:00+07:00,2025-08-19 15:50:00+07:00,,,emiten/cache_1m/DSFI.JK.csv,29,29,29,29,29,29,
DSNG.JK,OK,121,121,0,0,0,2025-08-19 13:50:00+07:00,2025-08-19 15:50:00+07:00,,,emiten/cache_1m/DSNG.JK.csv,2,2,2,2,2,2,
DSSA.JK,OK,121,121,0,0,0,2025-08-19 13:50:00+07:00,2025-08-19 15:50:00+07:00,,,emiten/cache_1m/DSSA.JK.csv,2,2,2,2,2,2,
DUTI.JK,OK,121,121,0,0,0,2025-08-19 13:50:00+07:00,2025-08-19 15:50:00+07:00,,,emiten/cache_1m/DUTI.JK.csv,120,120,120,120,120,120,
DVLA.JK,OK,121,121,0,0,0,2025-08-19 13:50:00+07:00,2025-08-19 15:50:00+07:00,,,emiten/cache_1m/DVLA.JK.csv,112,112,112,112,112,112,
DWGL.JK,OK,121,121,0,0,0,2025-08-19 13:50:00+07:00,2025-08-19 15:50:00+07:00,,,emiten/cache_1m/DWGL.JK.csv,97,97,97,97,97,97,
DYAN.JK,OK,121,121,0,0,0,2025-08-19 13:50:00+07:00,2025-08-19 15:50:00+07:00,,,emiten/cache_1m/DYAN.JK.csv,24,24,24,24,24,24,
EAST.JK,OK,121,121,0,0,0,2025-08-19 13:50:00+07:00,2025-08-19 15:50:00+07:00,,,emiten/cache_1m/EAST.JK.csv,70,70,70,70,70,70,
ECII.JK,OK,121,121,0,0,0,2025-08-19 13:50:00+07:00,2025-08-19 15:50:00+07:00,,,emiten/cache_1m/ECII.JK.csv,106,106,106,106,106,106,
EDGE.JK,OK,121,121,0,0,0,2025-08-19 13:50:00+07:00,2025-08-19 15:50:00+07:00,,,emiten/cache_1m/EDGE.JK.csv,87,87,87,87,87,87,
EKAD.JK,OK,121,121,0,0,0,2025-08-19 13:50:00+07:00,2025-08-19 15:50:00+07:00,,,emiten/cache_1m/EKAD.JK.csv,111,111,111,111,111,111,
ELIT.JK,OK,121,121,0,0,0,2025-08-19 13:50:00+07:00,2025-08-19 15:50:00+07:00,,,emiten/cache_1m/ELIT.JK.csv,38,38,38,38,38,38,
ELPI.JK,OK,121,121,0,0,0,2025-08-19 13:50:00+07:00,2025-08-19 15:50:00+07:00,,,emiten/cache_1m/ELPI.JK.csv,88,88,88,88,88,88,
ELSA.JK,OK,121,121,0,0,0,2025-08-19 13:50:00+07:00,2025-08-19 15:50:00+07:00,,,emiten/cache_1m/ELSA.JK.csv,2,2,2,2,2,2,
EMDE.JK,OK,121,121,0,0,0,2025-08-19 13:50:00+07:00,2025-08-19 15:50:00+07:00,,,emiten/cache_1m/EMDE.JK.csv,16,16,16,16,16,16,
EMTK.JK,OK,121,121,0,0,0,2025-08-19 13:50:00+07:00,2025-08-19 15:50:00+07:00,,,emiten/cache_1m/EMTK.JK.csv,1,1,1,1,1,1,
ENAK.JK,OK,121,121,0,0,0,2025-08-19 13:50:00+07:00,2025-08-19 15:50:00+07:00,,,emiten/cache_1m/ENAK.JK.csv,116,116,116,116,116,116,
ENRG.JK,OK,121,121,0,0,0,2025-08-19 13:50:00+07:00,2025-08-19 15:50:00+07:00,,,emiten/cache_1m/ENRG.JK.csv,2,2,2,2,2,2,
EPMT.JK,OK,121,121,0,0,0,2025-08-19 13:50:00+07:00,2025-08-19 15:50:00+07:00,,,emiten/cache_1m/EPMT.JK.csv,109,109,109,109,109,109,
ERAA.JK,OK,121,121,0,0,0,2025-08-19 13:50:00+07:00,2025-08-19 15:50:00+07:00,,,emiten/cache_1m/ERAA.JK.csv,5,5,5,5,5,5,
ERAL.JK,OK,121,121,0,0,0,2025-08-19 13:50:00+07:00,2025-08-19 15:50:00+07:00,,,emiten/cache_1m/ERAL.JK.csv,41,41,41,41,41,41,
ERTX.JK,OK,121,121,0,0,0,2025-08-19 13:50:00+07:00,2025-08-19 15:50:00+07:00,,,emiten/cache_1m/ERTX.JK.csv,90,90,90,90,90,90,
ESSA.JK,OK,121,121,0,0,0,2025-08-19 13:50:00+07:00,2025-08-19 15:50:00+07:00,,,emiten/cache_1m/ESSA.JK.csv,15,15,15,15,15,15,
ESTA.JK,OK,121,121,0,0,0,2025-08-19 13:50:00+07:00,2025-08-19 15:50:00+07:00,,,emiten/cache_1m/ESTA.JK.csv,110,110,110,110,110,110,
EURO.JK,OK,121,121,0,0,0,2025-08-19 13:50:00+07:00,2025-08-19 15:50:00+07:00,,,emiten/cache_1m/EURO.JK.csv,112,112,112,112,112,112,
EXCL.JK,OK,121,121,0,0,0,2025-08-19 13:50:00+07:00,2025-08-19 15:50:00+07:00,,,emiten/cache_1m/EXCL.JK.csv,2,2,2,2,2,2,
FAPA.JK,OK,121,121,0,0,0,2025-08-19 13:50:00+07:00,2025-08-19 15:50:00+07:00,,,emiten/cache_1m/FAPA.JK.csv,119,119,119,119,119,119,
FAST.JK,OK,121,121,0,0,0,2025-08-19 13:50:00+07:00,2025-08-19 15:50:00+07:00,,,emiten/cache_1m/FAST.JK.csv,89,89,89,89,89,89,
FILM.JK,OK,121,121,0,0,0,2025-08-19 13:50:00+07:00,2025-08-19 15:50:00+07:00,,,emiten/cache_1m/FILM.JK.csv,2,2,2,2,2,2,
FIMP.JK,OK,2877,2877,0,0,0,2025-08-11 09:00:00+07:00,2025-08-19 15:50:00+07:00,,,emiten/cache_1m/FIMP.JK.csv,2871,2871,2871,2871,2871,2871,
FIRE.JK,OK,121,121,0,0,0,2025-08-19 13:50:00+07:00,2025-08-19 15:50:00+07:00,,,emiten/cache_1m/FIRE.JK.csv,83,83,83,83,83,83,
FITT.JK,OK,121,121,0,0,0,2025-08-19 13:50:00+07:00,2025-08-19 15:50:00+07:00,,,emiten/cache_1m/FITT.JK.csv,91,91,91,91,91,91,
FLMC.JK,OK,121,121,0,0,0,2025-08-19 13:50:00+07:00,2025-08-19 15:50:00+07:00,,,emiten/cache_1m/FLMC.JK.csv,107,107,107,107,107,107,
FMII.JK,OK,121,121,0,0,0,2025-08-19 13:50:00+07:00,2025-08-19 15:50:00+07:00,,,emiten/cache_1m/FMII.JK.csv,108,108,108,108,108,108,
FOLK.JK,OK,121,121,0,0,0,2025-08-19 13:50:00+07:00,2025-08-19 15:50:00+07:00,,,emiten/cache_1m/FOLK.JK.csv,109,109,109,109,109,109,
FOOD.JK,OK,121,121,0,0,0,2025-08-19 13:50:00+07:00,2025-08-19 15:50:00+07:00,,,emiten/cache_1m/FOOD.JK.csv,92,92,92,92,92,92,
FORE.JK,OK,121,121,0,0,0,2025-08-19 13:50:00+07:00,2025-08-19 15:50:00+07:00,,,emiten/cache_1m/FORE.JK.csv,24,24,24,24,24,24,
FORU.JK,OK,121,121,0,0,0,2025-08-19 13:50:00+07:00,2025-08-19 15:50:00+07:00,,,emiten/cache_1m/FORU.JK.csv,47,47,47,47,47,47,
FPNI.JK,OK,121,121,0,0,0,2025-08-19 13:50:00+07:00,2025-08-19 15:50:00+07:00,,,emiten/cache_1m/FPNI.JK.csv,80,80,80,80,80,80,
FUJI.JK,OK,121,121,0,0,0,2025-08-19 13:50:00+07:00,2025-08-19 15:50:00+07:00,,,emiten/cache_1m/FUJI.JK.csv,116,116,116,116,116,116,
FUTR.JK,OK,2877,2877,0,0,0,2025-08-11 09:00:00+07:00,2025-08-19 15:50:00+07:00,,,emiten/cache_1m/FUTR.JK.csv,1605,1605,1605,1605,1605,1605,
FWCT.JK,OK,121,121,0,0,0,2025-08-19 13:50:00+07:00,2025-08-19 15:50:00+07:00,,,emiten/cache_1m/FWCT.JK.csv,93,93,93,93,93,93,
GDST.JK,OK,121,121,0,0,0,2025-08-19 13:50:00+07:00,2025-08-19 15:50:00+07:00,,,emiten/cache_1m/GDST.JK.csv,70,70,70,70,70,70,
GDYR.JK,OK,121,121,0,0,0,2025-08-19 13:50:00+07:00,2025-08-19 15:50:00+07:00,,,emiten/cache_1m/GDYR.JK.csv,119,119,119,119,119,119,
GEMA.JK,OK,121,121,0,0,0,2025-08-19 13:50:00+07:00,2025-08-19 15:50:00+07:00,,,emiten/cache_1m/GEMA.JK.csv,21,21,21,21,21,21,
GEMS.JK,OK,121,121,0,0,0,2025-08-19 13:50:00+07:00,2025-08-19 15:50:00+07:00,,,emiten/cache_1m/GEMS.JK.csv,78,78,78,78,78,78,
GGRM.JK,OK,121,121,0,0,0,2025-08-19 13:50:00+07:00,2025-08-19 15:50:00+07:00,,,emiten/cache_1m/GGRM.JK.csv,11,11,11,11,11,11,
GHON.JK,OK,121,121,0,0,0,2025-08-19 13:50:00+07:00,2025-08-19 15:50:00+07:00,,,emiten/cache_1m/GHON.JK.csv,113,113,113,113,113,113,
GIAA.JK,OK,121,121,0,0,0,2025-08-19 13:50:00+07:00,2025-08-19 15:50:00+07:00,,,emiten/cache_1m/GIAA.JK.csv,120,120,120,120,120,120,
GJTL.JK,OK,121,121,0,0,0,2025-08-19 13:50:00+07:00,2025-08-19 15:50:00+07:00,,,emiten/cache_1m/GJTL.JK.csv,22,22,22,22,22,22,
GLOB.JK,OK,121,121,0,0,0,2025-08-19 13:50:00+07:00,2025-08-19 15:50:00+07:00,,,emiten/cache_1m/GLOB.JK.csv,120,120,120,120,120,120,
GLVA.JK,OK,121,121,0,0,0,2025-08-19 13:50:00+07:00,2025-08-19 15:50:00+07:00,,,emiten/cache_1m/GLVA.JK.csv,119,119,119,119,119,119,
GMFI.JK,OK,121,121,0,0,0,2025-08-19 13:50:00+07:00,2025-08-19 15:50:00+07:00,,,emiten/cache_1m/GMFI.JK.csv,120,120,120,120,120,120,
GMTD.JK,OK,121,121,0,0,0,2025-08-19 13:50:00+07:00,2025-08-19 15:50:00+07:00,,,emiten/cache_1m/GMTD.JK.csv,119,119,119,119,119,119,
GOLD.JK,OK,121,121,0,0,0,2025-08-19 13:50:00+07:00,2025-08-19 15:50:00+07:00,,,emiten/cache_1m/GOLD.JK.csv,116,116,116,116,116,116,
GOLF.JK,OK,121,121,0,0,0,2025-08-19 13:50:00+07:00,2025-08-19 15:50:00+07:00,,,emiten/cache_1m/GOLF.JK.csv,110,110,110,110,110,110,
GOOD.JK,OK,121,121,0,0,0,2025-08-19 13:50:00+07:00,2025-08-19 15:50:00+07:00,,,emiten/cache_1m/GOOD.JK.csv,103,103,103,103,103,103,
GOTO.JK,OK,121,121,0,0,0,2025-08-19 13:50:00+07:00,2025-08-19 15:50:00+07:00,,,emiten/cache_1m/GOTO.JK.csv,2,2,2,2,2,2,
GPRA.JK,OK,121,121,0,0,0,2025-08-19 13:50:00+07:00,2025-08-19 15:50:00+07:00,,,emiten/cache_1m/GPRA.JK.csv,31,31,31,31,31,31,
GPSO.JK,OK,121,121,0,0,0,2025-08-19 13:50:00+07:00,2025-08-19 15:50:00+07:00,,,emiten/cache_1m/GPSO.JK.csv,100,100,100,100,100,100,
GRIA.JK,OK,121,121,0,0,0,2025-08-19 13:50:00+07:00,2025-08-19 15:50:00+07:00,,,emiten/cache_1m/GRIA.JK.csv,94,94,94,94,94,94,
GRPH.JK,OK,121,121,0,0,0,2025-08-19 13:50:00+07:00,2025-08-19 15:50:00+07:00,,,emiten/cache_1m/GRPH.JK.csv,7,7,7,7,7,7,
GSMF.JK,OK,121,121,0,0,0,2025-08-19 13:50:00+07:00,2025-08-19 15:50:00+07:00,,,emiten/cache_1m/GSMF.JK.csv,4,4,4,4,4,4,
GTBO.JK,OK,121,121,0,0,0,2025-08-19 13:50:00+07:00,2025-08-19 15:50:00+07:00,,,emiten/cache_1m/GTBO.JK.csv,108,108,108,108,108,108,
GTRA.JK,OK,121,121,0,0,0,2025-08-19 13:50:00+07:00,2025-08-19 15:50:00+07:00,,,emiten/cache_1m/GTRA.JK.csv,79,79,79,79,79,79,
GULA.JK,OK,121,121,0,0,0,2025-08-19 13:50:00+07:00,2025-08-19 15:50:00+07:00,,,emiten/cache_1m/GULA.JK.csv,75,75,75,75,75,75,
GUNA.JK,OK,121,121,0,0,0,2025-08-19 13:50:00+07:00,2025-08-19 15:50:00+07:00,,,emiten/cache_1m/GUNA.JK.csv,81,81,81,81,81,81,
GWSA.JK,OK,121,121,0,0,0,2025-08-19 13:50:00+07:00,2025-08-19 15:50:00+07:00,,,emiten/cache_1m/GWSA.JK.csv,99,99,99,99,99,99,
GZCO.JK,OK,121,121,0,0,0,2025-08-19 13:50:00+07:00,2025-08-19 15:50:00+07:00,,,emiten/cache_1m/GZCO.JK.csv,2,2,2,2,2,2,
HAIS.JK,OK,121,121,0,0,0,2025-08-19 13:50:00+07:00,2025-08-19 15:50:00+07:00,,,emiten/cache_1m/HAIS.JK.csv,99,99,99,99,99,99,
HAJJ.JK,OK,121,121,0,0,0,2025-08-19 13:50:00+07:00,2025-08-19 15:50:00+07:00,,,emiten/cache_1m/HAJJ.JK.csv,57,57,57,57,57,57,
HALO.JK,OK,121,121,0,0,0,2025-08-19 13:50:00+07:00,2025-08-19 15:50:00+07:00,,,emiten/cache_1m/HALO.JK.csv,80,80,80,80,80,80,
HATM.JK,OK,121,121,0,0,0,2025-08-19 13:50:00+07:00,2025-08-19 15:50:00+07:00,,,emiten/cache_1m/HATM.JK.csv,109,109,109,109,109,109,
HBAT.JK,OK,121,121,0,0,0,2025-08-19 13:50:00+07:00,2025-08-19 15:50:00+07:00,,,emiten/cache_1m/HBAT.JK.csv,101,101,101,101,101,101,
HDFA.JK,OK,121,121,0,0,0,2025-08-19 13:50:00+07:00,2025-08-19 15:50:00+07:00,,,emiten/cache_1m/HDFA.JK.csv,116,116,116,116,116,116,
HEAL.JK,OK,121,121,0,0,0,2025-08-19 13:50:00+07:00,2025-08-19 15:50:00+07:00,,,emiten/cache_1m/HEAL.JK.csv,2,2,2,2,2,2,
HELI.JK,OK,121,121,0,0,0,2025-08-19 13:50:00+07:00,2025-08-19 15:50:00+07:00,,,emiten/cache_1m/HELI.JK.csv,117,117,117,117,117,117,
HERO.JK,OK,121,121,0,0,0,2025-08-19 13:50:00+07:00,2025-08-19 15:50:00+07:00,,,emiten/cache_1m/HERO.JK.csv,84,84,84,84,84,84,
HEXA.JK,OK,121,121,0,0,0,2025-08-19 13:50:00+07:00,2025-08-19 15:50:00+07:00,,,emiten/cache_1m/HEXA.JK.csv,68,68,68,68,68,68,
HGII.JK,OK,121,121,0,0,0,2025-08-19 13:50:00+07:00,2025-08-19 15:50:00+07:00,,,emiten/cache_1m/HGII.JK.csv,58,58,58,58,58,58,
HILL.JK,OK,121,121,0,0,0,2025-08-19 13:50:00+07:00,2025-08-19 15:50:00+07:00,,,emiten/cache_1m/HILL.JK.csv,87,87,87,87,87,87,
HMSP.JK,OK,121,121,0,0,0,2025-08-19 13:50:00+07:00,2025-08-19 15:50:00+07:00,,,emiten/cache_1m/HMSP.JK.csv,9,9,9,9,9,9,
HOKI.JK,OK,121,121,0,0,0,2025-08-19 13:50:00+07:00,2025-08-19 15:50:00+07:00,,,emiten/cache_1m/HOKI.JK.csv,55,55,55,55,55,55,
HOMI.JK,OK,121,121,0,0,0,2025-08-19 13:50:00+07:00,2025-08-19 15:50:00+07:00,,,emiten/cache_1m/HOMI.JK.csv,27,27,27,27,27,27,
HOPE.JK,OK,2877,2877,0,0,0,2025-08-11 09:00:00+07:00,2025-08-19 15:50:00+07:00,,,emiten/cache_1m/HOPE.JK.csv,2877,2877,2877,2877,2877,2877,
HRTA.JK,OK,121,121,0,0,0,2025-08-19 13:50:00+07:00,2025-08-19 15:50:00+07:00,,,emiten/cache_1m/HRTA.JK.csv,20,20,20,20,20,20,
HRUM.JK,OK,121,121,0,0,0,2025-08-19 13:50:00+07:00,2025-08-19 15:50:00+07:00,,,emiten/cache_1m/HRUM.JK.csv,29,29,29,29,29,29,
HUMI.JK,OK,121,121,0,0,0,2025-08-19 13:50:00+07:00,2025-08-19 15:50:00+07:00,,,emiten/cache_1m/HUMI.JK.csv,2,2,2,2,2,2,
HYGN.JK,OK,121,121,0,0,0,2025-08-19 13:50:00+07:00,2025-08-19 15:50:00+07:00,,,emiten/cache_1m/HYGN.JK.csv,86,86,86,86,86,86,
IATA.JK,OK,121,121,0,0,0,2025-08-19 13:50:00+07:00,2025-08-19 15:50:00+07:00,,,emiten/cache_1m/IATA.JK.csv,116,116,116,116,116,116,
IBST.JK,OK,2877,2877,0,0,0,2025-08-11 09:00:00+07:00,2025-08-19 15:50:00+07:00,,,emiten/cache_1m/IBST.JK.csv,2818,2818,2818,2818,2818,2818,
ICBP.JK,OK,121,121,0,0,0,2025-08-19 13:50:00+07:00,2025-08-19 15:50:00+07:00,,,emiten/cache_1m/ICBP.JK.csv,4,4,4,4,4,4,
IDEA.JK,OK,121,121,0,0,0,2025-08-19 13:50:00+07:00,2025-08-19 15:50:00+07:00,,,emiten/cache_1m/IDEA.JK.csv,90,90,90,90,90,90,
IDPR.JK,OK,121,121,0,0,0,2025-08-19 13:50:00+07:00,2025-08-19 15:50:00+07:00,,,emiten/cache_1m/IDPR.JK.csv,54,54,54,54,54,54,
IFII.JK,OK,121,121,0,0,0,2025-08-19 13:50:00+07:00,2025-08-19 15:50:00+07:00,,,emiten/cache_1m/IFII.JK.csv,110,110,110,110,110,110,
IFSH.JK,OK,121,121,0,0,0,2025-08-19 13:50:00+07:00,2025-08-19 15:50:00+07:00,,,emiten/cache_1m/IFSH.JK.csv,120,120,120,120,120,120,
IGAR.JK,OK,121,121,0,0,0,2025-08-19 13:50:00+07:00,2025-08-19 15:50:00+07:00,,,emiten/cache_1m/IGAR.JK.csv,119,119,119,119,119,119,
IKAN.JK,OK,121,121,0,0,0,2025-08-19 13:50:00+07:00,2025-08-19 15:50:00+07:00,,,emiten/cache_1m/IKAN.JK.csv,3,3,3,3,3,3,
IKBI.JK,OK,121,121,0,0,0,2025-08-19 13:50:00+07:00,2025-08-19 15:50:00+07:00,,,emiten/cache_1m/IKBI.JK.csv,2,2,2,2,2,2,
IKPM.JK,OK,121,121,0,0,0,2025-08-19 13:50:00+07:00,2025-08-19 15:50:00+07:00,,,emiten/cache_1m/IKPM.JK.csv,110,110,110,110,110,110,
IMAS.JK,OK,121,121,0,0,0,2025-08-19 13:50:00+07:00,2025-08-19 15:50:00+07:00,,,emiten/cache_1m/IMAS.JK.csv,90,90,90,90,90,90,
IMJS.JK,OK,121,121,0,0,0,2025-08-19 13:50:00+07:00,2025-08-19 15:50:00+07:00,,,emiten/cache_1m/IMJS.JK.csv,43,43,43,43,43,43,
IMPC.JK,OK,2877,2877,0,0,0,2025-08-11 09:00:00+07:00,2025-08-19 15:50:00+07:00,,,emiten/cache_1m/IMPC.JK.csv,2697,2697,2697,2697,2697,2697,
INAI.JK,OK,121,121,0,0,0,2025-08-19 13:50:00+07:00,2025-08-19 15:50:00+07:00,,,emiten/cache_1m/INAI.JK.csv,112,112,112,112,112,112,
INCI.JK,OK,121,121,0,0,0,2025-08-19 13:50:00+07:00,2025-08-19 15:50:00+07:00,,,emiten/cache_1m/INCI.JK.csv,29,29,29,29,29,29,
INCO.JK,OK,121,121,0,0,0,2025-08-19 13:50:00+07:00,2025-08-19 15:50:00+07:00,,,emiten/cache_1m/INCO.JK.csv,1,1,1,1,1,1,
INDF.JK,OK,121,121,0,0,0,2025-08-19 13:50:00+07:00,2025-08-19 15:50:00+07:00,,,emiten/cache_1m/INDF.JK.csv,3,3,3,3,3,3,
INDO.JK,OK,121,121,0,0,0,2025-08-19 13:50:00+07:00,2025-08-19 15:50:00+07:00,,,emiten/cache_1m/INDO.JK.csv,91,91,91,91,91,91,
INDR.JK,OK,121,121,0,0,0,2025-08-19 13:50:00+07:00,2025-08-19 15:50:00+07:00,,,emiten/cache_1m/INDR.JK.csv,104,104,104,104,104,104,
INDS.JK,OK,121,121,0,0,0,2025-08-19 13:50:00+07:00,2025-08-19 15:50:00+07:00,,,emiten/cache_1m/INDS.JK.csv,108,108,108,108,108,108,
INDX.JK,OK,121,121,0,0,0,2025-08-19 13:50:00+07:00,2025-08-19 15:50:00+07:00,,,emiten/cache_1m/INDX.JK.csv,67,67,67,67,67,67,
INDY.JK,OK,121,121,0,0,0,2025-08-19 13:50:00+07:00,2025-08-19 15:50:00+07:00,,,emiten/cache_1m/INDY.JK.csv,12,12,12,12,12,12,
INET.JK,OK,121,121,0,0,0,2025-08-19 13:50:00+07:00,2025-08-19 15:50:00+07:00,,,emiten/cache_1m/INET.JK.csv,2,2,2,2,2,2,
INKP.JK,OK,121,121,0,0,0,2025-08-19 13:50:00+07:00,2025-08-19 15:50:00+07:00,,,emiten/cache_1m/INKP.JK.csv,4,4,4,4,4,4,
INOV.JK,OK,121,121,0,0,0,2025-08-19 13:50:00+07:00,2025-08-19 15:50:00+07:00,,,emiten/cache_1m/INOV.JK.csv,115,115,115,115,115,115,
INPC.JK,OK,121,121,0,0,0,2025-08-19 13:50:00+07:00,2025-08-19 15:50:00+07:00,,,emiten/cache_1m/INPC.JK.csv,68,68,68,68,68,68,
INPP.JK,OK,121,121,0,0,0,2025-08-19 13:50:00+07:00,2025-08-19 15:50:00+07:00,,,emiten/cache_1m/INPP.JK.csv,66,66,66,66,66,66,
INPS.JK,OK,121,121,0,0,0,2025-08-19 13:50:00+07:00,2025-08-19 15:50:00+07:00,,,emiten/cache_1m/INPS.JK.csv,120,120,120,120,120,120,
INRU.JK,OK,121,121,0,0,0,2025-08-19 13:50:00+07:00,2025-08-19 15:50:00+07:00,,,emiten/cache_1m/INRU.JK.csv,105,105,105,105,105,105,
INTD.JK,OK,121,121,0,0,0,2025-08-19 13:50:00+07:00,2025-08-19 15:50:00+07:00,,,emiten/cache_1m/INTD.JK.csv,116,116,116,116,116,116,
INTP.JK,OK,121,121,0,0,0,2025-08-19 13:50:00+07:00,2025-08-19 15:50:00+07:00,,,emiten/cache_1m/INTP.JK.csv,9,9,9,9,9,9,
IOTF.JK,OK,121,121,0,0,0,2025-08-19 13:50:00+07:00,2025-08-19 15:50:00+07:00,,,emiten/cache_1m/IOTF.JK.csv,2,2,2,2,2,2,
IPAC.JK,OK,121,121,0,0,0,2025-08-19 13:50:00+07:00,2025-08-19 15:50:00+07:00,,,emiten/cache_1m/IPAC.JK.csv,119,119,119,119,119,119,
IPCC.JK,OK,121,121,0,0,0,2025-08-19 13:50:00+07:00,2025-08-19 15:50:00+07:00,,,emiten/cache_1m/IPCC.JK.csv,70,70,70,70,70,70,
IPCM.JK,OK,121,121,0,0,0,2025-08-19 13:50:00+07:00,2025-08-19 15:50:00+07:00,,,emiten/cache_1m/IPCM.JK.csv,98,98,98,98,98,98,
IPOL.JK,OK,121,121,0,0,0,2025-08-19 13:50:00+07:00,2025-08-19 15:50:00+07:00,,,emiten/cache_1m/IPOL.JK.csv,106,106,106,106,106,106,
IRRA.JK,OK,121,121,0,0,0,2025-08-19 13:50:00+07:00,2025-08-19 15:50:00+07:00,,,emiten/cache_1m/IRRA.JK.csv,88,88,88,88,88,88,
IRSX.JK,OK,2877,2877,0,0,0,2025-08-11 09:00:00+07:00,2025-08-19 15:50:00+07:00,,,emiten/cache_1m/IRSX.JK.csv,2877,2877,2877,2877,2877,2877,
ISAT.JK,OK,121,121,0,0,0,2025-08-19 13:50:00+07:00,2025-08-19 15:50:00+07:00,,,emiten/cache_1m/ISAT.JK.csv,3,3,3,3,3,3,
ISEA.JK,OK,121,121,0,0,0,2025-08-19 13:50:00+07:00,2025-08-19 15:50:00+07:00,,,emiten/cache_1m/ISEA.JK.csv,73,73,73,73,73,73,
ISSP.JK,OK,121,121,0,0,0,2025-08-19 13:50:00+07:00,2025-08-19 15:50:00+07:00,,,emiten/cache_1m/ISSP.JK.csv,81,81,81,81,81,81,
ITIC.JK,OK,121,121,0,0,0,2025-08-19 13:50:00+07:00,2025-08-19 15:50:00+07:00,,,emiten/cache_1m/ITIC.JK.csv,53,53,53,53,53,53,
ITMA.JK,OK,121,121,0,0,0,2025-08-19 13:50:00+07:00,2025-08-19 15:50:00+07:00,,,emiten/cache_1m/ITMA.JK.csv,36,36,36,36,36,36,
ITMG.JK,OK,121,121,0,0,0,2025-08-19 13:50:00+07:00,2025-08-19 15:50:00+07:00,,,emiten/cache_1m/ITMG.JK.csv,2,2,2,2,2,2,
JARR.JK,OK,121,121,0,0,0,2025-08-19 13:50:00+07:00,2025-08-19 15:50:00+07:00,,,emiten/cache_1m/JARR.JK.csv,17,17,17,17,17,17,
JAST.JK,OK,121,121,0,0,0,2025-08-19 13:50:00+07:00,2025-08-19 15:50:00+07:00,,,emiten/cache_1m/JAST.JK.csv,22,22,22,22,22,22,
JATI.JK,OK,121,121,0,0,0,2025-08-19 13:50:00+07:00,2025-08-19 15:50:00+07:00,,,emiten/cache_1m/JATI.JK.csv,50,50,50,50,50,50,
JAWA.JK,OK,121,121,0,0,0,2025-08-19 13:50:00+07:00,2025-08-19 15:50:00+07:00,,,emiten/cache_1m/JAWA.JK.csv,97,97,97,97,97,97,
JAYA.JK,OK,121,121,0,0,0,2025-08-19 13:50:00+07:00,2025-08-19 15:50:00+07:00,,,emiten/cache_1m/JAYA.JK.csv,99,99,99,99,99,99,
JECC.JK,OK,121,121,0,0,0,2025-08-19 13:50:00+07:00,2025-08-19 15:50:00+07:00,,,emiten/cache_1m/JECC.JK.csv,115,115,115,115,115,115,
JIHD.JK,OK,121,121,0,0,0,2025-08-19 13:50:00+07:00,2025-08-19 15:50:00+07:00,,,emiten/cache_1m/JIHD.JK.csv,67,67,67,67,67,67,
JKON.JK,OK,121,121,0,0,0,2025-08-19 13:50:00+07:00,2025-08-19 15:50:00+07:00,,,emiten/cache_1m/JKON.JK.csv,17,17,17,17,17,17,
JMAS.JK,OK,121,121,0,0,0,2025-08-19 13:50:00+07:00,2025-08-19 15:50:00+07:00,,,emiten/cache_1m/JMAS.JK.csv,79,79,79,79,79,79,
JPFA.JK,OK,121,121,0,0,0,2025-08-19 13:50:00+07:00,2025-08-19 15:50:00+07:00,,,emiten/cache_1m/JPFA.JK.csv,4,4,4,4,4,4,
JRPT.JK,OK,121,121,0,0,0,2025-08-19 13:50:00+07:00,2025-08-19 15:50:00+07:00,,,emiten/cache_1m/JRPT.JK.csv,114,114,114,114,114,114,
JSMR.JK,OK,121,121,0,0,0,2025-08-19 13:50:00+07:00,2025-08-19 15:50:00+07:00,,,emiten/cache_1m/JSMR.JK.csv,2,2,2,2,2,2,
JSPT.JK,OK,121,121,0,0,0,2025-08-19 13:50:00+07:00,2025-08-19 15:50:00+07:00,,,emiten/cache_1m/JSPT.JK.csv,116,116,116,116,116,116,
JTPE.JK,OK,121,121,0,0,0,2025-08-19 13:50:00+07:00,2025-08-19 15:50:00+07:00,,,emiten/cache_1m/JTPE.JK.csv,3,3,3,3,3,3,
KAEF.JK,OK,121,121,0,0,0,2025-08-19 13:50:00+07:00,2025-08-19 15:50:00+07:00,,,emiten/cache_1m/KAEF.JK.csv,51,51,51,51,51,51,
KAQI.JK,OK,121,121,0,0,0,2025-08-19 13:50:00+07:00,2025-08-19 15:50:00+07:00,,,emiten/cache_1m/KAQI.JK.csv,4,4,4,4,4,4,
KARW.JK,OK,121,121,0,0,0,2025-08-19 13:50:00+07:00,2025-08-19 15:50:00+07:00,,,emiten/cache_1m/KARW.JK.csv,120,120,120,120,120,120,
KBLI.JK,OK,121,121,0,0,0,2025-08-19 13:50:00+07:00,2025-08-19 15:50:00+07:00,,,emiten/cache_1m/KBLI.JK.csv,116,116,116,116,116,116,
KBLM.JK,OK,121,121,0,0,0,2025-08-19 13:50:00+07:00,2025-08-19 15:50:00+07:00,,,emiten/cache_1m/KBLM.JK.csv,8,8,8,8,8,8,
KBLV.JK,OK,121,121,0,0,0,2025-08-19 13:50:00+07:00,2025-08-19 15:50:00+07:00,,,emiten/cache_1m/KBLV.JK.csv,11,11,11,11,11,11,
KDSI.JK,OK,121,121,0,0,0,2025-08-19 13:50:00+07:00,2025-08-19 15:50:00+07:00,,,emiten/cache_1m/KDSI.JK.csv,112,112,112,112,112,112,
KDTN.JK,OK,121,121,0,0,0,2025-08-19 13:50:00+07:00,2025-08-19 15:50:00+07:00,,,emiten/cache_1m/KDTN.JK.csv,120,120,120,120,120,120,
KEEN.JK,OK,121,121,0,0,0,2025-08-19 13:50:00+07:00,2025-08-19 15:50:00+07:00,,,emiten/cache_1m/KEEN.JK.csv,31,31,31,31,31,31,
KEJU.JK,OK,121,121,0,0,0,2025-08-19 13:50:00+07:00,2025-08-19 15:50:00+07:00,,,emiten/cache_1m/KEJU.JK.csv,68,68,68,68,68,68,
KETR.JK,OK,121,121,0,0,0,2025-08-19 13:50:00+07:00,2025-08-19 15:50:00+07:00,,,emiten/cache_1m/KETR.JK.csv,68,68,68,68,68,68,
KICI.JK,OK,121,121,0,0,0,2025-08-19 13:50:00+07:00,2025-08-19 15:50:00+07:00,,,emiten/cache_1m/KICI.JK.csv,102,102,102,102,102,102,
KIJA.JK,OK,121,121,0,0,0,2025-08-19 13:50:00+07:00,2025-08-19 15:50:00+07:00,,,emiten/cache_1m/KIJA.JK.csv,29,29,29,29,29,29,
KING.JK,OK,121,121,0,0,0,2025-08-19 13:50:00+07:00,2025-08-19 15:50:00+07:00,,,emiten/cache_1m/KING.JK.csv,117,117,117,117,117,117,
KINO.JK,OK,121,121,0,0,0,2025-08-19 13:50:00+07:00,2025-08-19 15:50:00+07:00,,,emiten/cache_1m/KINO.JK.csv,46,46,46,46,46,46,
KIOS.JK,OK,121,121,0,0,0,2025-08-19 13:50:00+07:00,2025-08-19 15:50:00+07:00,,,emiten/cache_1m/KIOS.JK.csv,2,2,2,2,2,2,
KJEN.JK,OK,121,121,0,0,0,2025-08-19 13:50:00+07:00,2025-08-19 15:50:00+07:00,,,emiten/cache_1m/KJEN.JK.csv,47,47,47,47,47,47,
KKGI.JK,OK,121,121,0,0,0,2025-08-19 13:50:00+07:00,2025-08-19 15:50:00+07:00,,,emiten/cache_1m/KKGI.JK.csv,52,52,52,52,52,52,
KLAS.JK,OK,121,121,0,0,0,2025-08-19 13:50:00+07:00,2025-08-19 15:50:00+07:00,,,emiten/cache_1m/KLAS.JK.csv,93,93,93,93,93,93,
KLBF.JK,OK,121,121,0,0,0,2025-08-19 13:50:00+07:00,2025-08-19 15:50:00+07:00,,,emiten/cache_1m/KLBF.JK.csv,4,4,4,4,4,4,
KLIN.JK,OK,121,121,0,0,0,2025-08-19 13:50:00+07:00,2025-08-19 15:50:00+07:00,,,emiten/cache_1m/KLIN.JK.csv,119,119,119,119,119,119,
KMDS.JK,OK,121,121,0,0,0,2025-08-19 13:50:00+07:00,2025-08-19 15:50:00+07:00,,,emiten/cache_1m/KMDS.JK.csv,102,102,102,102,102,102,
KMTR.JK,OK,121,121,0,0,0,2025-08-19 13:50:00+07:00,2025-08-19 15:50:00+07:00,,,emiten/cache_1m/KMTR.JK.csv,111,111,111,111,111,111,
KOBX.JK,OK,121,121,0,0,0,2025-08-19 13:50:00+07:00,2025-08-19 15:50:00+07:00,,,emiten/cache_1m/KOBX.JK.csv,103,103,103,103,103,103,
KOCI.JK,OK,121,121,0,0,0,2025-08-19 13:50:00+07:00,2025-08-19 15:50:00+07:00,,,emiten/cache_1m/KOCI.JK.csv,52,52,52,52,52,52,
KOIN.JK,OK,121,121,0,0,0,2025-08-19 13:50:00+07:00,2025-08-19 15:50:00+07:00,,,emiten/cache_1m/KOIN.JK.csv,121,121,121,121,121,121,
KOKA.JK,OK,121,121,0,0,0,2025-08-19 13:50:00+07:00,2025-08-19 15:50:00+07:00,,,emiten/cache_1m/KOKA.JK.csv,62,62,62,62,62,62,
KONI.JK,OK,121,121,0,0,0,2025-08-19 13:50:00+07:00,2025-08-19 15:50:00+07:00,,,emiten/cache_1m/KONI.JK.csv,112,112,112,112,112,112,
KOPI.JK,OK,121,121,0,0,0,2025-08-19 13:50:00+07:00,2025-08-19 15:50:00+07:00,,,emiten/cache_1m/KOPI.JK.csv,106,106,106,106,106,106,
KPIG.JK,OK,121,121,0,0,0,2025-08-19 13:50:00+07:00,2025-08-19 15:50:00+07:00,,,emiten/cache_1m/KPIG.JK.csv,2,2,2,2,2,2,
KRAS.JK,OK,121,121,0,0,0,2025-08-19 13:50:00+07:00,2025-08-19 15:50:00+07:00,,,emiten/cache_1m/KRAS.JK.csv,2,2,2,2,2,2,
KRYA.JK,OK,121,121,0,0,0,2025-08-19 13:50:00+07:00,2025-08-19 15:50:00+07:00,,,emiten/cache_1m/KRYA.JK.csv,11,11,11,11,11,11,
KSIX.JK,OK,121,121,0,0,0,2025-08-19 13:50:00+07:00,2025-08-19 15:50:00+07:00,,,emiten/cache_1m/KSIX.JK.csv,92,92,92,92,92,92,
KUAS.JK,OK,121,121,0,0,0,2025-08-19 13:50:00+07:00,2025-08-19 15:50:00+07:00,,,emiten/cache_1m/KUAS.JK.csv,22,22,22,22,22,22,
LABS.JK,OK,121,121,0,0,0,2025-08-19 13:50:00+07:00,2025-08-19 15:50:00+07:00,,,emiten/cache_1m/LABS.JK.csv,87,87,87,87,87,87,
LAJU.JK,OK,121,121,0,0,0,2025-08-19 13:50:00+07:00,2025-08-19 15:50:00+07:00,,,emiten/cache_1m/LAJU.JK.csv,54,54,54,54,54,54,
LAPD.JK,OK,121,121,0,0,0,2025-08-19 13:50:00+07:00,2025-08-19 15:50:00+07:00,,,emiten/cache_1m/LAPD.JK.csv,54,54,54,54,54,54,
LCKM.JK,OK,121,121,0,0,0,2025-08-19 13:50:00+07:00,2025-08-19 15:50:00+07:00,,,emiten/cache_1m/LCKM.JK.csv,116,116,116,116,116,116,
LEAD.JK,OK,121,121,0,0,0,2025-08-19 13:50:00+07:00,2025-08-19 15:50:00+07:00,,,emiten/cache_1m/LEAD.JK.csv,2,2,2,2,2,2,
LFLO.JK,OK,121,121,0,0,0,2025-08-19 13:50:00+07:00,2025-08-19 15:50:00+07:00,,,emiten/cache_1m/LFLO.JK.csv,117,117,117,117,117,117,
LIFE.JK,OK,121,121,0,0,0,2025-08-19 13:50:00+07:00,2025-08-19 15:50:00+07:00,,,emiten/cache_1m/LIFE.JK.csv,104,104,104,104,104,104,
LINK.JK,OK,121,121,0,0,0,2025-08-19 13:50:00+07:00,2025-08-19 15:50:00+07:00,,,emiten/cache_1m/LINK.JK.csv,116,116,116,116,116,116,
LION.JK,OK,121,121,0,0,0,2025-08-19 13:50:00+07:00,2025-08-19 15:50:00+07:00,,,emiten/cache_1m/LION.JK.csv,61,61,61,61,61,61,
LIVE.JK,OK,121,121,0,0,0,2025-08-19 13:50:00+07:00,2025-08-19 15:50:00+07:00,,,emiten/cache_1m/LIVE.JK.csv,106,106,106,106,106,106,
LMAX.JK,OK,121,121,0,0,0,2025-08-19 13:50:00+07:00,2025-08-19 15:50:00+07:00,,,emiten/cache_1m/LMAX.JK.csv,65,65,65,65,65,65,
LMPI.JK,OK,121,121,0,0,0,2025-08-19 13:50:00+07:00,2025-08-19 15:50:00+07:00,,,emiten/cache_1m/LMPI.JK.csv,114,114,114,114,114,114,
LOPI.JK,OK,121,121,0,0,0,2025-08-19 13:50:00+07:00,2025-08-19 15:50:00+07:00,,,emiten/cache_1m/LOPI.JK.csv,63,63,63,63,63,63,
LPCK.JK,OK,121,121,0,0,0,2025-08-19 13:50:00+07:00,2025-08-19 15:50:00+07:00,,,emiten/cache_1m/LPCK.JK.csv,19,19,19,19,19,19,
LPGI.JK,OK,121,121,0,0,0,2025-08-19 13:50:00+07:00,2025-08-19 15:50:00+07:00,,,emiten/cache_1m/LPGI.JK.csv,105,105,105,105,105,105,
LPIN.JK,OK,121,121,0,0,0,2025-08-19 13:50:00+07:00,2025-08-19 15:50:00+07:00,,,emiten/cache_1m/LPIN.JK.csv,107,107,107,107,107,107,
LPKR.JK,OK,121,121,0,0,0,2025-08-19 13:50:00+07:00,2025-08-19 15:50:00+07:00,,,emiten/cache_1m/LPKR.JK.csv,45,45,45,45,45,45,
LPLI.JK,OK,121,121,0,0,0,2025-08-19 13:50:00+07:00,2025-08-19 15:50:00+07:00,,,emiten/cache_1m/LPLI.JK.csv,98,98,98,98,98,98,
LPPF.JK,OK,121,121,0,0,0,2025-08-19 13:50:00+07:00,2025-08-19 15:50:00+07:00,,,emiten/cache_1m/LPPF.JK.csv,48,48,48,48,48,48,
LPPS.JK,OK,121,121,0,0,0,2025-08-19 13:50:00+07:00,2025-08-19 15:50:00+07:00,,,emiten/cache_1m/LPPS.JK.csv,4,4,4,4,4,4,
LRNA.JK,OK,121,121,0,0,0,2025-08-19 13:50:00+07:00,2025-08-19 15:50:00+07:00,,,emiten/cache_1m/LRNA.JK.csv,82,82,82,82,82,82,
LSIP.JK,OK,121,121,0,0,0,2025-08-19 13:50:00+07:00,2025-08-19 15:50:00+07:00,,,emiten/cache_1m/LSIP.JK.csv,14,14,14,14,14,14,
LTLS.JK,OK,121,121,0,0,0,2025-08-19 13:50:00+07:00,2025-08-19 15:50:00+07:00,,,emiten/cache_1m/LTLS.JK.csv,74,74,74,74,74,74,
LUCK.JK,OK,121,121,0,0,0,2025-08-19 13:50:00+07:00,2025-08-19 15:50:00+07:00,,,emiten/cache_1m/LUCK.JK.csv,87,87,87,87,87,87,
LUCY.JK,OK,121,121,0,0,0,2025-08-19 13:50:00+07:00,2025-08-19 15:50:00+07:00,,,emiten/cache_1m/LUCY.JK.csv,115,115,115,115,115,115,
MAHA.JK,OK,121,121,0,0,0,2025-08-19 13:50:00+07:00,2025-08-19 15:50:00+07:00,,,emiten/cache_1m/MAHA.JK.csv,91,91,91,91,91,91,
MAIN.JK,OK,121,121,0,0,0,2025-08-19 13:50:00+07:00,2025-08-19 15:50:00+07:00,,,emiten/cache_1m/MAIN.JK.csv,35,35,35,35,35,35,
MAPA.JK,OK,121,121,0,0,0,2025-08-19 13:50:00+07:00,2025-08-19 15:50:00+07:00,,,emiten/cache_1m/MAPA.JK.csv,2,2,2,2,2,2,
MAPB.JK,OK,121,121,0,0,0,2025-08-19 13:50:00+07:00,2025-08-19 15:50:00+07:00,,,emiten/cache_1m/MAPB.JK.csv,121,121,121,121,121,121,
MAPI.JK,OK,121,121,0,0,0,2025-08-19 13:50:00+07:00,2025-08-19 15:50:00+07:00,,,emiten/cache_1m/MAPI.JK.csv,4,4,4,4,4,4,
MARK.JK,OK,121,121,0,0,0,2025-08-19 13:50:00+07:00,2025-08-19 15:50:00+07:00,,,emiten/cache_1m/MARK.JK.csv,25,25,25,25,25,25,
MASB.JK,OK,121,121,0,0,0,2025-08-19 13:50:00+07:00,2025-08-19 15:50:00+07:00,,,emiten/cache_1m/MASB.JK.csv,117,117,117,117,117,117,
MAXI.JK,OK,121,121,0,0,0,2025-08-19 13:50:00+07:00,2025-08-19 15:50:00+07:00,,,emiten/cache_1m/MAXI.JK.csv,56,56,56,56,56,56,
MAYA.JK,OK,121,121,0,0,0,2025-08-19 13:50:00+07:00,2025-08-19 15:50:00+07:00,,,emiten/cache_1m/MAYA.JK.csv,3,3,3,3,3,3,
MBAP.JK,OK,121,121,0,0,0,2025-08-19 13:50:00+07:00,2025-08-19 15:50:00+07:00,,,emiten/cache_1m/MBAP.JK.csv,101,101,101,101,101,101,
MBMA.JK,OK,121,121,0,0,0,2025-08-19 13:50:00+07:00,2025-08-19 15:50:00+07:00,,,emiten/cache_1m/MBMA.JK.csv,2,2,2,2,2,2,
MBSS.JK,OK,121,121,0,0,0,2025-08-19 13:50:00+07:00,2025-08-19 15:50:00+07:00,,,emiten/cache_1m/MBSS.JK.csv,85,85,85,85,85,85,
MBTO.JK,OK,121,121,0,0,0,2025-08-19 13:50:00+07:00,2025-08-19 15:50:00+07:00,,,emiten/cache_1m/MBTO.JK.csv,19,19,19,19,19,19,
MCAS.JK,OK,121,121,0,0,0,2025-08-19 13:50:00+07:00,2025-08-19 15:50:00+07:00,,,emiten/cache_1m/MCAS.JK.csv,96,96,96,96,96,96,
MCOL.JK,OK,121,121,0,0,0,2025-08-19 13:50:00+07:00,2025-08-19 15:50:00+07:00,,,emiten/cache_1m/MCOL.JK.csv,69,69,69,69,69,69,
MCOR.JK,OK,121,121,0,0,0,2025-08-19 13:50:00+07:00,2025-08-19 15:50:00+07:00,,,emiten/cache_1m/MCOR.JK.csv,76,76,76,76,76,76,
MDIY.JK,OK,121,121,0,0,0,2025-08-19 13:50:00+07:00,2025-08-19 15:50:00+07:00,,,emiten/cache_1m/MDIY.JK.csv,79,79,79,79,79,79,
MDKA.JK,OK,121,121,0,0,0,2025-08-19 13:50:00+07:00,2025-08-19 15:50:00+07:00,,,emiten/cache_1m/MDKA.JK.csv,2,2,2,2,2,2,
MDKI.JK,OK,121,121,0,0,0,2025-08-19 13:50:00+07:00,2025-08-19 15:50:00+07:00,,,emiten/cache_1m/MDKI.JK.csv,116,116,116,116,116,116,
MDLA.JK,OK,121,121,0,0,0,2025-08-19 13:50:00+07:00,2025-08-19 15:50:00+07:00,,,emiten/cache_1m/MDLA.JK.csv,68,68,68,68,68,68,
MDLN.JK,OK,121,121,0,0,0,2025-08-19 13:50:00+07:00,2025-08-19 15:50:00+07:00,,,emiten/cache_1m/MDLN.JK.csv,29,29,29,29,29,29,
MEDC.JK,OK,121,121,0,0,0,2025-08-19 13:50:00+07:00,2025-08-19 15:50:00+07:00,,,emiten/cache_1m/MEDC.JK.csv,19,19,19,19,19,19,
MEDS.JK,OK,121,121,0,0,0,2025-08-19 13:50:00+07:00,2025-08-19 15:50:00+07:00,,,emiten/cache_1m/MEDS.JK.csv,31,31,31,31,31,31,
MEGA.JK,OK,121,121,0,0,0,2025-08-19 13:50:00+07:00,2025-08-19 15:50:00+07:00,,,emiten/cache_1m/MEGA.JK.csv,25,25,25,25,25,25,
MERI.JK,OK,121,121,0,0,0,2025-08-19 13:50:00+07:00,2025-08-19 15:50:00+07:00,,,emiten/cache_1m/MERI.JK.csv,21,21,21,21,21,21,
MERK.JK,OK,121,121,0,0,0,2025-08-19 13:50:00+07:00,2025-08-19 15:50:00+07:00,,,emiten/cache_1m/MERK.JK.csv,20,20,20,20,20,20,
MFIN.JK,OK,121,121,0,0,0,2025-08-19 13:50:00+07:00,2025-08-19 15:50:00+07:00,,,emiten/cache_1m/MFIN.JK.csv,91,91,91,91,91,91,
MGLV.JK,OK,121,121,0,0,0,2025-08-19 13:50:00+07:00,2025-08-19 15:50:00+07:00,,,emiten/cache_1m/MGLV.JK.csv,68,68,68,68,68,68,
MGRO.JK,OK,121,121,0,0,0,2025-08-19 13:50:00+07:00,2025-08-19 15:50:00+07:00,,,emiten/cache_1m/MGRO.JK.csv,66,66,66,66,66,66,
MHKI.JK,OK,121,121,0,0,0,2025-08-19 13:50:00+07:00,2025-08-19 15:50:00+07:00,,,emiten/cache_1m/MHKI.JK.csv,95,95,95,95,95,95,
MICE.JK,OK,121,121,0,0,0,2025-08-19 13:50:00+07:00,2025-08-19 15:50:00+07:00,,,emiten/cache_1m/MICE.JK.csv,15,15,15,15,15,15,
MIDI.JK,OK,121,121,0,0,0,2025-08-19 13:50:00+07:00,2025-08-19 15:50:00+07:00,,,emiten/cache_1m/MIDI.JK.csv,27,27,27,27,27,27,
MIKA.JK,OK,121,121,0,0,0,2025-08-19 13:50:00+07:00,2025-08-19 15:50:00+07:00,,,emiten/cache_1m/MIKA.JK.csv,15,15,15,15,15,15,
MINA.JK,OK,2877,2877,0,0,0,2025-08-11 09:00:00+07:00,2025-08-19 15:50:00+07:00,,,emiten/cache_1m/MINA.JK.csv,2877,2877,2877,2877,2877,2877,
MINE.JK,OK,121,121,0,0,0,2025-08-19 13:50:00+07:00,2025-08-19 15:50:00+07:00,,,emiten/cache_1m/MINE.JK.csv,43,43,43,43,43,43,
MITI.JK,OK,121,121,0,0,0,2025-08-19 13:50:00+07:00,2025-08-19 15:50:00+07:00,,,emiten/cache_1m/MITI.JK.csv,99,99,99,99,99,99,
MKAP.JK,OK,121,121,0,0,0,2025-08-19 13:50:00+07:00,2025-08-19 15:50:00+07:00,,,emiten/cache_1m/MKAP.JK.csv,92,92,92,92,92,92,
MKPI.JK,OK,121,121,0,0,0,2025-08-19 13:50:00+07:00,2025-08-19 15:50:00+07:00,,,emiten/cache_1m/MKPI.JK.csv,41,41,41,41,41,41,
MKTR.JK,OK,121,121,0,0,0,2025-08-19 13:50:00+07:00,2025-08-19 15:50:00+07:00,,,emiten/cache_1m/MKTR.JK.csv,102,102,102,102,102,102,
MLBI.JK,OK,121,121,0,0,0,2025-08-19 13:50:00+07:00,2025-08-19 15:50:00+07:00,,,emiten/cache_1m/MLBI.JK.csv,89,89,89,89,89,89,
MLIA.JK,OK,121,121,0,0,0,2025-08-19 13:50:00+07:00,2025-08-19 15:50:00+07:00,,,emiten/cache_1m/MLIA.JK.csv,45,45,45,45,45,45,
MLPL.JK,OK,121,121,0,0,0,2025-08-19 13:50:00+07:00,2025-08-19 15:50:00+07:00,,,emiten/cache_1m/MLPL.JK.csv,2,2,2,2,2,2,
MLPT.JK,OK,121,121,0,0,0,2025-08-19 13:50:00+07:00,2025-08-19 15:50:00+07:00,,,emiten/cache_1m/MLPT.JK.csv,42,42,42,42,42,42,
MMIX.JK,OK,121,121,0,0,0,2025-08-19 13:50:00+07:00,2025-08-19 15:50:00+07:00,,,emiten/cache_1m/MMIX.JK.csv,80,80,80,80,80,80,
MMLP.JK,OK,121,121,0,0,0,2025-08-19 13:50:00+07:00,2025-08-19 15:50:00+07:00,,,emiten/cache_1m/MMLP.JK.csv,8,8,8,8,8,8,
MNCN.JK,OK,121,121,0,0,0,2025-08-19 13:50:00+07:00,2025-08-19 15:50:00+07:00,,,emiten/cache_1m/MNCN.JK.csv,41,41,41,41,41,41,
MOLI.JK,OK,121,121,0,0,0,2025-08-19 13:50:00+07:00,2025-08-19 15:50:00+07:00,,,emiten/cache_1m/MOLI.JK.csv,108,108,108,108,108,108,
MORA.JK,OK,121,121,0,0,0,2025-08-19 13:50:00+07:00,2025-08-19 15:50:00+07:00,,,emiten/cache_1m/MORA.JK.csv,72,72,72,72,72,72,
MPIX.JK,OK,121,121,0,0,0,2025-08-19 13:50:00+07:00,2025-08-19 15:50:00+07:00,,,emiten/cache_1m/MPIX.JK.csv,4,4,4,4,4,4,
MPMX.JK,OK,121,121,0,0,0,2025-08-19 13:50:00+07:00,2025-08-19 15:50:00+07:00,,,emiten/cache_1m/MPMX.JK.csv,35,35,35,35,35,35,
MPOW.JK,OK,121,121,0,0,0,2025-08-19 13:50:00+07:00,2025-08-19 15:50:00+07:00,,,emiten/cache_1m/MPOW.JK.csv,100,100,100,100,100,100,
MPPA.JK,OK,121,121,0,0,0,2025-08-19 13:50:00+07:00,2025-08-19 15:50:00+07:00,,,emiten/cache_1m/MPPA.JK.csv,9,9,9,9,9,9,
MPRO.JK,OK,121,121,0,0,0,2025-08-19 13:50:00+07:00,2025-08-19 15:50:00+07:00,,,emiten/cache_1m/MPRO.JK.csv,110,110,110,110,110,110,
MPXL.JK,OK,121,121,0,0,0,2025-08-19 13:50:00+07:00,2025-08-19 15:50:00+07:00,,,emiten/cache_1m/MPXL.JK.csv,86,86,86,86,86,86,
MRAT.JK,OK,121,121,0,0,0,2025-08-19 13:50:00+07:00,2025-08-19 15:50:00+07:00,,,emiten/cache_1m/MRAT.JK.csv,104,104,104,104,104,104,
MREI.JK,OK,121,121,0,0,0,2025-08-19 13:50:00+07:00,2025-08-19 15:50:00+07:00,,,emiten/cache_1m/MREI.JK.csv,111,111,111,111,111,111,
MSIN.JK,OK,121,121,0,0,0,2025-08-19 13:50:00+07:00,2025-08-19 15:50:00+07:00,,,emiten/cache_1m/MSIN.JK.csv,31,31,31,31,31,31,
MSJA.JK,OK,121,121,0,0,0,2025-08-19 13:50:00+07:00,2025-08-19 15:50:00+07:00,,,emiten/cache_1m/MSJA.JK.csv,99,99,99,99,99,99,
MSKY.JK,OK,121,121,0,0,0,2025-08-19 13:50:00+07:00,2025-08-19 15:50:00+07:00,,,emiten/cache_1m/MSKY.JK.csv,41,41,41,41,41,41,
MSTI.JK,OK,121,121,0,0,0,2025-08-19 13:50:00+07:00,2025-08-19 15:50:00+07:00,,,emiten/cache_1m/MSTI.JK.csv,75,75,75,75,75,75,
MTDL.JK,OK,121,121,0,0,0,2025-08-19 13:50:00+07:00,2025-08-19 15:50:00+07:00,,,emiten/cache_1m/MTDL.JK.csv,36,36,36,36,36,36,
MTEL.JK,OK,121,121,0,0,0,2025-08-19 13:50:00+07:00,2025-08-19 15:50:00+07:00,,,emiten/cache_1m/MTEL.JK.csv,15,15,15,15,15,15,
MTLA.JK,OK,121,121,0,0,0,2025-08-19 13:50:00+07:00,2025-08-19 15:50:00+07:00,,,emiten/cache_1m/MTLA.JK.csv,116,116,116,116,116,116,
MTMH.JK,OK,121,121,0,0,0,2025-08-19 13:50:00+07:00,2025-08-19 15:50:00+07:00,,,emiten/cache_1m/MTMH.JK.csv,113,113,113,113,113,113,
MTWI.JK,OK,121,121,0,0,0,2025-08-19 13:50:00+07:00,2025-08-19 15:50:00+07:00,,,emiten/cache_1m/MTWI.JK.csv,66,66,66,66,66,66,
MUTU.JK,OK,121,121,0,0,0,2025-08-19 13:50:00+07:00,2025-08-19 15:50:00+07:00,,,emiten/cache_1m/MUTU.JK.csv,109,109,109,109,109,109,
MYOH.JK,OK,121,121,0,0,0,2025-08-19 13:50:00+07:00,2025-08-19 15:50:00+07:00,,,emiten/cache_1m/MYOH.JK.csv,97,97,97,97,97,97,
MYOR.JK,OK,121,121,0,0,0,2025-08-19 13:50:00+07:00,2025-08-19 15:50:00+07:00,,,emiten/cache_1m/MYOR.JK.csv,1,1,1,1,1,1,
NAIK.JK,OK,316,316,0,0,0,2025-08-19 09:00:00+07:00,2025-08-19 15:49:00+07:00,,,emiten/cache_1m/NAIK.JK.csv,0,0,0,0,0,0,
NASI.JK,OK,160,160,0,0,0,2025-08-19 09:00:00+07:00,2025-08-19 15:49:00+07:00,,,emiten/cache_1m/NASI.JK.csv,0,0,0,0,0,0,
NATO.JK,OK,80,80,0,0,0,2025-08-19 09:00:00+07:00,2025-08-19 15:49:00+07:00,,,emiten/cache_1m/NATO.JK.csv,0,0,0,0,0,0,
NAYZ.JK,OK,122,122,0,0,0,2025-08-19 09:00:00+07:00,2025-08-19 15:46:00+07:00,,,emiten/cache_1m/NAYZ.JK.csv,0,0,0,0,0,0,
NCKL.JK,OK,317,317,0,0,0,2025-08-19 09:00:00+07:00,2025-08-19 15:49:00+07:00,,,emiten/cache_1m/NCKL.JK.csv,0,0,0,0,0,0,
NELY.JK,OK,70,70,0,0,0,2025-08-19 09:00:00+07:00,2025-08-19 15:49:00+07:00,,,emiten/cache_1m/NELY.JK.csv,0,0,0,0,0,0,
NEST.JK,OK,180,180,0,0,0,2025-08-19 09:00:00+07:00,2025-08-19 15:47:00+07:00,,,emiten/cache_1m/NEST.JK.csv,0,0,0,0,0,0,
NETV.JK,OK,168,168,0,0,0,2025-08-19 09:00:00+07:00,2025-08-19 15:49:00+07:00,,,emiten/cache_1m/NETV.JK.csv,0,0,0,0,0,0,
NFCX.JK,OK,44,44,0,0,0,2025-08-19 09:03:00+07:00,2025-08-19 15:49:00+07:00,,,emiten/cache_1m/NFCX.JK.csv,0,0,0,0,0,0,
NICE.JK,OK,187,187,0,0,0,2025-08-19 09:00:00+07:00,2025-08-19 15:49:00+07:00,,,emiten/cache_1m/NICE.JK.csv,0,0,0,0,0,0,
NICK.JK,OK,30,30,0,0,0,2025-08-19 09:07:00+07:00,2025-08-19 15:44:00+07:00,,,emiten/cache_1m/NICK.JK.csv,0,0,0,0,0,0,
NICL.JK,OK,274,274,0,0,0,2025-08-19 09:00:00+07:00,2025-08-19 15:49:00+07:00,,,emiten/cache_1m/NICL.JK.csv,0,0,0,0,0,0,
NIKL.JK,OK,58,58,0,0,0,2025-08-19 09:00:00+07:00,2025-08-19 15:49:00+07:00,,,emiten/cache_1m/NIKL.JK.csv,0,0,0,0,0,0,
NINE.JK,OK,248,248,0,0,0,2025-08-19 09:00:00+07:00,2025-08-19 15:48:00+07:00,,,emiten/cache_1m/NINE.JK.csv,0,0,0,0,0,0,
NIRO.JK,OK,27,27,0,0,0,2025-08-19 09:00:00+07:00,2025-08-19 15:49:00+07:00,,,emiten/cache_1m/NIRO.JK.csv,0,0,0,0,0,0,
NISP.JK,OK,253,253,0,0,0,2025-08-19 09:00:00+07:00,2025-08-19 15:49:00+07:00,,,emiten/cache_1m/NISP.JK.csv,0,0,0,0,0,0,
NOBU.JK,OK,121,121,0,0,0,2025-08-19 13:50:00+07:00,2025-08-19 15:50:00+07:00,,,emiten/cache_1m/NOBU.JK.csv,74,74,74,74,74,74,
NPGF.JK,OK,117,117,0,0,0,2025-08-19 09:00:00+07:00,2025-08-19 15:49:00+07:00,,,emiten/cache_1m/NPGF.JK.csv,0,0,0,0,0,0,
NRCA.JK,OK,267,267,0,0,0,2025-08-19 09:00:00+07:00,2025-08-19 15:49:00+07:00,,,emiten/cache_1m/NRCA.JK.csv,0,0,0,0,0,0,
NSSS.JK,OK,170,170,0,0,0,2025-08-19 09:00:00+07:00,2025-08-19 15:49:00+07:00,,,emiten/cache_1m/NSSS.JK.csv,0,0,0,0,0,0,
NTBK.JK,OK,310,310,0,0,0,2025-08-19 09:00:00+07:00,2025-08-19 15:49:00+07:00,,,emiten/cache_1m/NTBK.JK.csv,0,0,0,0,0,0,
NZIA.JK,OK,107,107,0,0,0,2025-08-19 09:05:00+07:00,2025-08-19 15:49:00+07:00,,,emiten/cache_1m/NZIA.JK.csv,0,0,0,0,0,0,
OASA.JK,OK,285,285,0,0,0,2025-08-19 09:00:00+07:00,2025-08-19 15:49:00+07:00,,,emiten/cache_1m/OASA.JK.csv,0,0,0,0,0,0,
OBAT.JK,OK,279,279,0,0,0,2025-08-19 09:00:00+07:00,2025-08-19 15:49:00+07:00,,,emiten/cache_1m/OBAT.JK.csv,0,0,0,0,0,0,
OBMD.JK,OK,28,28,0,0,0,2025-08-19 09:04:00+07:00,2025-08-19 15:18:00+07:00,,,emiten/cache_1m/OBMD.JK.csv,0,0,0,0,0,0,
OILS.JK,OK,164,164,0,0,0,2025-08-19 09:00:00+07:00,2025-08-19 15:48:00+07:00,,,emiten/cache_1m/OILS.JK.csv,0,0,0,0,0,0,
OKAS.JK,OK,175,175,0,0,0,2025-08-19 09:00:00+07:00,2025-08-19 15:49:00+07:00,,,emiten/cache_1m/OKAS.JK.csv,0,0,0,0,0,0,
OMED.JK,OK,111,111,0,0,0,2025-08-19 09:00:00+07:00,2025-08-19 15:49:00+07:00,,,emiten/cache_1m/OMED.JK.csv,0,0,0,0,0,0,
OMRE.JK,OK,1,1,0,0,0,2025-08-19 09:55:00+07:00,2025-08-19 09:55:00+07:00,,,emiten/cache_1m/OMRE.JK.csv,0,0,0,0,0,0,
OPMS.JK,OK,168,168,0,0,0,2025-08-19 09:00:00+07:00,2025-08-19 15:49:00+07:00,,,emiten/cache_1m/OPMS.JK.csv,0,0,0,0,0,0,
PACK.JK,OK,121,121,0,0,0,2025-08-19 13:50:00+07:00,2025-08-19 15:50:00+07:00,,,emiten/cache_1m/PACK.JK.csv,3,3,3,3,3,3,
PADI.JK,OK,121,121,0,0,0,2025-08-19 13:50:00+07:00,2025-08-19 15:50:00+07:00,,,emiten/cache_1m/PADI.JK.csv,120,120,120,120,120,120,
PALM.JK,OK,121,121,0,0,0,2025-08-19 13:50:00+07:00,2025-08-19 15:50:00+07:00,,,emiten/cache_1m/PALM.JK.csv,101,101,101,101,101,101,
PAMG.JK,OK,121,121,0,0,0,2025-08-19 13:50:00+07:00,2025-08-19 15:50:00+07:00,,,emiten/cache_1m/PAMG.JK.csv,19,19,19,19,19,19,
PANI.JK,OK,121,121,0,0,0,2025-08-19 13:50:00+07:00,2025-08-19 15:50:00+07:00,,,emiten/cache_1m/PANI.JK.csv,2,2,2,2,2,2,
PANR.JK,OK,121,121,0,0,0,2025-08-19 13:50:00+07:00,2025-08-19 15:50:00+07:00,,,emiten/cache_1m/PANR.JK.csv,5,5,5,5,5,5,
PART.JK,OK,121,121,0,0,0,2025-08-19 13:50:00+07:00,2025-08-19 15:50:00+07:00,,,emiten/cache_1m/PART.JK.csv,26,26,26,26,26,26,
PBID.JK,OK,121,121,0,0,0,2025-08-19 13:50:00+07:00,2025-08-19 15:50:00+07:00,,,emiten/cache_1m/PBID.JK.csv,100,100,100,100,100,100,
PBSA.JK,OK,121,121,0,0,0,2025-08-19 13:50:00+07:00,2025-08-19 15:50:00+07:00,,,emiten/cache_1m/PBSA.JK.csv,29,29,29,29,29,29,
PDES.JK,OK,121,121,0,0,0,2025-08-19 13:50:00+07:00,2025-08-19 15:50:00+07:00,,,emiten/cache_1m/PDES.JK.csv,120,120,120,120,120,120,
PDPP.JK,OK,121,121,0,0,0,2025-08-19 13:50:00+07:00,2025-08-19 15:50:00+07:00,,,emiten/cache_1m/PDPP.JK.csv,104,104,104,104,104,104,
PEGE.JK,OK,121,121,0,0,0,2025-08-19 13:50:00+07:00,2025-08-19 15:50:00+07:00,,,emiten/cache_1m/PEGE.JK.csv,97,97,97,97,97,97,
PEHA.JK,OK,121,121,0,0,0,2025-08-19 13:50:00+07:00,2025-08-19 15:50:00+07:00,,,emiten/cache_1m/PEHA.JK.csv,117,117,117,117,117,117,
PEVE.JK,OK,121,121,0,0,0,2025-08-19 13:50:00+07:00,2025-08-19 15:50:00+07:00,,,emiten/cache_1m/PEVE.JK.csv,2,2,2,2,2,2,
PGAS.JK,OK,121,121,0,0,0,2025-08-19 13:50:00+07:00,2025-08-19 15:50:00+07:00,,,emiten/cache_1m/PGAS.JK.csv,2,2,2,2,2,2,
PGEO.JK,OK,121,121,0,0,0,2025-08-19 13:50:00+07:00,2025-08-19 15:50:00+07:00,,,emiten/cache_1m/PGEO.JK.csv,2,2,2,2,2,2,
PGLI.JK,OK,121,121,0,0,0,2025-08-19 13:50:00+07:00,2025-08-19 15:50:00+07:00,,,emiten/cache_1m/PGLI.JK.csv,73,73,73,73,73,73,
PGUN.JK,OK,121,121,0,0,0,2025-08-19 13:50:00+07:00,2025-08-19 15:50:00+07:00,,,emiten/cache_1m/PGUN.JK.csv,120,120,120,120,120,120,
PICO.JK,OK,121,121,0,0,0,2025-08-19 13:50:00+07:00,2025-08-19 15:50:00+07:00,,,emiten/cache_1m/PICO.JK.csv,108,108,108,108,108,108,
PIPA.JK,OK,121,121,0,0,0,2025-08-19 13:50:00+07:00,2025-08-19 15:50:00+07:00,,,emiten/cache_1m/PIPA.JK.csv,120,120,120,120,120,120,
PJAA.JK,OK,121,121,0,0,0,2025-08-19 13:50:00+07:00,2025-08-19 15:50:00+07:00,,,emiten/cache_1m/PJAA.JK.csv,94,94,94,94,94,94,
PKPK.JK,OK,121,121,0,0,0,2025-08-19 13:50:00+07:00,2025-08-19 15:50:00+07:00,,,emiten/cache_1m/PKPK.JK.csv,113,113,113,113,113,113,
PMJS.JK,OK,121,121,0,0,0,2025-08-19 13:50:00+07:00,2025-08-19 15:50:00+07:00,,,emiten/cache_1m/PMJS.JK.csv,115,115,115,115,115,115,
PMMP.JK,OK,2877,2877,0,0,0,2025-08-11 09:00:00+07:00,2025-08-19 15:50:00+07:00,,,emiten/cache_1m/PMMP.JK.csv,2877,2877,2877,2877,2877,2877,
PMUI.JK,OK,121,121,0,0,0,2025-08-19 13:50:00+07:00,2025-08-19 15:50:00+07:00,,,emiten/cache_1m/PMUI.JK.csv,79,79,79,79,79,79,
PNBN.JK,OK,121,121,0,0,0,2025-08-19 13:50:00+07:00,2025-08-19 15:50:00+07:00,,,emiten/cache_1m/PNBN.JK.csv,20,20,20,20,20,20,
PNBS.JK,OK,121,121,0,0,0,2025-08-19 13:50:00+07:00,2025-08-19 15:50:00+07:00,,,emiten/cache_1m/PNBS.JK.csv,11,11,11,11,11,11,
PNGO.JK,OK,121,121,0,0,0,2025-08-19 13:50:00+07:00,2025-08-19 15:50:00+07:00,,,emiten/cache_1m/PNGO.JK.csv,107,107,107,107,107,107,
PNIN.JK,OK,121,121,0,0,0,2025-08-19 13:50:00+07:00,2025-08-19 15:50:00+07:00,,,emiten/cache_1m/PNIN.JK.csv,105,105,105,105,105,105,
PNLF.JK,OK,121,121,0,0,0,2025-08-19 13:50:00+07:00,2025-08-19 15:50:00+07:00,,,emiten/cache_1m/PNLF.JK.csv,3,3,3,3,3,3,
PNSE.JK,OK,121,121,0,0,0,2025-08-19 13:50:00+07:00,2025-08-19 15:50:00+07:00,,,emiten/cache_1m/PNSE.JK.csv,96,96,96,96,96,96,
POLI.JK,OK,2877,2877,0,0,0,2025-08-11 09:00:00+07:00,2025-08-19 15:50:00+07:00,,,emiten/cache_1m/POLI.JK.csv,2756,2756,2756,2756,2756,2756,
PORT.JK,OK,121,121,0,0,0,2025-08-19 13:50:00+07:00,2025-08-19 15:50:00+07:00,,,emiten/cache_1m/PORT.JK.csv,116,116,116,116,116,116,
POWR.JK,OK,121,121,0,0,0,2025-08-19 13:50:00+07:00,2025-08-19 15:50:00+07:00,,,emiten/cache_1m/POWR.JK.csv,46,46,46,46,46,46,
PPGL.JK,OK,121,121,0,0,0,2025-08-19 13:50:00+07:00,2025-08-19 15:50:00+07:00,,,emiten/cache_1m/PPGL.JK.csv,23,23,23,23,23,23,
PPRE.JK,OK,121,121,0,0,0,2025-08-19 13:50:00+07:00,2025-08-19 15:50:00+07:00,,,emiten/cache_1m/PPRE.JK.csv,8,8,8,8,8,8,
PPRI.JK,OK,121,121,0,0,0,2025-08-19 13:50:00+07:00,2025-08-19 15:50:00+07:00,,,emiten/cache_1m/PPRI.JK.csv,50,50,50,50,50,50,
PRAY.JK,OK,121,121,0,0,0,2025-08-19 13:50:00+07:00,2025-08-19 15:50:00+07:00,,,emiten/cache_1m/PRAY.JK.csv,118,118,118,118,118,118,
PRDA.JK,OK,121,121,0,0,0,2025-08-19 13:50:00+07:00,2025-08-19 15:50:00+07:00,,,emiten/cache_1m/PRDA.JK.csv,105,105,105,105,105,105,
PRIM.JK,OK,121,121,0,0,0,2025-08-19 13:50:00+07:00,2025-08-19 15:50:00+07:00,,,emiten/cache_1m/PRIM.JK.csv,90,90,90,90,90,90,
PSAB.JK,OK,121,121,0,0,0,2025-08-19 13:50:00+07:00,2025-08-19 15:50:00+07:00,,,emiten/cache_1m/PSAB.JK.csv,2,2,2,2,2,2,
PSAT.JK,OK,121,121,0,0,0,2025-08-19 13:50:00+07:00,2025-08-19 15:50:00+07:00,,,emiten/cache_1m/PSAT.JK.csv,31,31,31,31,31,31,
PSDN.JK,OK,121,121,0,0,0,2025-08-19 13:50:00+07:00,2025-08-19 15:50:00+07:00,,,emiten/cache_1m/PSDN.JK.csv,28,28,28,28,28,28,
PSGO.JK,OK,121,121,0,0,0,2025-08-19 13:50:00+07:00,2025-08-19 15:50:00+07:00,,,emiten/cache_1m/PSGO.JK.csv,87,87,87,87,87,87,
PSKT.JK,OK,121,121,0,0,0,2025-08-19 13:50:00+07:00,2025-08-19 15:50:00+07:00,,,emiten/cache_1m/PSKT.JK.csv,120,120,120,120,120,120,
PSSI.JK,OK,121,121,0,0,0,2025-08-19 13:50:00+07:00,2025-08-19 15:50:00+07:00,,,emiten/cache_1m/PSSI.JK.csv,94,94,94,94,94,94,
PTBA.JK,OK,121,121,0,0,0,2025-08-19 13:50:00+07:00,2025-08-19 15:50:00+07:00,,,emiten/cache_1m/PTBA.JK.csv,4,4,4,4,4,4,
PTIS.JK,OK,121,121,0,0,0,2025-08-19 13:50:00+07:00,2025-08-19 15:50:00+07:00,,,emiten/cache_1m/PTIS.JK.csv,117,117,117,117,117,117,
PTMP.JK,OK,121,121,0,0,0,2025-08-19 13:50:00+07:00,2025-08-19 15:50:00+07:00,,,emiten/cache_1m/PTMP.JK.csv,22,22,22,22,22,22,
PTPP.JK,OK,121,121,0,0,0,2025-08-19 13:50:00+07:00,2025-08-19 15:50:00+07:00,,,emiten/cache_1m/PTPP.JK.csv,27,27,27,27,27,27,
PTPS.JK,OK,121,121,0,0,0,2025-08-19 13:50:00+07:00,2025-08-19 15:50:00+07:00,,,emiten/cache_1m/PTPS.JK.csv,10,10,10,10,10,10,
PTPW.JK,OK,121,121,0,0,0,2025-08-19 13:50:00+07:00,2025-08-19 15:50:00+07:00,,,emiten/cache_1m/PTPW.JK.csv,120,120,120,120,120,120,
PTRO.JK,OK,121,121,0,0,0,2025-08-19 13:50:00+07:00,2025-08-19 15:50:00+07:00,,,emiten/cache_1m/PTRO.JK.csv,2,2,2,2,2,2,
PTSN.JK,OK,121,121,0,0,0,2025-08-19 13:50:00+07:00,2025-08-19 15:50:00+07:00,,,emiten/cache_1m/PTSN.JK.csv,84,84,84,84,84,84,
PTSP.JK,OK,121,121,0,0,0,2025-08-19 13:50:00+07:00,2025-08-19 15:50:00+07:00,,,emiten/cache_1m/PTSP.JK.csv,115,115,115,115,115,115,
PUDP.JK,OK,121,121,0,0,0,2025-08-19 13:50:00+07:00,2025-08-19 15:50:00+07:00,,,emiten/cache_1m/PUDP.JK.csv,103,103,103,103,103,103,
PURI.JK,OK,121,121,0,0,0,2025-08-19 13:50:00+07:00,2025-08-19 15:50:00+07:00,,,emiten/cache_1m/PURI.JK.csv,2,2,2,2,2,2,
PWON.JK,OK,121,121,0,0,0,2025-08-19 13:50:00+07:00,2025-08-19 15:50:00+07:00,,,emiten/cache_1m/PWON.JK.csv,2,2,2,2,2,2,
PYFA.JK,OK,2877,2877,0,0,0,2025-08-11 09:00:00+07:00,2025-08-19 15:50:00+07:00,,,emiten/cache_1m/PYFA.JK.csv,1828,1828,1828,1828,1828,1828,
PZZA.JK,OK,121,121,0,0,0,2025-08-19 13:50:00+07:00,2025-08-19 15:50:00+07:00,,,emiten/cache_1m/PZZA.JK.csv,26,26,26,26,26,26,
RAAM.JK,OK,121,121,0,0,0,2025-08-19 13:50:00+07:00,2025-08-19 15:50:00+07:00,,,emiten/cache_1m/RAAM.JK.csv,75,75,75,75,75,75,
RAJA.JK,OK,121,121,0,0,0,2025-08-19 13:50:00+07:00,2025-08-19 15:50:00+07:00,,,emiten/cache_1m/RAJA.JK.csv,2,2,2,2,2,2,
RALS.JK,OK,121,121,0,0,0,2025-08-19 13:50:00+07:00,2025-08-19 15:50:00+07:00,,,emiten/cache_1m/RALS.JK.csv,67,67,67,67,67,67,
RANC.JK,OK,121,121,0,0,0,2025-08-19 13:50:00+07:00,2025-08-19 15:50:00+07:00,,,emiten/cache_1m/RANC.JK.csv,119,119,119,119,119,119,
RATU.JK,OK,121,121,0,0,0,2025-08-19 13:50:00+07:00,2025-08-19 15:50:00+07:00,,,emiten/cache_1m/RATU.JK.csv,3,3,3,3,3,3,
RCCC.JK,OK,121,121,0,0,0,2025-08-19 13:50:00+07:00,2025-08-19 15:50:00+07:00,,,emiten/cache_1m/RCCC.JK.csv,43,43,43,43,43,43,
RDTX.JK,OK,2877,2877,0,0,0,2025-08-11 09:00:00+07:00,2025-08-19 15:50:00+07:00,,,emiten/cache_1m/RDTX.JK.csv,2583,2583,2583,2583,2583,2583,
RELI.JK,OK,121,121,0,0,0,2025-08-19 13:50:00+07:00,2025-08-19 15:50:00+07:00,,,emiten/cache_1m/RELI.JK.csv,109,109,109,109,109,109,
RGAS.JK,OK,121,121,0,0,0,2025-08-19 13:50:00+07:00,2025-08-19 15:50:00+07:00,,,emiten/cache_1m/RGAS.JK.csv,72,72,72,72,72,72,
RIGS.JK,OK,121,121,0,0,0,2025-08-19 13:50:00+07:00,2025-08-19 15:50:00+07:00,,,emiten/cache_1m/RIGS.JK.csv,67,67,67,67,67,67,
RISE.JK,OK,121,121,0,0,0,2025-08-19 13:50:00+07:00,2025-08-19 15:50:00+07:00,,,emiten/cache_1m/RISE.JK.csv,113,113,113,113,113,113,
RMKE.JK,OK,121,121,0,0,0,2025-08-19 13:50:00+07:00,2025-08-19 15:50:00+07:00,,,emiten/cache_1m/RMKE.JK.csv,93,93,93,93,93,93,
RMKO.JK,OK,121,121,0,0,0,2025-08-19 13:50:00+07:00,2025-08-19 15:50:00+07:00,,,emiten/cache_1m/RMKO.JK.csv,111,111,111,111,111,111,
ROCK.JK,OK,2877,2877,0,0,0,2025-08-11 09:00:00+07:00,2025-08-19 15:50:00+07:00,,,emiten/cache_1m/ROCK.JK.csv,2877,2877,2877,2877,2877,2877,
ROTI.JK,OK,121,121,0,0,0,2025-08-19 13:50:00+07:00,2025-08-19 15:50:00+07:00,,,emiten/cache_1m/ROTI.JK.csv,10,10,10,10,10,10,
RSCH.JK,OK,121,121,0,0,0,2025-08-19 13:50:00+07:00,2025-08-19 15:50:00+07:00,,,emiten/cache_1m/RSCH.JK.csv,111,111,111,111,111,111,
RUIS.JK,OK,121,121,0,0,0,2025-08-19 13:50:00+07:00,2025-08-19 15:50:00+07:00,,,emiten/cache_1m/RUIS.JK.csv,65,65,65,65,65,65,
RUNS.JK,OK,121,121,0,0,0,2025-08-19 13:50:00+07:00,2025-08-19 15:50:00+07:00,,,emiten/cache_1m/RUNS.JK.csv,68,68,68,68,68,68,
SAFE.JK,OK,121,121,0,0,0,2025-08-19 13:50:00+07:00,2025-08-19 15:50:00+07:00,,,emiten/cache_1m/SAFE.JK.csv,90,90,90,90,90,90,
SAME.JK,OK,121,121,0,0,0,2025-08-19 13:50:00+07:00,2025-08-19 15:50:00+07:00,,,emiten/cache_1m/SAME.JK.csv,11,11,11,11,11,11,
SAMF.JK,OK,121,121,0,0,0,2025-08-19 13:50:00+07:00,2025-08-19 15:50:00+07:00,,,emiten/cache_1m/SAMF.JK.csv,95,95,95,95,95,95,
SAPX.JK,OK,121,121,0,0,0,2025-08-19 13:50:00+07:00,2025-08-19 15:50:00+07:00,,,emiten/cache_1m/SAPX.JK.csv,70,70,70,70,70,70,
SATU.JK,OK,121,121,0,0,0,2025-08-19 13:50:00+07:00,2025-08-19 15:50:00+07:00,,,emiten/cache_1m/SATU.JK.csv,107,107,107,107,107,107,
SBMA.JK,OK,121,121,0,0,0,2025-08-19 13:50:00+07:00,2025-08-19 15:50:00+07:00,,,emiten/cache_1m/SBMA.JK.csv,93,93,93,93,93,93,
SCCO.JK,OK,121,121,0,0,0,2025-08-19 13:50:00+07:00,2025-08-19 15:50:00+07:00,,,emiten/cache_1m/SCCO.JK.csv,101,101,101,101,101,101,
SCMA.JK,OK,121,121,0,0,0,2025-08-19 13:50:00+07:00,2025-08-19 15:50:00+07:00,,,emiten/cache_1m/SCMA.JK.csv,2,2,2,2,2,2,
SCNP.JK,OK,121,121,0,0,0,2025-08-19 13:50:00+07:00,2025-08-19 15:50:00+07:00,,,emiten/cache_1m/SCNP.JK.csv,113,113,113,113,113,113,
SDPC.JK,OK,121,121,0,0,0,2025-08-19 13:50:00+07:00,2025-08-19 15:50:00+07:00,,,emiten/cache_1m/SDPC.JK.csv,115,115,115,115,115,115,
SDRA.JK,OK,121,121,0,0,0,2025-08-19 13:50:00+07:00,2025-08-19 15:50:00+07:00,,,emiten/cache_1m/SDRA.JK.csv,86,86,86,86,86,86,
SEMA.JK,OK,121,121,0,0,0,2025-08-19 13:50:00+07:00,2025-08-19 15:50:00+07:00,,,emiten/cache_1m/SEMA.JK.csv,106,106,106,106,106,106,
SFAN.JK,OK,121,121,0,0,0,2025-08-19 13:50:00+07:00,2025-08-19 15:50:00+07:00,,,emiten/cache_1m/SFAN.JK.csv,101,101,101,101,101,101,
SGER.JK,OK,121,121,0,0,0,2025-08-19 13:50:00+07:00,2025-08-19 15:50:00+07:00,,,emiten/cache_1m/SGER.JK.csv,43,43,43,43,43,43,
SGRO.JK,OK,121,121,0,0,0,2025-08-19 13:50:00+07:00,2025-08-19 15:50:00+07:00,,,emiten/cache_1m/SGRO.JK.csv,8,8,8,8,8,8,
SHID.JK,OK,121,121,0,0,0,2025-08-19 13:50:00+07:00,2025-08-19 15:50:00+07:00,,,emiten/cache_1m/SHID.JK.csv,108,108,108,108,108,108,
SHIP.JK,OK,121,121,0,0,0,2025-08-19 13:50:00+07:00,2025-08-19 15:50:00+07:00,,,emiten/cache_1m/SHIP.JK.csv,3,3,3,3,3,3,
SICO.JK,OK,121,121,0,0,0,2025-08-19 13:50:00+07:00,2025-08-19 15:50:00+07:00,,,emiten/cache_1m/SICO.JK.csv,68,68,68,68,68,68,
SIDO.JK,OK,121,121,0,0,0,2025-08-19 13:50:00+07:00,2025-08-19 15:50:00+07:00,,,emiten/cache_1m/SIDO.JK.csv,2,2,2,2,2,2,
SILO.JK,OK,121,121,0,0,0,2025-08-19 13:50:00+07:00,2025-08-19 15:50:00+07:00,,,emiten/cache_1m/SILO.JK.csv,4,4,4,4,4,4,
SIMP.JK,OK,121,121,0,0,0,2025-08-19 13:50:00+07:00,2025-08-19 15:50:00+07:00,,,emiten/cache_1m/SIMP.JK.csv,3,3,3,3,3,3,
SINI.JK,OK,121,121,0,0,0,2025-08-19 13:50:00+07:00,2025-08-19 15:50:00+07:00,,,emiten/cache_1m/SINI.JK.csv,78,78,78,78,78,78,
SIPD.JK,OK,121,121,0,0,0,2025-08-19 13:50:00+07:00,2025-08-19 15:50:00+07:00,,,emiten/cache_1m/SIPD.JK.csv,120,120,120,120,120,120,
SKBM.JK,OK,121,121,0,0,0,2025-08-19 13:50:00+07:00,2025-08-19 15:50:00+07:00,,,emiten/cache_1m/SKBM.JK.csv,16,16,16,16,16,16,
SKLT.JK,OK,121,121,0,0,0,2025-08-19 13:50:00+07:00,2025-08-19 15:50:00+07:00,,,emiten/cache_1m/SKLT.JK.csv,79,79,79,79,79,79,
SKRN.JK,OK,121,121,0,0,0,2025-08-19 13:50:00+07:00,2025-08-19 15:50:00+07:00,,,emiten/cache_1m/SKRN.JK.csv,93,93,93,93,93,93,
SLIS.JK,OK,121,121,0,0,0,2025-08-19 13:50:00+07:00,2025-08-19 15:50:00+07:00,,,emiten/cache_1m/SLIS.JK.csv,16,16,16,16,16,16,
SMAR.JK,OK,121,121,0,0,0,2025-08-19 13:50:00+07:00,2025-08-19 15:50:00+07:00,,,emiten/cache_1m/SMAR.JK.csv,49,49,49,49,49,49,
SMBR.JK,OK,121,121,0,0,0,2025-08-19 13:50:00+07:00,2025-08-19 15:50:00+07:00,,,emiten/cache_1m/SMBR.JK.csv,17,17,17,17,17,17,
SMDM.JK,OK,121,121,0,0,0,2025-08-19 13:50:00+07:00,2025-08-19 15:50:00+07:00,,,emiten/cache_1m/SMDM.JK.csv,97,97,97,97,97,97,
SMDR.JK,OK,121,121,0,0,0,2025-08-19 13:50:00+07:00,2025-08-19 15:50:00+07:00,,,emiten/cache_1m/SMDR.JK.csv,13,13,13,13,13,13,
SMGA.JK,OK,121,121,0,0,0,2025-08-19 13:50:00+07:00,2025-08-19 15:50:00+07:00,,,emiten/cache_1m/SMGA.JK.csv,23,23,23,23,23,23,
SMGR.JK,OK,121,121,0,0,0,2025-08-19 13:50:00+07:00,2025-08-19 15:50:00+07:00,,,emiten/cache_1m/SMGR.JK.csv,14,14,14,14,14,14,
SMIL.JK,OK,121,121,0,0,0,2025-08-19 13:50:00+07:00,2025-08-19 15:50:00+07:00,,,emiten/cache_1m/SMIL.JK.csv,28,28,28,28,28,28,
SMKL.JK,OK,121,121,0,0,0,2025-08-19 13:50:00+07:00,2025-08-19 15:50:00+07:00,,,emiten/cache_1m/SMKL.JK.csv,109,109,109,109,109,109,
SMKM.JK,OK,121,121,0,0,0,2025-08-19 13:50:00+07:00,2025-08-19 15:50:00+07:00,,,emiten/cache_1m/SMKM.JK.csv,95,95,95,95,95,95,
SMLE.JK,OK,121,121,0,0,0,2025-08-19 13:50:00+07:00,2025-08-19 15:50:00+07:00,,,emiten/cache_1m/SMLE.JK.csv,35,35,35,35,35,35,
SMMA.JK,OK,121,121,0,0,0,2025-08-19 13:50:00+07:00,2025-08-19 15:50:00+07:00,,,emiten/cache_1m/SMMA.JK.csv,107,107,107,107,107,107,
SMMT.JK,OK,121,121,0,0,0,2025-08-19 13:50:00+07:00,2025-08-19 15:50:00+07:00,,,emiten/cache_1m/SMMT.JK.csv,109,109,109,109,109,109,
SMRA.JK,OK,121,121,0,0,0,2025-08-19 13:50:00+07:00,2025-08-19 15:50:00+07:00,,,emiten/cache_1m/SMRA.JK.csv,4,4,4,4,4,4,
SMSM.JK,OK,121,121,0,0,0,2025-08-19 13:50:00+07:00,2025-08-19 15:50:00+07:00,,,emiten/cache_1m/SMSM.JK.csv,2,2,2,2,2,2,
SNLK.JK,OK,121,121,0,0,0,2025-08-19 13:50:00+07:00,2025-08-19 15:50:00+07:00,,,emiten/cache_1m/SNLK.JK.csv,91,91,91,91,91,91,
SOCI.JK,OK,121,121,0,0,0,2025-08-19 13:50:00+07:00,2025-08-19 15:50:00+07:00,,,emiten/cache_1m/SOCI.JK.csv,2,2,2,2,2,2,
SOHO.JK,OK,121,121,0,0,0,2025-08-19 13:50:00+07:00,2025-08-19 15:50:00+07:00,,,emiten/cache_1m/SOHO.JK.csv,101,101,101,101,101,101,
SOLA.JK,OK,121,121,0,0,0,2025-08-19 13:50:00+07:00,2025-08-19 15:50:00+07:00,,,emiten/cache_1m/SOLA.JK.csv,2,2,2,2,2,2,
SONA.JK,OK,121,121,0,0,0,2025-08-19 13:50:00+07:00,2025-08-19 15:50:00+07:00,,,emiten/cache_1m/SONA.JK.csv,92,92,92,92,92,92,
SOSS.JK,OK,121,121,0,0,0,2025-08-19 13:50:00+07:00,2025-08-19 15:50:00+07:00,,,emiten/cache_1m/SOSS.JK.csv,63,63,63,63,63,63,
SOTS.JK,OK,121,121,0,0,0,2025-08-19 13:50:00+07:00,2025-08-19 15:50:00+07:00,,,emiten/cache_1m/SOTS.JK.csv,118,118,118,118,118,118,
SOUL.JK,OK,121,121,0,0,0,2025-08-19 13:50:00+07:00,2025-08-19 15:50:00+07:00,,,emiten/cache_1m/SOUL.JK.csv,60,60,60,60,60,60,
SPMA.JK,OK,121,121,0,0,0,2025-08-19 13:50:00+07:00,2025-08-19 15:50:00+07:00,,,emiten/cache_1m/SPMA.JK.csv,93,93,93,93,93,93,
SPRE.JK,OK,121,121,0,0,0,2025-08-19 13:50:00+07:00,2025-08-19 15:50:00+07:00,,,emiten/cache_1m/SPRE.JK.csv,70,70,70,70,70,70,
SPTO.JK,OK,121,121,0,0,0,2025-08-19 13:50:00+07:00,2025-08-19 15:50:00+07:00,,,emiten/cache_1m/SPTO.JK.csv,103,103,103,103,103,103,
SRAJ.JK,OK,121,121,0,0,0,2025-08-19 13:50:00+07:00,2025-08-19 15:50:00+07:00,,,emiten/cache_1m/SRAJ.JK.csv,19,19,19,19,19,19,
SRSN.JK,OK,121,121,0,0,0,2025-08-19 13:50:00+07:00,2025-08-19 15:50:00+07:00,,,emiten/cache_1m/SRSN.JK.csv,58,58,58,58,58,58,
SRTG.JK,OK,121,121,0,0,0,2025-08-19 13:50:00+07:00,2025-08-19 15:50:00+07:00,,,emiten/cache_1m/SRTG.JK.csv,29,29,29,29,29,29,
SSIA.JK,OK,121,121,0,0,0,2025-08-19 13:50:00+07:00,2025-08-19 15:50:00+07:00,,,emiten/cache_1m/SSIA.JK.csv,2,2,2,2,2,2,
SSMS.JK,OK,121,121,0,0,0,2025-08-19 13:50:00+07:00,2025-08-19 15:50:00+07:00,,,emiten/cache_1m/SSMS.JK.csv,38,38,38,38,38,38,
SSTM.JK,OK,121,121,0,0,0,2025-08-19 13:50:00+07:00,2025-08-19 15:50:00+07:00,,,emiten/cache_1m/SSTM.JK.csv,76,76,76,76,76,76,
STAA.JK,OK,121,121,0,0,0,2025-08-19 13:50:00+07:00,2025-08-19 15:50:00+07:00,,,emiten/cache_1m/STAA.JK.csv,45,45,45,45,45,45,
STRK.JK,OK,121,121,0,0,0,2025-08-19 13:50:00+07:00,2025-08-19 15:50:00+07:00,,,emiten/cache_1m/STRK.JK.csv,46,46,46,46,46,46,
STTP.JK,OK,121,121,0,0,0,2025-08-19 13:50:00+07:00,2025-08-19 15:50:00+07:00,,,emiten/cache_1m/STTP.JK.csv,46,46,46,46,46,46,
SULI.JK,OK,121,121,0,0,0,2025-08-19 13:50:00+07:00,2025-08-19 15:50:00+07:00,,,emiten/cache_1m/SULI.JK.csv,86,86,86,86,86,86,
SUNI.JK,OK,121,121,0,0,0,2025-08-19 13:50:00+07:00,2025-08-19 15:50:00+07:00,,,emiten/cache_1m/SUNI.JK.csv,102,102,102,102,102,102,
SURE.JK,OK,121,121,0,0,0,2025-08-19 13:50:00+07:00,2025-08-19 15:50:00+07:00,,,emiten/cache_1m/SURE.JK.csv,104,104,104,104,104,104,
SURI.JK,OK,121,121,0,0,0,2025-08-19 13:50:00+07:00,2025-08-19 15:50:00+07:00,,,emiten/cache_1m/SURI.JK.csv,2,2,2,2,2,2,
SWID.JK,OK,121,121,0,0,0,2025-08-19 13:50:00+07:00,2025-08-19 15:50:00+07:00,,,emiten/cache_1m/SWID.JK.csv,6,6,6,6,6,6,
TALF.JK,OK,121,121,0,0,0,2025-08-19 13:50:00+07:00,2025-08-19 15:50:00+07:00,,,emiten/cache_1m/TALF.JK.csv,108,108,108,108,108,108,
TAPG.JK,OK,121,121,0,0,0,2025-08-19 13:50:00+07:00,2025-08-19 15:50:00+07:00,,,emiten/cache_1m/TAPG.JK.csv,2,2,2,2,2,2,
TAYS.JK,OK,121,121,0,0,0,2025-08-19 13:50:00+07:00,2025-08-19 15:50:00+07:00,,,emiten/cache_1m/TAYS.JK.csv,86,86,86,86,86,86,
TBIG.JK,OK,121,121,0,0,0,2025-08-19 13:50:00+07:00,2025-08-19 15:50:00+07:00,,,emiten/cache_1m/TBIG.JK.csv,79,79,79,79,79,79,
TBLA.JK,OK,121,121,0,0,0,2025-08-19 13:50:00+07:00,2025-08-19 15:50:00+07:00,,,emiten/cache_1m/TBLA.JK.csv,48,48,48,48,48,48,
TBMS.JK,OK,121,121,0,0,0,2025-08-19 13:50:00+07:00,2025-08-19 15:50:00+07:00,,,emiten/cache_1m/TBMS.JK.csv,114,114,114,114,114,114,
TCID.JK,OK,121,121,0,0,0,2025-08-19 13:50:00+07:00,2025-08-19 15:50:00+07:00,,,emiten/cache_1m/TCID.JK.csv,85,85,85,85,85,85,
TCPI.JK,OK,121,121,0,0,0,2025-08-19 13:50:00+07:00,2025-08-19 15:50:00+07:00,,,emiten/cache_1m/TCPI.JK.csv,72,72,72,72,72,72,
TEBE.JK,OK,121,121,0,0,0,2025-08-19 13:50:00+07:00,2025-08-19 15:50:00+07:00,,,emiten/cache_1m/TEBE.JK.csv,56,56,56,56,56,56,
TFAS.JK,OK,121,121,0,0,0,2025-08-19 13:50:00+07:00,2025-08-19 15:50:00+07:00,,,emiten/cache_1m/TFAS.JK.csv,102,102,102,102,102,102,
TFCO.JK,OK,2877,2877,0,0,0,2025-08-11 09:00:00+07:00,2025-08-19 15:50:00+07:00,,,emiten/cache_1m/TFCO.JK.csv,2877,2877,2877,2877,2877,2877,
TGKA.JK,OK,121,121,0,0,0,2025-08-19 13:50:00+07:00,2025-08-19 15:50:00+07:00,,,emiten/cache_1m/TGKA.JK.csv,120,120,120,120,120,120,
TGUK.JK,OK,2877,2877,0,0,0,2025-08-11 09:00:00+07:00,2025-08-19 15:50:00+07:00,,,emiten/cache_1m/TGUK.JK.csv,2877,2877,2877,2877,2877,2877,
TIFA.JK,OK,121,121,0,0,0,2025-08-19 13:50:00+07:00,2025-08-19 15:50:00+07:00,,,emiten/cache_1m/TIFA.JK.csv,39,39,39,39,39,39,
TINS.JK,OK,121,121,0,0,0,2025-08-19 13:50:00+07:00,2025-08-19 15:50:00+07:00,,,emiten/cache_1m/TINS.JK.csv,41,41,41,41,41,41,
TIRA.JK,OK,121,121,0,0,0,2025-08-19 13:50:00+07:00,2025-08-19 15:50:00+07:00,,,emiten/cache_1m/TIRA.JK.csv,6,6,6,6,6,6,
TKIM.JK,OK,121,121,0,0,0,2025-08-19 13:50:00+07:00,2025-08-19 15:50:00+07:00,,,emiten/cache_1m/TKIM.JK.csv,65,65,65,65,65,65,
TLDN.JK,OK,121,121,0,0,0,2025-08-19 13:50:00+07:00,2025-08-19 15:50:00+07:00,,,emiten/cache_1m/TLDN.JK.csv,35,35,35,35,35,35,
TLKM.JK,OK,121,121,0,0,0,2025-08-19 13:50:00+07:00,2025-08-19 15:50:00+07:00,,,emiten/cache_1m/TLKM.JK.csv,2,2,2,2,2,2,
TMAS.JK,OK,121,121,0,0,0,2025-08-19 13:50:00+07:00,2025-08-19 15:50:00+07:00,,,emiten/cache_1m/TMAS.JK.csv,2,2,2,2,2,2,
TMPO.JK,OK,121,121,0,0,0,2025-08-19 13:50:00+07:00,2025-08-19 15:50:00+07:00,,,emiten/cache_1m/TMPO.JK.csv,3,3,3,3,3,3,
TNCA.JK,OK,121,121,0,0,0,2025-08-19 13:50:00+07:00,2025-08-19 15:50:00+07:00,,,emiten/cache_1m/TNCA.JK.csv,3,3,3,3,3,3,
TOBA.JK,OK,121,121,0,0,0,2025-08-19 13:50:00+07:00,2025-08-19 15:50:00+07:00,,,emiten/cache_1m/TOBA.JK.csv,3,3,3,3,3,3,
TOOL.JK,OK,121,121,0,0,0,2025-08-19 13:50:00+07:00,2025-08-19 15:50:00+07:00,,,emiten/cache_1m/TOOL.JK.csv,87,87,87,87,87,87,
TOSK.JK,OK,121,121,0,0,0,2025-08-19 13:50:00+07:00,2025-08-19 15:50:00+07:00,,,emiten/cache_1m/TOSK.JK.csv,5,5,5,5,5,5,
TOTL.JK,OK,121,121,0,0,0,2025-08-19 13:50:00+07:00,2025-08-19 15:50:00+07:00,,,emiten/cache_1m/TOTL.JK.csv,65,65,65,65,65,65,
TOTO.JK,OK,121,121,0,0,0,2025-08-19 13:50:00+07:00,2025-08-19 15:50:00+07:00,,,emiten/cache_1m/TOTO.JK.csv,86,86,86,86,86,86,
TOWR.JK,OK,121,121,0,0,0,2025-08-19 13:50:00+07:00,2025-08-19 15:50:00+07:00,,,emiten/cache_1m/TOWR.JK.csv,3,3,3,3,3,3,
TPIA.JK,OK,121,121,0,0,0,2025-08-19 13:50:00+07:00,2025-08-19 15:50:00+07:00,,,emiten/cache_1m/TPIA.JK.csv,2,2,2,2,2,2,
TPMA.JK,OK,121,121,0,0,0,2025-08-19 13:50:00+07:00,2025-08-19 15:50:00+07:00,,,emiten/cache_1m/TPMA.JK.csv,42,42,42,42,42,42,
TRGU.JK,OK,121,121,0,0,0,2025-08-19 13:50:00+07:00,2025-08-19 15:50:00+07:00,,,emiten/cache_1m/TRGU.JK.csv,119,119,119,119,119,119,
TRIM.JK,OK,121,121,0,0,0,2025-08-19 13:50:00+07:00,2025-08-19 15:50:00+07:00,,,emiten/cache_1m/TRIM.JK.csv,116,116,116,116,116,116,
TRIN.JK,OK,121,121,0,0,0,2025-08-19 13:50:00+07:00,2025-08-19 15:50:00+07:00,,,emiten/cache_1m/TRIN.JK.csv,2,2,2,2,2,2,
TRIS.JK,OK,121,121,0,0,0,2025-08-19 13:50:00+07:00,2025-08-19 15:50:00+07:00,,,emiten/cache_1m/TRIS.JK.csv,111,111,111,111,111,111,
TRJA.JK,OK,121,121,0,0,0,2025-08-19 13:50:00+07:00,2025-08-19 15:50:00+07:00,,,emiten/cache_1m/TRJA.JK.csv,106,106,106,106,106,106,
TRON.JK,OK,121,121,0,0,0,2025-08-19 13:50:00+07:00,2025-08-19 15:50:00+07:00,,,emiten/cache_1m/TRON.JK.csv,73,73,73,73,73,73,
TRST.JK,OK,121,121,0,0,0,2025-08-19 13:50:00+07:00,2025-08-19 15:50:00+07:00,,,emiten/cache_1m/TRST.JK.csv,121,121,121,121,121,121,
TRUK.JK,OK,121,121,0,0,0,2025-08-19 13:50:00+07:00,2025-08-19 15:50:00+07:00,,,emiten/cache_1m/TRUK.JK.csv,107,107,107,107,107,107,
TRUS.JK,OK,121,121,0,0,0,2025-08-19 13:50:00+07:00,2025-08-19 15:50:00+07:00,,,emiten/cache_1m/TRUS.JK.csv,111,111,111,111,111,111,
TSPC.JK,OK,121,121,0,0,0,2025-08-19 13:50:00+07:00,2025-08-19 15:50:00+07:00,,,emiten/cache_1m/TSPC.JK.csv,58,58,58,58,58,58,
TUGU.JK,OK,121,121,0,0,0,2025-08-19 13:50:00+07:00,2025-08-19 15:50:00+07:00,,,emiten/cache_1m/TUGU.JK.csv,76,76,76,76,76,76,
TYRE.JK,OK,121,121,0,0,0,2025-08-19 13:50:00+07:00,2025-08-19 15:50:00+07:00,,,emiten/cache_1m/TYRE.JK.csv,113,113,113,113,113,113,
UANG.JK,OK,2877,2877,0,0,0,2025-08-11 09:00:00+07:00,2025-08-19 15:50:00+07:00,,,emiten/cache_1m/UANG.JK.csv,2340,2340,2340,2340,2340,2340,
UCID.JK,OK,121,121,0,0,0,2025-08-19 13:50:00+07:00,2025-08-19 15:50:00+07:00,,,emiten/cache_1m/UCID.JK.csv,18,18,18,18,18,18,
UDNG.JK,OK,2877,2877,0,0,0,2025-08-11 09:00:00+07:00,2025-08-19 15:50:00+07:00,,,emiten/cache_1m/UDNG.JK.csv,2355,2355,2355,2355,2355,2355,
UFOE.JK,OK,121,121,0,0,0,2025-08-19 13:50:00+07:00,2025-08-19 15:50:00+07:00,,,emiten/cache_1m/UFOE.JK.csv,105,105,105,105,105,105,
ULTJ.JK,OK,121,121,0,0,0,2025-08-19 13:50:00+07:00,2025-08-19 15:50:00+07:00,,,emiten/cache_1m/ULTJ.JK.csv,31,31,31,31,31,31,
UNIC.JK,OK,121,121,0,0,0,2025-08-19 13:50:00+07:00,2025-08-19 15:50:00+07:00,,,emiten/cache_1m/UNIC.JK.csv,118,118,118,118,118,118,
UNIQ.JK,OK,121,121,0,0,0,2025-08-19 13:50:00+07:00,2025-08-19 15:50:00+07:00,,,emiten/cache_1m/UNIQ.JK.csv,57,57,57,57,57,57,
UNSP.JK,OK,121,121,0,0,0,2025-08-19 13:50:00+07:00,2025-08-19 15:50:00+07:00,,,emiten/cache_1m/UNSP.JK.csv,115,115,115,115,115,115,
UNTD.JK,OK,121,121,0,0,0,2025-08-19 13:50:00+07:00,2025-08-19 15:50:00+07:00,,,emiten/cache_1m/UNTD.JK.csv,58,58,58,58,58,58,
UNTR.JK,OK,121,121,0,0,0,2025-08-19 13:50:00+07:00,2025-08-19 15:50:00+07:00,,,emiten/cache_1m/UNTR.JK.csv,2,2,2,2,2,2,
UNVR.JK,OK,121,121,0,0,0,2025-08-19 13:50:00+07:00,2025-08-19 15:50:00+07:00,,,emiten/cache_1m/UNVR.JK.csv,2,2,2,2,2,2,
URBN.JK,OK,121,121,0,0,0,2025-08-19 13:50:00+07:00,2025-08-19 15:50:00+07:00,,,emiten/cache_1m/URBN.JK.csv,82,82,82,82,82,82,
UVCR.JK,OK,121,121,0,0,0,2025-08-19 13:50:00+07:00,2025-08-19 15:50:00+07:00,,,emiten/cache_1m/UVCR.JK.csv,85,85,85,85,85,85,
VAST.JK,OK,121,121,0,0,0,2025-08-19 13:50:00+07:00,2025-08-19 15:50:00+07:00,,,emiten/cache_1m/VAST.JK.csv,63,63,63,63,63,63,
VERN.JK,OK,121,121,0,0,0,2025-08-19 13:50:00+07:00,2025-08-19 15:50:00+07:00,,,emiten/cache_1m/VERN.JK.csv,63,63,63,63,63,63,
VICI.JK,OK,121,121,0,0,0,2025-08-19 13:50:00+07:00,2025-08-19 15:50:00+07:00,,,emiten/cache_1m/VICI.JK.csv,2,2,2,2,2,2,
VICO.JK,OK,121,121,0,0,0,2025-08-19 13:50:00+07:00,2025-08-19 15:50:00+07:00,,,emiten/cache_1m/VICO.JK.csv,88,88,88,88,88,88,
VINS.JK,OK,121,121,0,0,0,2025-08-19 13:50:00+07:00,2025-08-19 15:50:00+07:00,,,emiten/cache_1m/VINS.JK.csv,116,116,116,116,116,116,
VISI.JK,OK,121,121,0,0,0,2025-08-19 13:50:00+07:00,2025-08-19 15:50:00+07:00,,,emiten/cache_1m/VISI.JK.csv,100,100,100,100,100,100,
VKTR.JK,OK,121,121,0,0,0,2025-08-19 13:50:00+07:00,2025-08-19 15:50:00+07:00,,,emiten/cache_1m/VKTR.JK.csv,23,23,23,23,23,23,
VOKS.JK,OK,121,121,0,0,0,2025-08-19 13:50:00+07:00,2025-08-19 15:50:00+07:00,,,emiten/cache_1m/VOKS.JK.csv,120,120,120,120,120,120,
VRNA.JK,OK,121,121,0,0,0,2025-08-19 13:50:00+07:00,2025-08-19 15:50:00+07:00,,,emiten/cache_1m/VRNA.JK.csv,34,34,34,34,34,34,
VTNY.JK,OK,121,121,0,0,0,2025-08-19 13:50:00+07:00,2025-08-19 15:50:00+07:00,,,emiten/cache_1m/VTNY.JK.csv,36,36,36,36,36,36,
WAPO.JK,OK,121,121,0,0,0,2025-08-19 13:50:00+07:00,2025-08-19 15:50:00+07:00,,,emiten/cache_1m/WAPO.JK.csv,27,27,27,27,27,27,
WEGE.JK,OK,121,121,0,0,0,2025-08-19 13:50:00+07:00,2025-08-19 15:50:00+07:00,,,emiten/cache_1m/WEGE.JK.csv,35,35,35,35,35,35,
WEHA.JK,OK,121,121,0,0,0,2025-08-19 13:50:00+07:00,2025-08-19 15:50:00+07:00,,,emiten/cache_1m/WEHA.JK.csv,107,107,107,107,107,107,
WGSH.JK,OK,121,121,0,0,0,2025-08-19 13:50:00+07:00,2025-08-19 15:50:00+07:00,,,emiten/cache_1m/WGSH.JK.csv,106,106,106,106,106,106,
WIFI.JK,OK,121,121,0,0,0,2025-08-19 13:50:00+07:00,2025-08-19 15:50:00+07:00,,,emiten/cache_1m/WIFI.JK.csv,2,2,2,2,2,2,
WIIM.JK,OK,121,121,0,0,0,2025-08-19 13:50:00+07:00,2025-08-19 15:50:00+07:00,,,emiten/cache_1m/WIIM.JK.csv,89,89,89,89,89,89,
WINE.JK,OK,121,121,0,0,0,2025-08-19 13:50:00+07:00,2025-08-19 15:50:00+07:00,,,emiten/cache_1m/WINE.JK.csv,75,75,75,75,75,75,
WINS.JK,OK,121,121,0,0,0,2025-08-19 13:50:00+07:00,2025-08-19 15:50:00+07:00,,,emiten/cache_1m/WINS.JK.csv,2,2,2,2,2,2,
WIRG.JK,OK,121,121,0,0,0,2025-08-19 13:50:00+07:00,2025-08-19 15:50:00+07:00,,,emiten/cache_1m/WIRG.JK.csv,2,2,2,2,2,2,
WOMF.JK,OK,121,121,0,0,0,2025-08-19 13:50:00+07:00,2025-08-19 15:50:00+07:00,,,emiten/cache_1m/WOMF.JK.csv,60,60,60,60,60,60,
WOOD.JK,OK,121,121,0,0,0,2025-08-19 13:50:00+07:00,2025-08-19 15:50:00+07:00,,,emiten/cache_1m/WOOD.JK.csv,67,67,67,67,67,67,
WOWS.JK,OK,121,121,0,0,0,2025-08-19 13:50:00+07:00,2025-08-19 15:50:00+07:00,,,emiten/cache_1m/WOWS.JK.csv,120,120,120,120,120,120,
WTON.JK,OK,121,121,0,0,0,2025-08-19 13:50:00+07:00,2025-08-19 15:50:00+07:00,,,emiten/cache_1m/WTON.JK.csv,68,68,68,68,68,68,
YOII.JK,OK,121,121,0,0,0,2025-08-19 13:50:00+07:00,2025-08-19 15:50:00+07:00,,,emiten/cache_1m/YOII.JK.csv,100,100,100,100,100,100,
YPAS.JK,OK,121,121,0,0,0,2025-08-19 13:50:00+07:00,2025-08-19 15:50:00+07:00,,,emiten/cache_1m/YPAS.JK.csv,121,121,121,121,121,121,
YULE.JK,OK,121,121,0,0,0,2025-08-19 13:50:00+07:00,2025-08-19 15:50:00+07:00,,,emiten/cache_1m/YULE.JK.csv,89,89,89,89,89,89,
YUPI.JK,OK,121,121,0,0,0,2025-08-19 13:50:00+07:00,2025-08-19 15:50:00+07:00,,,emiten/cache_1m/YUPI.JK.csv,106,106,106,106,106,106,
ZBRA.JK,OK,2877,2877,0,0,0,2025-08-11 09:00:00+07:00,2025-08-19 15:50:00+07:00,,,emiten/cache_1m/ZBRA.JK.csv,2877,2877,2877,2877,2877,2877,
ZONE.JK,OK,121,121,0,0,0,2025-08-19 13:50:00+07:00,2025-08-19 15:50:00+07:00,,,emiten/cache_1m/ZONE.JK.csv,29,29,29,29,29,29,
ZYRX.JK,OK,121,121,0,0,0,2025-08-19 13:50:00+07:00,2025-08-19 15:50:00+07:00,,,emiten/cache_1m/ZYRX.JK.csv,30,30,30,30,30,30,
